content_id,client_id,pred_proba,confidence_tier,reason_code,is_declining_label
content_d0cadc3e2773,client_434c9b5ae5,0.8432780064007225,high,falls in the 31-90-day freshness bracket,0
content_c84a0ab98e90,client_f369cb89fc,0.8374516807593121,high,low prior search visibility,0
content_3d6236696109,client_434c9b5ae5,0.8348120185591633,high,falls in the 31-90-day freshness bracket,0
content_f562786a3f25,client_434c9b5ae5,0.8335950812209811,high,falls in the 31-90-day freshness bracket,1
content_ddf7d7516f0f,client_434c9b5ae5,0.8325664990400589,high,falls in the 31-90-day freshness bracket,1
content_4ef69f179958,client_434c9b5ae5,0.8323313966078035,high,falls in the 31-90-day freshness bracket,0
content_e5b7ee456c43,client_434c9b5ae5,0.832323695368518,high,falls in the 31-90-day freshness bracket,1
content_e906960b0d12,client_434c9b5ae5,0.8300249009113387,high,falls in the 31-90-day freshness bracket,0
content_bf212b1edf1a,client_434c9b5ae5,0.8300017721919768,high,falls in the 31-90-day freshness bracket,1
content_2f51ca262e66,client_434c9b5ae5,0.8262153124333194,high,falls in the 31-90-day freshness bracket,0
content_14adfd402445,client_434c9b5ae5,0.8246558875887541,high,falls in the 31-90-day freshness bracket,0
content_809b527bca22,client_434c9b5ae5,0.8245874958315463,high,falls in the 31-90-day freshness bracket,0
content_1c5b4e73b153,client_434c9b5ae5,0.8226774950091231,high,falls in the 31-90-day freshness bracket,1
content_34b33e6b67e1,client_434c9b5ae5,0.822465127253899,high,falls in the 31-90-day freshness bracket,0
content_3d758391f2d4,client_434c9b5ae5,0.8224247725879203,high,falls in the 31-90-day freshness bracket,0
content_cb385644ae55,client_434c9b5ae5,0.8216117696858083,high,falls in the 31-90-day freshness bracket,1
content_db9707562907,client_434c9b5ae5,0.8215516974357707,high,falls in the 31-90-day freshness bracket,1
content_f26254fad8aa,client_434c9b5ae5,0.8214312910209856,high,falls in the 31-90-day freshness bracket,0
content_178b0367d8f4,client_434c9b5ae5,0.821034278018299,high,falls in the 31-90-day freshness bracket,1
content_1b8d40b05698,client_434c9b5ae5,0.8208984939695968,high,falls in the 31-90-day freshness bracket,0
content_7947d714b3b3,client_434c9b5ae5,0.8197236697013331,high,falls in the 31-90-day freshness bracket,1
content_b925c292d21b,client_bdd2d3af3a,0.8196727026175418,high,falls in the 31-90-day freshness bracket,1
content_696f7cd298e3,client_434c9b5ae5,0.8196305630007763,high,falls in the 31-90-day freshness bracket,1
content_554675403de2,client_434c9b5ae5,0.8195546771703853,high,falls in the 31-90-day freshness bracket,1
content_083bac35aa08,client_434c9b5ae5,0.8194781337796702,high,falls in the 31-90-day freshness bracket,0
content_ab87b527fbea,client_434c9b5ae5,0.819375014071331,high,falls in the 31-90-day freshness bracket,1
content_a5dbb404bdc2,client_f369cb89fc,0.8183826936026839,high,hasn't been refreshed in a while,0
content_a6b8c4fb779b,client_f369cb89fc,0.8182024949142366,high,falls in the 31-90-day freshness bracket,1
content_e5bcdfaadccd,client_434c9b5ae5,0.8181909090580792,high,falls in the 31-90-day freshness bracket,1
content_60f028266daa,client_f369cb89fc,0.817956116705811,high,falls in the 31-90-day freshness bracket,0
content_24c504b57001,client_434c9b5ae5,0.817639230895742,high,falls in the 31-90-day freshness bracket,1
content_31c4d526956d,client_434c9b5ae5,0.8171986209431797,high,falls in the 31-90-day freshness bracket,1
content_41eb625c4aca,client_434c9b5ae5,0.8160258092181049,high,falls in the 31-90-day freshness bracket,1
content_33ddda1a8c7a,client_bdd2d3af3a,0.8148029621199976,high,falls in the 31-90-day freshness bracket,1
content_73c54f78c06a,client_f369cb89fc,0.8144764490252906,high,low prior search visibility,0
content_0628102f4044,client_434c9b5ae5,0.8107833929401971,high,falls in the 31-90-day freshness bracket,1
content_39881853ef0c,client_f369cb89fc,0.8097333647290531,high,low prior search visibility,1
content_9066e7c9a8ba,client_434c9b5ae5,0.809534447039269,high,falls in the 31-90-day freshness bracket,0
content_24706e54a64c,client_434c9b5ae5,0.8085986785560502,high,falls in the 31-90-day freshness bracket,1
content_5773c94c67f5,client_434c9b5ae5,0.8068562169342919,high,falls in the 31-90-day freshness bracket,1
content_34c0c51255aa,client_434c9b5ae5,0.7994357767158996,high,falls in the 31-90-day freshness bracket,0
content_5fe46e04994d,client_4e07408562,0.799038045221717,high,low prior search visibility,1
content_e3de4ddde194,client_434c9b5ae5,0.7987657727886915,high,falls in the 31-90-day freshness bracket,0
content_abe37bcc8db9,client_434c9b5ae5,0.7968011662852521,high,falls in the 31-90-day freshness bracket,1
content_cbffee46b629,client_f369cb89fc,0.7939177156557542,high,hasn't been refreshed in a while,1
content_ef9bdd92b523,client_8527a891e2,0.7919749918539062,high,hasn't been refreshed in a while,0
content_6ac3ab740bbf,client_f369cb89fc,0.787261959735657,high,hasn't been refreshed in a while,1
content_c8300a2e0cfa,client_8527a891e2,0.7868392046127916,high,hasn't been refreshed in a while,1
content_c65ee459f729,client_f369cb89fc,0.7825559458089385,high,hasn't been refreshed in a while,1
content_8d3971bfd976,client_f369cb89fc,0.781816610774147,high,low prior search visibility,1
content_84c5f6af423c,client_8527a891e2,0.7795733569070128,high,hasn't been refreshed in a while,0
content_124103b6a88e,client_8527a891e2,0.7795672412588549,high,hasn't been refreshed in a while,0
content_661e0e54bdd8,client_8527a891e2,0.7785004033971492,high,hasn't been refreshed in a while,0
content_0ea80678706d,client_f369cb89fc,0.7784258085888733,high,hasn't been refreshed in a while,0
content_829c68e60d13,client_f369cb89fc,0.7782757143072159,high,hasn't been refreshed in a while,1
content_b08562686d22,client_f369cb89fc,0.7781750984501161,high,hasn't been refreshed in a while,1
content_217ab13a19c2,client_8527a891e2,0.7778084130142925,high,hasn't been refreshed in a while,0
content_4d6923d17c10,client_8527a891e2,0.7771593960797492,high,hasn't been refreshed in a while,1
content_624b2fd8dca5,client_8527a891e2,0.7767558643842595,high,hasn't been refreshed in a while,0
content_b2df860b928d,client_8527a891e2,0.7766887334489689,high,hasn't been refreshed in a while,1
content_1de940de6ed3,client_8527a891e2,0.7748020816078711,high,hasn't been refreshed in a while,0
content_26d48a980581,client_f369cb89fc,0.7728036720820309,high,hasn't been refreshed in a while,0
content_1e445ab8e155,client_8527a891e2,0.7715007350259387,high,hasn't been refreshed in a while,0
content_4688b93476a1,client_8527a891e2,0.7703739846540003,high,hasn't been refreshed in a while,1
content_94feac677ec4,client_f369cb89fc,0.7691850838530102,high,hasn't been refreshed in a while,0
content_29717601b959,client_8527a891e2,0.7689739351001248,high,falls in the 31-90-day age bracket,0
content_b35a7acdc3a8,client_8527a891e2,0.7688457380742625,high,falls in the 31-90-day age bracket,0
content_035b17df40a9,client_8527a891e2,0.7643607932279706,high,falls in the 31-90-day age bracket,0
content_213de49d5c4b,client_8527a891e2,0.7642228110065297,high,falls in the 31-90-day age bracket,0
content_e31bcb95fda5,client_8527a891e2,0.7626193121919448,high,hasn't been refreshed in a while,0
content_729cc06d3477,client_8527a891e2,0.7619172786323514,high,hasn't been refreshed in a while,0
content_9a1cd75f0ee6,client_8527a891e2,0.7600164116957117,high,hasn't been refreshed in a while,1
content_27a2fd237adb,client_8527a891e2,0.758139391800904,high,falls in the 31-90-day age bracket,1
content_c858cef28937,client_8527a891e2,0.758078078270991,high,falls in the 31-90-day age bracket,1
content_452a4e18212c,client_f369cb89fc,0.7567938699379745,high,hasn't been refreshed in a while,1
content_a10111bc536d,client_8527a891e2,0.7565796920698997,high,hasn't been refreshed in a while,0
content_df1e8cee858c,client_f369cb89fc,0.7551253127816253,high,hasn't been refreshed in a while,1
content_7764f406228e,client_8527a891e2,0.7550304157648716,high,hasn't been refreshed in a while,1
content_9b28cf5ae4f3,client_f369cb89fc,0.7547838426681797,high,hasn't been refreshed in a while,1
content_fb5d45e07ce9,client_8527a891e2,0.7542672869129452,high,falls in the 31-90-day age bracket,1
content_24b8d8860ad9,client_8527a891e2,0.7530536690408234,high,hasn't been refreshed in a while,0
content_5eabfc22996f,client_8527a891e2,0.7529802722681189,high,hasn't been refreshed in a while,1
content_5020ecbfa404,client_8527a891e2,0.7529263023221712,high,hasn't been refreshed in a while,1
content_454ad2864776,client_f369cb89fc,0.7517714013036703,high,hasn't been refreshed in a while,1
content_6b5f0ad50076,client_8527a891e2,0.7517663412910702,high,hasn't been refreshed in a while,0
content_b774a3d92c71,client_8527a891e2,0.7515021404180611,high,falls in the 31-90-day age bracket,1
content_ec9134ab6c04,client_bdd2d3af3a,0.7511294510687899,high,falls in the 31-90-day age bracket,0
content_336505277c39,client_8527a891e2,0.750810730025997,high,hasn't been refreshed in a while,1
content_ebc1218e6383,client_f369cb89fc,0.7507748152605247,high,hasn't been refreshed in a while,1
content_66e131a41173,client_8527a891e2,0.7505100718965869,high,hasn't been refreshed in a while,0
content_97ec8ce69833,client_8527a891e2,0.7503453959334804,high,hasn't been refreshed in a while,0
content_e3a34c1706cf,client_8527a891e2,0.7499862276113385,high,hasn't been refreshed in a while,1
content_f68bcc71c8f5,client_8527a891e2,0.7494978462491243,high,hasn't been refreshed in a while,0
content_b6f781c2cfc5,client_8527a891e2,0.7491812553823766,high,falls in the 31-90-day age bracket,0
content_611615ca6d4a,client_8527a891e2,0.7490467350052096,high,hasn't been refreshed in a while,1
content_84bc4706ba53,client_8527a891e2,0.7487348417932003,high,falls in the 31-90-day age bracket,1
content_83100747c9cb,client_8527a891e2,0.7479613701373834,high,hasn't been refreshed in a while,0
content_58c4b92b92aa,client_8527a891e2,0.7478959416739556,high,hasn't been refreshed in a while,0
content_1b2599d94e29,client_8527a891e2,0.7475829787186843,high,hasn't been refreshed in a while,0
content_a860ee9e7ae4,client_8527a891e2,0.74753794626487,high,hasn't been refreshed in a while,1
content_3d25f2a8e2ff,client_8527a891e2,0.7471852976028138,high,falls in the 31-90-day age bracket,1
content_ea8a83a2510c,client_8527a891e2,0.7468531620327907,high,hasn't been refreshed in a while,0
content_48cecb04b88e,client_8527a891e2,0.7465137866289073,high,hasn't been refreshed in a while,1
content_dc0eaf635a88,client_8527a891e2,0.7464241339025277,high,hasn't been refreshed in a while,0
content_72d7cb87d6e0,client_8527a891e2,0.7463415024324378,high,falls in the 31-90-day age bracket,1
content_793b7376a0e5,client_8527a891e2,0.746270212404422,high,falls in the 31-90-day age bracket,1
content_9eb3f1242600,client_8527a891e2,0.7456870829100557,high,falls in the 31-90-day age bracket,0
content_45b7ba1087e0,client_8527a891e2,0.7454834145546609,high,hasn't been refreshed in a while,0
content_3a470a752d01,client_8527a891e2,0.7451705368670358,high,hasn't been refreshed in a while,1
content_dcd38075ec2c,client_8527a891e2,0.7449398681087691,high,hasn't been refreshed in a while,0
content_c9fff7c4660c,client_8527a891e2,0.7448317301026313,high,hasn't been refreshed in a while,0
content_66a116641435,client_8b940be7fb,0.7444678900917958,high,falls in the 31-90-day age bracket,0
content_c52c90c985dd,client_8527a891e2,0.7443371963410308,high,hasn't been refreshed in a while,0
content_484c921cf398,client_bdd2d3af3a,0.7441733182229109,high,falls in the 31-90-day age bracket,0
content_f5bea636bfbb,client_8527a891e2,0.7438535013621621,high,hasn't been refreshed in a while,0
content_73ea2e79f832,client_8527a891e2,0.743842820412047,high,hasn't been refreshed in a while,0
content_b1f6e3157229,client_8527a891e2,0.7433867170408796,high,hasn't been refreshed in a while,0
content_0951779fa0ca,client_8527a891e2,0.7428873395366076,high,falls in the 31-90-day age bracket,1
content_453722754fea,client_f369cb89fc,0.7428742145796258,high,low prior search visibility,1
content_701d4ba4e25d,client_8527a891e2,0.7428557970170969,high,falls in the 31-90-day age bracket,0
content_082eb79ae608,client_8527a891e2,0.7420061594365067,high,hasn't been refreshed in a while,0
content_6a552ab4e642,client_8527a891e2,0.7418697691107491,high,falls in the 31-90-day age bracket,1
content_1b7188b37ffc,client_8527a891e2,0.7412916228297858,high,hasn't been refreshed in a while,1
content_5c7a9bd6cbfe,client_8527a891e2,0.7412098832314038,high,hasn't been refreshed in a while,0
content_3360183fec42,client_8527a891e2,0.7407972328244964,high,hasn't been refreshed in a while,1
content_da3f2c1bef3f,client_8527a891e2,0.7407872993337902,high,hasn't been refreshed in a while,1
content_881635edbf8b,client_8527a891e2,0.7405518243864513,high,hasn't been refreshed in a while,0
content_31e9e68e79fd,client_8527a891e2,0.7404235673558033,high,falls in the 31-90-day age bracket,0
content_57efee64224c,client_8527a891e2,0.7403092544072175,high,falls in the 31-90-day age bracket,0
content_c4e07dca1672,client_8527a891e2,0.7399747246151498,high,falls in the 31-90-day age bracket,0
content_a0e0cffaef37,client_8527a891e2,0.7396700090220811,high,hasn't been refreshed in a while,1
content_76aa050d1556,client_8527a891e2,0.7391812914345433,high,falls in the 31-90-day age bracket,1
content_2db251d1a841,client_f369cb89fc,0.739127995982996,high,low prior search visibility,0
content_0ae004d4a60f,client_8527a891e2,0.7388546050900042,high,hasn't been refreshed in a while,0
content_fc48c1737c57,client_8527a891e2,0.7387661511815367,high,hasn't been refreshed in a while,0
content_9a5b8476eb7b,client_f369cb89fc,0.7385693435250349,high,hasn't been refreshed in a while,1
content_38bab00f71e2,client_8527a891e2,0.7383086571113954,high,hasn't been refreshed in a while,0
content_ebdf79b83122,client_8527a891e2,0.7380900506939432,high,falls in the 31-90-day age bracket,0
content_b57e67ce3012,client_8527a891e2,0.7380730374020498,high,falls in the 31-90-day age bracket,1
content_c5f79bf532f3,client_8527a891e2,0.7376453826438242,high,hasn't been refreshed in a while,0
content_142a53c529dc,client_8b940be7fb,0.7373911959032741,high,falls in the 31-90-day age bracket,1
content_ecef382bc4ff,client_f369cb89fc,0.7366207022465912,high,hasn't been refreshed in a while,1
content_9903cd8c08ee,client_8527a891e2,0.736573565910196,high,hasn't been refreshed in a while,1
content_fbad54d7a5dc,client_8527a891e2,0.7363394674885695,high,falls in the 31-90-day age bracket,1
content_82800baa94be,client_bdd2d3af3a,0.7358188851513174,high,falls in the 31-90-day age bracket,0
content_584e85b1ef21,client_8527a891e2,0.7355989737588567,high,hasn't been refreshed in a while,1
content_a200afcd5609,client_8527a891e2,0.7354708442114173,high,hasn't been refreshed in a while,0
content_1505ce3bb377,client_8527a891e2,0.7353967736700626,high,hasn't been refreshed in a while,0
content_d62bcceebda5,client_8527a891e2,0.7353967599844987,high,falls in the 31-90-day age bracket,1
content_08680a075d9f,client_8527a891e2,0.7349983250216908,high,hasn't been refreshed in a while,1
content_da708a6f57ff,client_8527a891e2,0.7349814385600036,high,hasn't been refreshed in a while,1
content_5bfda3888862,client_8b940be7fb,0.7349653184058482,high,falls in the 31-90-day age bracket,1
content_1033787c1e0e,client_8527a891e2,0.734930837897819,high,hasn't been refreshed in a while,1
content_474bc8a4a3cb,client_8527a891e2,0.7348075129514303,high,hasn't been refreshed in a while,1
content_6dfc96ae463c,client_8527a891e2,0.7342426963686913,high,falls in the 31-90-day age bracket,1
content_b84cb2300d9d,client_f369cb89fc,0.733726748441437,high,hasn't been refreshed in a while,1
content_323d0bdf7077,client_f369cb89fc,0.7333856198098483,high,hasn't been refreshed in a while,1
content_ce5eefe9fae2,client_f369cb89fc,0.732587478498983,high,hasn't been refreshed in a while,0
content_68679a49bd03,client_8527a891e2,0.7324026449066234,high,falls in the 31-90-day age bracket,0
content_1980254ef582,client_8527a891e2,0.7322798832793626,high,hasn't been refreshed in a while,1
content_e5705e13fa26,client_8527a891e2,0.7317095786333315,high,hasn't been refreshed in a while,1
content_f1303b831387,client_8527a891e2,0.731661302918368,high,hasn't been refreshed in a while,0
content_547a2f6dee80,client_8527a891e2,0.7311417119514039,high,hasn't been refreshed in a while,0
content_fd93c477fff0,client_f369cb89fc,0.7306941410528316,high,hasn't been refreshed in a while,0
content_182836721d18,client_8b940be7fb,0.7306121447164191,high,falls in the 31-90-day age bracket,0
content_f3592d7f19d6,client_8527a891e2,0.7305058309542883,high,falls in the 31-90-day age bracket,0
content_d635a5c1b4a6,client_8527a891e2,0.7303131044305248,high,hasn't been refreshed in a while,1
content_f4e4a8ee9d37,client_8b940be7fb,0.7302123252436035,high,falls in the 31-90-day age bracket,0
content_09227e80fef5,client_8527a891e2,0.7296903750194144,high,hasn't been refreshed in a while,0
content_643b51c0a848,client_8527a891e2,0.7296643352796829,high,hasn't been refreshed in a while,1
content_bfaae780ea05,client_8527a891e2,0.729481171219487,high,hasn't been refreshed in a while,1
content_93cf86dd5856,client_8527a891e2,0.7294446741204695,high,falls in the 31-90-day age bracket,0
content_3b53d042f230,client_8527a891e2,0.7293156240974663,high,hasn't been refreshed in a while,1
content_3450b1d3ade7,client_8527a891e2,0.7292546382697414,high,hasn't been refreshed in a while,0
content_62541a94734a,client_8527a891e2,0.7291159360408643,high,hasn't been refreshed in a while,0
content_b7553fdf4ef1,client_8527a891e2,0.7289693774505149,high,hasn't been refreshed in a while,1
content_b045313ddc67,client_8527a891e2,0.7287111156877809,high,falls in the 31-90-day age bracket,0
content_25ff6043653f,client_8527a891e2,0.7285639615553017,high,hasn't been refreshed in a while,0
content_ecda3e69d92d,client_bdd2d3af3a,0.7285577873014264,high,falls in the 31-90-day age bracket,0
content_5a2c8f6bafa5,client_8527a891e2,0.7281216508216836,high,hasn't been refreshed in a while,1
content_201a4a56f4d6,client_8527a891e2,0.7276717908751538,high,hasn't been refreshed in a while,0
content_2200a477481d,client_8527a891e2,0.7275631522130483,high,hasn't been refreshed in a while,0
content_c73439529814,client_8527a891e2,0.7271699892963609,high,falls in the 31-90-day age bracket,0
content_72c8c4a76ef1,client_8527a891e2,0.7271505453103524,high,hasn't been refreshed in a while,0
content_901b40631379,client_8527a891e2,0.7268054520143686,high,hasn't been refreshed in a while,1
content_fc1213c8f132,client_8527a891e2,0.7257374368464817,high,hasn't been refreshed in a while,0
content_fe8a79d80cfb,client_8527a891e2,0.7256545738653798,high,falls in the 31-90-day age bracket,0
content_f6227c12b17b,client_8527a891e2,0.7253955411800984,high,falls in the 31-90-day age bracket,1
content_56b41848af2d,client_8527a891e2,0.7253780476484415,high,hasn't been refreshed in a while,1
content_b20d97950e9d,client_8527a891e2,0.7240043153023041,high,hasn't been refreshed in a while,0
content_0cce6a2fb242,client_8527a891e2,0.7238313248363953,high,hasn't been refreshed in a while,0
content_e8699111381e,client_8527a891e2,0.7235480033560062,high,falls in the 31-90-day age bracket,1
content_b2c531fd32f1,client_8527a891e2,0.7230003295338883,high,hasn't been refreshed in a while,0
content_55a06edcc229,client_8527a891e2,0.7227132338105292,high,falls in the 31-90-day age bracket,0
content_e1e60f196c3f,client_8527a891e2,0.7225649716556607,high,falls in the 31-90-day age bracket,1
content_1123b27c2c89,client_8b940be7fb,0.7225179861061669,high,falls in the 31-90-day age bracket,1
content_6001c2eabb75,client_8527a891e2,0.7225007275234998,high,hasn't been refreshed in a while,0
content_7fa278a3cfeb,client_8527a891e2,0.7221674309333147,high,falls in the 31-90-day age bracket,0
content_ff7f46bd2c17,client_8527a891e2,0.7215358543001843,high,falls in the 31-90-day age bracket,0
content_bfc905a9dcb9,client_8527a891e2,0.7215204814883869,high,falls in the 31-90-day age bracket,0
content_beaff0b75e20,client_8527a891e2,0.7215019555440302,high,hasn't been refreshed in a while,1
content_8f14317ab383,client_8527a891e2,0.7210470920575718,high,hasn't been refreshed in a while,0
content_02c4842fefe7,client_8527a891e2,0.7208563807289491,high,hasn't been refreshed in a while,0
content_843cd874df3d,client_8527a891e2,0.7206087642558818,high,falls in the 31-90-day age bracket,0
content_f4112cc1e668,client_8527a891e2,0.72051096021269,high,hasn't been refreshed in a while,0
content_55d970081c8a,client_8527a891e2,0.7204635880797426,high,hasn't been refreshed in a while,0
content_873843eb5aa4,client_8527a891e2,0.7200489341412076,high,falls in the 31-90-day age bracket,0
content_9935b649795f,client_8527a891e2,0.7199340496307722,high,hasn't been refreshed in a while,1
content_0cacab840128,client_8527a891e2,0.7198309518189049,high,falls in the 31-90-day age bracket,0
content_3408f65286e4,client_8527a891e2,0.7197915954085704,high,hasn't been refreshed in a while,1
content_dbbce65d444a,client_8527a891e2,0.7197371827315804,high,falls in the 31-90-day age bracket,0
content_7e1f78c66a44,client_8527a891e2,0.7196368650882947,high,hasn't been refreshed in a while,0
content_d0b3aef66944,client_8527a891e2,0.7195094366680377,high,hasn't been refreshed in a while,1
content_676074f0d01d,client_8527a891e2,0.7193723426760447,high,hasn't been refreshed in a while,0
content_b2a6bd1b302a,client_8527a891e2,0.71926287173977,high,hasn't been refreshed in a while,0
content_e0720ca9366c,client_8527a891e2,0.7190273525535646,high,hasn't been refreshed in a while,1
content_5888602cf5d2,client_8527a891e2,0.7189069560182543,high,falls in the 31-90-day age bracket,1
content_96fa31b9f575,client_8527a891e2,0.7188781458751489,high,hasn't been refreshed in a while,1
content_20d5286b9afa,client_8527a891e2,0.7186985290374853,high,hasn't been refreshed in a while,1
content_488f346b4086,client_8527a891e2,0.7186548204586113,high,hasn't been refreshed in a while,0
content_b0d74ee35a20,client_8527a891e2,0.7186135652895108,high,hasn't been refreshed in a while,0
content_43756d6227dd,client_8527a891e2,0.7186100696018586,high,hasn't been refreshed in a while,1
content_a20142196d17,client_8527a891e2,0.7184786003863987,high,hasn't been refreshed in a while,0
content_2ed48493988d,client_8527a891e2,0.7183884407330934,high,falls in the 31-90-day age bracket,1
content_c64d980fa748,client_8527a891e2,0.7182846519410442,high,falls in the 31-90-day age bracket,1
content_bfd5fbed5749,client_8527a891e2,0.7182268072600595,high,hasn't been refreshed in a while,0
content_9c5cac171e63,client_8527a891e2,0.7181392377640808,high,hasn't been refreshed in a while,1
content_884c401ce126,client_8527a891e2,0.718117423602969,high,hasn't been refreshed in a while,0
content_5a639aa6d642,client_8527a891e2,0.7180306668221296,high,hasn't been refreshed in a while,0
content_ef77ee9f9266,client_8527a891e2,0.7178395625122441,high,hasn't been refreshed in a while,1
content_837c4ebfd762,client_8527a891e2,0.7177742354774832,high,hasn't been refreshed in a while,1
content_b3e1de4781f5,client_8527a891e2,0.7177536606299239,high,hasn't been refreshed in a while,0
content_038770d29101,client_8527a891e2,0.7177494531478239,high,falls in the 31-90-day age bracket,1
content_08366e95bd39,client_8527a891e2,0.7175604017810057,high,hasn't been refreshed in a while,1
content_bc09378360ac,client_8527a891e2,0.7171931623961071,high,falls in the 31-90-day age bracket,1
content_dea0d86223f3,client_8527a891e2,0.7171047909769098,high,hasn't been refreshed in a while,0
content_1da5699a918e,client_8b940be7fb,0.7169771363779711,high,falls in the 31-90-day age bracket,1
content_2d953d501d3c,client_8527a891e2,0.7169248264942273,high,hasn't been refreshed in a while,0
content_7171b15dd9f9,client_8527a891e2,0.716922682493191,high,hasn't been refreshed in a while,1
content_4a078332f41c,client_8527a891e2,0.7168552419107093,high,hasn't been refreshed in a while,1
content_7751a002ea43,client_8527a891e2,0.7164767241481419,high,hasn't been refreshed in a while,0
content_da1c25c60d66,client_8527a891e2,0.7164125792035437,high,hasn't been refreshed in a while,0
content_e90aee89497a,client_8527a891e2,0.7163989987013096,high,falls in the 31-90-day age bracket,1
content_29ca977d3a23,client_8527a891e2,0.7163285123744667,high,hasn't been refreshed in a while,0
content_e6bf9b5ad60b,client_8527a891e2,0.7162245292241569,high,falls in the 31-90-day age bracket,0
content_aef354fe0cbd,client_f369cb89fc,0.7161985954993616,high,hasn't been refreshed in a while,0
content_ecff98594133,client_8527a891e2,0.716065802200613,high,falls in the 31-90-day age bracket,1
content_fb301c227850,client_8527a891e2,0.7159283712807987,high,falls in the 31-90-day age bracket,0
content_e5a9e727df95,client_8527a891e2,0.7158521015281335,high,hasn't been refreshed in a while,0
content_80b6497c3f9d,client_8527a891e2,0.7157821948994214,high,hasn't been refreshed in a while,0
content_3261a57ccfeb,client_8527a891e2,0.7157382864629274,high,hasn't been refreshed in a while,1
content_a77122a79b78,client_8527a891e2,0.7156096919888025,high,hasn't been refreshed in a while,1
content_53a867205de3,client_8527a891e2,0.7153702530449896,high,falls in the 31-90-day age bracket,1
content_875e75577eee,client_8527a891e2,0.7150662784567319,high,hasn't been refreshed in a while,1
content_1a46f575e474,client_8527a891e2,0.714661926420042,high,hasn't been refreshed in a while,0
content_2a228ce7aa1b,client_8527a891e2,0.7146582425889773,high,hasn't been refreshed in a while,1
content_1bdbccd74939,client_bdd2d3af3a,0.7145750649007212,high,falls in the 31-90-day age bracket,1
content_8ec395d92334,client_8527a891e2,0.7145024024445524,high,hasn't been refreshed in a while,0
content_300c70929b3f,client_8527a891e2,0.7140459811456759,high,falls in the 31-90-day age bracket,1
content_59d8f372c6f6,client_8527a891e2,0.7140103562093407,high,falls in the 31-90-day age bracket,1
content_72f65ab80b1d,client_bdd2d3af3a,0.7139597661382662,high,falls in the 31-90-day age bracket,1
content_65ce101bd739,client_8527a891e2,0.7128582581288769,high,hasn't been refreshed in a while,0
content_603c3519a065,client_8527a891e2,0.7114258230219159,high,hasn't been refreshed in a while,1
content_d4d0b65e5582,client_8527a891e2,0.7111101181286297,high,falls in the 31-90-day age bracket,1
content_ced8288da781,client_bdd2d3af3a,0.7110628635650503,high,falls in the 31-90-day age bracket,1
content_093db3119b96,client_8527a891e2,0.7106411640624652,high,hasn't been refreshed in a while,0
content_82ec46d63e74,client_8527a891e2,0.7090412415519265,high,falls in the 31-90-day age bracket,0
content_4224b96648d2,client_8b940be7fb,0.7089954623912726,high,falls in the 31-90-day age bracket,0
content_56554b7e77eb,client_8527a891e2,0.7086074598851534,high,falls in the 31-90-day age bracket,1
content_74b78c2e3b4b,client_8527a891e2,0.7068822698964823,high,falls in the 31-90-day age bracket,0
content_5723e05acdc6,client_8527a891e2,0.7045596298539313,high,falls in the 31-90-day age bracket,1
content_08c809c7ef99,client_8527a891e2,0.704477043401732,high,falls in the 31-90-day age bracket,0
content_c447b66461f8,client_8527a891e2,0.7032631395499597,high,falls in the 31-90-day age bracket,1
content_e2a8dcfda805,client_f369cb89fc,0.7026766538223423,high,one of the older pages in the set,1
content_8cd5e69964ce,client_8b940be7fb,0.7020979148317915,high,falls in the 31-90-day age bracket,0
content_16faf1fd0e10,client_8527a891e2,0.7020774550563877,high,falls in the 31-90-day age bracket,0
content_97ecde118135,client_f369cb89fc,0.7019686678350673,high,unknown intent content,1
content_bf658584d14d,client_f369cb89fc,0.7015146555503936,high,one of the older pages in the set,1
content_0a631257482b,client_f369cb89fc,0.7011050602324133,high,unknown intent content,1
content_2ceef0464663,client_f369cb89fc,0.7010945376976386,high,unknown intent content,1
content_b7a310a51128,client_f369cb89fc,0.7009304724466104,high,unknown intent content,1
content_6430c384931f,client_f369cb89fc,0.7003384141807844,high,unknown intent content,1
content_dd3e4df749a3,client_f369cb89fc,0.7001745157629844,high,unknown intent content,1
content_ef324be709a5,client_8527a891e2,0.7001189996072347,high,falls in the 31-90-day age bracket,0
content_5e03e22bdd98,client_8527a891e2,0.6998184006714503,high,one of the older pages in the set,1
content_09f654d4117a,client_f369cb89fc,0.6997985940783401,high,unknown intent content,1
content_8734ef61fd7b,client_f369cb89fc,0.6997506527744823,high,unknown intent content,0
content_02b637872930,client_f369cb89fc,0.6994995147958688,high,unknown intent content,0
content_49001e07f686,client_f369cb89fc,0.6994623194446467,high,unknown intent content,0
content_0f2016e46347,client_f369cb89fc,0.6993936681732988,high,unknown intent content,0
content_1ff47abbc82b,client_f369cb89fc,0.6990508133530934,high,unknown intent content,0
content_3e6b7a62d22e,client_8b940be7fb,0.6989596786810849,high,falls in the 31-90-day age bracket,0
content_7107cf349e26,client_f369cb89fc,0.698806847035807,high,unknown intent content,1
content_2d33a679ef65,client_8527a891e2,0.6987955783377907,high,falls in the 31-90-day age bracket,1
content_7bf733e787cb,client_8527a891e2,0.6978152830431132,high,one of the older pages in the set,1
content_ab6b07a70c51,client_8527a891e2,0.6977293691158161,high,falls in the 31-90-day age bracket,1
content_424ff4ad540a,client_f369cb89fc,0.6974413229478522,high,unknown intent content,0
content_8094eccaeb0a,client_f369cb89fc,0.6970517782928723,high,one of the older pages in the set,1
content_e377739a982d,client_f369cb89fc,0.6957596852945077,high,unknown intent content,0
content_f6b05f1a673a,client_8527a891e2,0.6946336200447093,high,falls in the 31-90-day age bracket,1
content_a2724f91a165,client_f369cb89fc,0.6941252917045614,high,one of the older pages in the set,1
content_a8c40fb2c87a,client_8527a891e2,0.693876887465013,high,one of the older pages in the set,1
content_96dc9018b2c9,client_bdd2d3af3a,0.6936673026629393,high,falls in the 31-90-day age bracket,0
content_6455e78f389f,client_f369cb89fc,0.6935049501979174,high,unknown intent content,1
content_25f7bcf2a206,client_f369cb89fc,0.6925478710269313,high,one of the older pages in the set,1
content_3ca6b7126623,client_8527a891e2,0.6924116068894263,high,one of the older pages in the set,0
content_c96be0d60f4d,client_8527a891e2,0.6918025329003676,high,one of the older pages in the set,0
content_bfeab0d95550,client_f369cb89fc,0.6911774005354329,high,one of the older pages in the set,1
content_3587f30c8750,client_8527a891e2,0.6907036056065675,high,one of the older pages in the set,1
content_f6ae0f36d70d,client_f369cb89fc,0.6904022389244903,high,one of the older pages in the set,0
content_f155a0aa9e9e,client_434c9b5ae5,0.6902596732299965,high,navigational intent content,1
content_c97ce8d47eef,client_f369cb89fc,0.6891929173758005,high,one of the older pages in the set,1
content_b0d2cb4e73a0,client_8527a891e2,0.6886969324498871,high,one of the older pages in the set,1
content_706708d55936,client_8527a891e2,0.6874225717992251,high,one of the older pages in the set,0
content_ab021a40c0da,client_8527a891e2,0.6860261832990995,high,one of the older pages in the set,1
content_515f11d36816,client_f369cb89fc,0.6857847281796178,high,one of the older pages in the set,1
content_a553f5358ee1,client_8527a891e2,0.6856919010806146,high,one of the older pages in the set,0
content_5d2f707b88e8,client_434c9b5ae5,0.684724221629909,high,navigational intent content,0
content_639b9e356f82,client_bdd2d3af3a,0.6842699855373315,high,falls in the 31-90-day age bracket,1
content_7bc20bc8263b,client_8527a891e2,0.6841761460792729,high,one of the older pages in the set,1
content_b51992d6cbc2,client_f369cb89fc,0.6834041790579757,high,one of the older pages in the set,1
content_e5f459e737b7,client_f369cb89fc,0.6831597133703319,high,targets a highly competitive keyword,1
content_147608c766c3,client_8527a891e2,0.6825357093104462,high,one of the older pages in the set,1
content_f9a8592bbb17,client_bdd2d3af3a,0.6814483487912067,high,one of the older pages in the set,0
content_8025e3894512,client_8527a891e2,0.6813043031575376,high,one of the older pages in the set,1
content_7ad5e4fd6c85,client_8527a891e2,0.6812801882594819,high,one of the older pages in the set,1
content_f136cd37e105,client_8527a891e2,0.6811264612735172,high,one of the older pages in the set,0
content_e0022c57c47e,client_8527a891e2,0.6810826014711415,high,one of the older pages in the set,0
content_abf0b1933511,client_8527a891e2,0.6802602990244235,high,one of the older pages in the set,0
content_8e504993ed57,client_bdd2d3af3a,0.6801837908816609,high,one of the older pages in the set,1
content_1162806e4b35,client_f369cb89fc,0.679756367241076,high,one of the older pages in the set,1
content_61ec52007f84,client_f369cb89fc,0.6793971668878063,high,one of the older pages in the set,1
content_c13bfe497aeb,client_f369cb89fc,0.6793623248307904,high,one of the older pages in the set,1
content_fd93be360517,client_f369cb89fc,0.6785943930227646,high,one of the older pages in the set,1
content_cea79ef51519,client_f369cb89fc,0.6784931001605516,high,low prior search visibility,1
content_9fb4690a909c,client_8527a891e2,0.6784125095046629,high,one of the older pages in the set,1
content_15573a52b6e7,client_8527a891e2,0.6781681102579612,high,one of the older pages in the set,1
content_f85630630136,client_bdd2d3af3a,0.6781176507452646,high,one of the older pages in the set,1
content_c3f6d634ff00,client_8527a891e2,0.6780811630569407,high,hasn't been refreshed in a while,0
content_e76451da9b59,client_8527a891e2,0.6778335671054784,high,one of the older pages in the set,1
content_35de81fa684f,client_8527a891e2,0.6777577797346743,high,one of the older pages in the set,0
content_456941ba1541,client_8527a891e2,0.6776107169386271,high,one of the older pages in the set,1
content_e3bf6539b4ba,client_bdd2d3af3a,0.6769425375641122,high,falls in the 31-90-day age bracket,1
content_7e62e609fca2,client_8527a891e2,0.6768447908940484,high,one of the older pages in the set,0
content_72a51b4538b7,client_f369cb89fc,0.6768067887679623,high,one of the older pages in the set,0
content_b9b869d9cb84,client_8527a891e2,0.67669457500144,high,one of the older pages in the set,1
content_1408a4a1648c,client_8527a891e2,0.6766779796097425,high,one of the older pages in the set,0
content_7e59e5b05d2d,client_8527a891e2,0.6766404145000404,high,one of the older pages in the set,0
content_d55b83aff7c7,client_f369cb89fc,0.6764896074286791,high,hasn't been refreshed in a while,1
content_effca28a4e4f,client_8b940be7fb,0.6760519049364465,high,one of the older pages in the set,1
content_2de2912ce657,client_f369cb89fc,0.6759549066300895,high,one of the older pages in the set,1
content_3918aaea55e2,client_8b940be7fb,0.6756958443690531,high,one of the older pages in the set,0
content_684a74eddb5a,client_f369cb89fc,0.6756445534781167,high,one of the older pages in the set,1
content_cbb55a6e67e4,client_8527a891e2,0.6749232789169254,high,one of the older pages in the set,1
content_d225ec9f3d46,client_f369cb89fc,0.6736070558278899,high,one of the older pages in the set,1
content_a461c32f5504,client_bdd2d3af3a,0.6734499191242227,high,one of the older pages in the set,1
content_1607b5b7c909,client_bdd2d3af3a,0.6732874889490024,high,one of the older pages in the set,1
content_02ab208bfb70,client_8527a891e2,0.6731784009301698,high,one of the older pages in the set,1
content_1a7da676ab36,client_8527a891e2,0.6730002914780275,high,shorter than typical for this content type,0
content_60fc8f959d20,client_f369cb89fc,0.6729035622343869,high,one of the older pages in the set,1
content_5b377954b9b8,client_8527a891e2,0.6724567222982868,high,shorter than typical for this content type,0
content_3fe487b44ba6,client_8527a891e2,0.6722006546937126,high,shorter than typical for this content type,0
content_865fd632a1f3,client_f369cb89fc,0.6721718923510059,high,one of the older pages in the set,1
content_df71843dcd17,client_8527a891e2,0.672154265013855,high,hasn't been refreshed in a while,0
content_5942b0ff812b,client_8527a891e2,0.6720849187660773,high,shorter than typical for this content type,0
content_b872486bfd10,client_f369cb89fc,0.6720788542206586,high,one of the older pages in the set,1
content_2b074219d79d,client_bdd2d3af3a,0.6719752678494122,high,one of the older pages in the set,1
content_580c8f4bdc55,client_f369cb89fc,0.6717851819723715,high,one of the older pages in the set,0
content_848adc98b9ce,client_8527a891e2,0.671745961635068,high,hasn't been refreshed in a while,0
content_d6f685c3637e,client_8527a891e2,0.6716529633044577,high,one of the older pages in the set,0
content_d9dfe5461b23,client_8b940be7fb,0.6716278415338407,high,one of the older pages in the set,1
content_bcc95460460e,client_4e07408562,0.6716022649063067,high,hasn't been refreshed in a while,1
content_1576614a97a2,client_f369cb89fc,0.6715754991182836,high,unknown intent content,0
content_bdedfb3df168,client_bdd2d3af3a,0.6715709265454508,high,one of the older pages in the set,0
content_5473f08b2acf,client_f369cb89fc,0.6715558073622301,high,one of the older pages in the set,1
content_8670bdb4ea0e,client_8527a891e2,0.671320873298206,high,shorter than typical for this content type,0
content_edd9dec2bf46,client_8527a891e2,0.6710918667528131,high,shorter than typical for this content type,0
content_d8992865e6a5,client_8b940be7fb,0.671086471243981,high,one of the older pages in the set,1
content_70df0e029635,client_f369cb89fc,0.6710712510158547,high,one of the older pages in the set,1
content_d012390a3973,client_8527a891e2,0.6708631931723883,high,one of the older pages in the set,0
content_c63decebf95b,client_8527a891e2,0.6707497969293316,high,one of the older pages in the set,0
content_d7270f426bd5,client_f369cb89fc,0.6705774267936774,high,one of the older pages in the set,0
content_6926821766df,client_f369cb89fc,0.6704236025663258,high,one of the older pages in the set,1
content_11a4f985f14d,client_f369cb89fc,0.6703861326324844,high,one of the older pages in the set,1
content_e1e94a14bf22,client_f369cb89fc,0.6701356968348694,high,one of the older pages in the set,1
content_3e10898d9fd4,client_8527a891e2,0.6700681884450727,high,hasn't been refreshed in a while,1
content_07f7cbf34eef,client_f369cb89fc,0.6700170091015715,high,one of the older pages in the set,1
content_0b5de68b61a2,client_f369cb89fc,0.6697564620689812,high,one of the older pages in the set,0
content_63d0519f9abe,client_f369cb89fc,0.6694646156568337,high,one of the older pages in the set,1
content_236878619647,client_f369cb89fc,0.6691762929492785,high,one of the older pages in the set,1
content_352847c9fbf2,client_8527a891e2,0.668950786332175,high,one of the older pages in the set,0
content_f2eeaeefe9f1,client_8527a891e2,0.6686032896275426,high,one of the older pages in the set,0
content_e915016ee808,client_bdd2d3af3a,0.6685617806198957,high,one of the older pages in the set,0
content_60a90d0ba16a,client_f369cb89fc,0.6685522301234409,high,low prior search visibility,1
content_3147d7f0b301,client_8527a891e2,0.6683761085290444,high,hasn't been refreshed in a while,0
content_961b69d507a9,client_bdd2d3af3a,0.6682173967804054,high,one of the older pages in the set,0
content_2d08ccac3f63,client_f369cb89fc,0.6681958865676263,high,one of the older pages in the set,1
content_9edb9735cf02,client_8527a891e2,0.6681950694294235,high,one of the older pages in the set,0
content_d15e6b71a021,client_8527a891e2,0.6681619832860903,high,shorter than typical for this content type,0
content_04f99090dc2c,client_f369cb89fc,0.6680750031503622,high,one of the older pages in the set,1
content_847c0e9b2eb6,client_bdd2d3af3a,0.66795670705178,high,one of the older pages in the set,1
content_faaf1b1e4d65,client_8527a891e2,0.6679218658407308,high,one of the older pages in the set,1
content_b5716f2631dc,client_f369cb89fc,0.6678819490092537,high,one of the older pages in the set,1
content_0022a6b4290f,client_f369cb89fc,0.6677698264955348,high,one of the older pages in the set,1
content_3a66c4cb0b7c,client_f369cb89fc,0.6676788432977842,high,one of the older pages in the set,1
content_4998a1c76243,client_f369cb89fc,0.6675985394180323,high,one of the older pages in the set,0
content_b2db3553a878,client_f369cb89fc,0.6674314993251529,high,one of the older pages in the set,1
content_62653d10cc38,client_f369cb89fc,0.6674263152752824,high,one of the older pages in the set,1
content_f4c08de09860,client_f369cb89fc,0.6673409345960606,high,one of the older pages in the set,1
content_4ab1528abdbd,client_f369cb89fc,0.6671774800937771,high,one of the older pages in the set,1
content_5e2d7ea6844d,client_f369cb89fc,0.6671767877668903,high,one of the older pages in the set,1
content_823ea9b9b355,client_f369cb89fc,0.6671079878165154,high,one of the older pages in the set,1
content_e1b24ff1f2e0,client_8527a891e2,0.6670635536478424,high,one of the older pages in the set,0
content_78226cac83fd,client_8527a891e2,0.6668107277101352,high,hasn't been refreshed in a while,0
content_5cb45407a375,client_f369cb89fc,0.6667042293499854,high,one of the older pages in the set,1
content_9d477524d051,client_8527a891e2,0.6666052655219797,high,one of the older pages in the set,0
content_31bd7e88b345,client_f369cb89fc,0.6664638056044796,high,one of the older pages in the set,0
content_8aa1356f4cef,client_8527a891e2,0.6660885935319586,high,one of the older pages in the set,0
content_1d3f05ee1ded,client_f369cb89fc,0.6660582458526634,high,one of the older pages in the set,1
content_c979a888e4ab,client_8527a891e2,0.66605433010311,high,hasn't been refreshed in a while,1
content_a851ef13c4b5,client_8527a891e2,0.6660450483598853,high,one of the older pages in the set,1
content_fbe8ef0607ee,client_f369cb89fc,0.6660031056098853,high,one of the older pages in the set,0
content_73138e49f25d,client_f369cb89fc,0.6658998324232898,high,one of the older pages in the set,1
content_8b6986ed5411,client_f369cb89fc,0.6657851404472567,high,one of the older pages in the set,0
content_dfe2c580ab23,client_8527a891e2,0.6657750921393929,high,one of the older pages in the set,0
content_b2402d83386a,client_8527a891e2,0.6657329010022338,high,one of the older pages in the set,1
content_bdeb3f3d22b5,client_f369cb89fc,0.6657186404905087,high,one of the older pages in the set,0
content_f24ad3e1c775,client_8527a891e2,0.6654453005975537,high,hasn't been refreshed in a while,1
content_f643d52fa2c8,client_8527a891e2,0.665435620653745,high,one of the older pages in the set,1
content_79d569cb12af,client_f369cb89fc,0.6653423001127892,high,one of the older pages in the set,0
content_92c6a58824ed,client_f369cb89fc,0.6652864980640844,high,one of the older pages in the set,0
content_a640f4c92b1a,client_bdd2d3af3a,0.6652677412422779,high,one of the older pages in the set,1
content_1e0f4d1e74a2,client_8b940be7fb,0.6651038276503599,high,one of the older pages in the set,0
content_dc3c683bebb6,client_f369cb89fc,0.6650985687686548,high,one of the older pages in the set,1
content_10ec67c6a68d,client_f369cb89fc,0.665076367799732,high,one of the older pages in the set,0
content_47757540a16b,client_8527a891e2,0.6650261605756261,high,hasn't been refreshed in a while,0
content_5ebe639dafce,client_f369cb89fc,0.665025074400145,high,one of the older pages in the set,0
content_32a5eb93b4bc,client_f369cb89fc,0.6649505239515411,high,one of the older pages in the set,1
content_9f3be5690b53,client_f369cb89fc,0.6649146770692903,high,one of the older pages in the set,1
content_8059c0222f8d,client_8527a891e2,0.6649106419035101,high,hasn't been refreshed in a while,0
content_aafbbe914e2c,client_8527a891e2,0.6648938414393178,high,one of the older pages in the set,1
content_4df186d48a02,client_8527a891e2,0.6648104370644294,high,one of the older pages in the set,0
content_76189a98416b,client_f369cb89fc,0.6648010638911195,high,one of the older pages in the set,1
content_69b845b4ecce,client_f369cb89fc,0.6647531890752468,high,one of the older pages in the set,1
content_f3eea9f91fcd,client_f369cb89fc,0.6646749170344212,high,one of the older pages in the set,0
content_cbb90faac06c,client_f369cb89fc,0.6646606203630799,high,one of the older pages in the set,0
content_93e1ebff27b8,client_8527a891e2,0.6646171099396864,high,one of the older pages in the set,0
content_98c2d37fbc35,client_f369cb89fc,0.6642524772921948,high,one of the older pages in the set,0
content_5d003ca169d3,client_8527a891e2,0.664216554088093,high,one of the older pages in the set,0
content_a9179e974712,client_f369cb89fc,0.6641716459914732,high,one of the older pages in the set,1
content_45292078d88d,client_8527a891e2,0.6641114594292101,high,one of the older pages in the set,0
content_26be1febe596,client_8527a891e2,0.6641077605313532,high,one of the older pages in the set,1
content_fad84659065c,client_f369cb89fc,0.6640899606354803,high,one of the older pages in the set,1
content_57807d56e39d,client_f369cb89fc,0.6640399207216715,high,one of the older pages in the set,0
content_5d7775ffa966,client_8527a891e2,0.6640343952111853,high,one of the older pages in the set,0
content_514a8f69a70e,client_f369cb89fc,0.6638139191497985,high,one of the older pages in the set,1
content_3b26815717ae,client_f369cb89fc,0.6636787310907653,high,one of the older pages in the set,0
content_afa114dc512c,client_f369cb89fc,0.6636135593167632,high,one of the older pages in the set,1
content_6895e9b8a03d,client_4e07408562,0.6635841348104292,high,hasn't been refreshed in a while,1
content_c149dfab5d24,client_f369cb89fc,0.6635679347717833,high,one of the older pages in the set,0
content_f9c40e2ab163,client_f369cb89fc,0.6635050752702396,high,one of the older pages in the set,0
content_f3209c4105b5,client_f369cb89fc,0.6634988056949641,high,one of the older pages in the set,1
content_ee115d2afa45,client_8527a891e2,0.6634813744045202,high,one of the older pages in the set,0
content_714d862c87a1,client_f369cb89fc,0.6634600621521745,high,one of the older pages in the set,0
content_1b4a22e4abc0,client_f369cb89fc,0.6634453424747718,high,one of the older pages in the set,0
content_9741e2f85933,client_f369cb89fc,0.6634279225039861,high,one of the older pages in the set,1
content_974949456f98,client_8527a891e2,0.6633210512394839,high,one of the older pages in the set,1
content_0b47dae0c7f9,client_8527a891e2,0.663309187009639,high,hasn't been refreshed in a while,0
content_a62b745f8be3,client_8527a891e2,0.6632058787775146,high,one of the older pages in the set,1
content_7acdba4f134c,client_f369cb89fc,0.6631791708267936,high,one of the older pages in the set,1
content_681a43300b4f,client_f369cb89fc,0.6630770207094113,high,one of the older pages in the set,1
content_99af6f9fbda3,client_f369cb89fc,0.6630079783680966,high,one of the older pages in the set,1
content_a351be29f266,client_8527a891e2,0.662939212960677,high,hasn't been refreshed in a while,1
content_28dc7ce0cfbb,client_f369cb89fc,0.6629017499587934,high,one of the older pages in the set,0
content_81f55b12ea51,client_f369cb89fc,0.6629005258220757,high,one of the older pages in the set,0
content_b84a5df88090,client_f369cb89fc,0.6628751884486563,high,one of the older pages in the set,0
content_503abe4cad3a,client_8527a891e2,0.6627265728288654,high,one of the older pages in the set,0
content_53a574b8a7da,client_f369cb89fc,0.662612248525214,high,one of the older pages in the set,0
content_1bc2a01f84df,client_f369cb89fc,0.6624963945914851,high,one of the older pages in the set,0
content_7df9caffac62,client_8527a891e2,0.6624376496557106,high,hasn't been refreshed in a while,0
content_6e42f39e35ac,client_f369cb89fc,0.6624334714096883,high,hasn't been refreshed in a while,0
content_830c8c9a640b,client_f369cb89fc,0.6624143372618059,high,one of the older pages in the set,0
content_e2e98af4c1f4,client_f369cb89fc,0.6624106944704725,high,one of the older pages in the set,0
content_a5ee91129637,client_8527a891e2,0.6623723713884304,high,hasn't been refreshed in a while,0
content_62010e71e9dc,client_f369cb89fc,0.6622051156504765,high,one of the older pages in the set,1
content_b055f5b25c28,client_f369cb89fc,0.6621820371191378,high,one of the older pages in the set,1
content_f126b11258e3,client_bdd2d3af3a,0.6621591420454486,high,one of the older pages in the set,1
content_4b3eed2b845e,client_f369cb89fc,0.6620315247510548,high,one of the older pages in the set,0
content_3f70f3b5b744,client_f369cb89fc,0.6618441728059545,high,one of the older pages in the set,1
content_c6bb205d5263,client_f369cb89fc,0.6618339259319977,high,one of the older pages in the set,1
content_686ca4a146ff,client_8527a891e2,0.6617317156499715,high,one of the older pages in the set,1
content_aa79ef2a0513,client_8527a891e2,0.661730281957238,high,one of the older pages in the set,0
content_3023680512a5,client_f369cb89fc,0.661632285351977,high,one of the older pages in the set,1
content_cce5e5d3683e,client_f369cb89fc,0.6616270095757826,high,one of the older pages in the set,1
content_c94a53e3bfb8,client_f369cb89fc,0.6614807165972372,high,one of the older pages in the set,0
content_afa45e360781,client_f369cb89fc,0.6614604488191567,high,one of the older pages in the set,1
content_a9784de463d9,client_8527a891e2,0.6614284904958297,high,hasn't been refreshed in a while,0
content_2cf2b6554ad0,client_f369cb89fc,0.6614130799470143,high,one of the older pages in the set,1
content_c2e63e30e925,client_8527a891e2,0.6613879701838735,high,one of the older pages in the set,1
content_4f4baf5fcb8c,client_f369cb89fc,0.6612720032754149,high,one of the older pages in the set,0
content_93aaf9dc4672,client_4e07408562,0.6612441832155075,high,hasn't been refreshed in a while,1
content_722d8cd002d3,client_f369cb89fc,0.6612304154906453,high,one of the older pages in the set,0
content_87c007fb5c26,client_f369cb89fc,0.66116321732303,high,one of the older pages in the set,1
content_2fafb87fe632,client_f369cb89fc,0.6610141950791308,high,one of the older pages in the set,1
content_542e00af2a40,client_8527a891e2,0.6609675718816675,high,hasn't been refreshed in a while,1
content_c63e0af4b14a,client_8527a891e2,0.6609572402621712,high,shorter than typical for this content type,1
content_769c5991e2f6,client_f369cb89fc,0.660929560318708,high,one of the older pages in the set,1
content_0bcd69f8f068,client_f369cb89fc,0.6608783013985241,high,one of the older pages in the set,0
content_8bca8bc57d12,client_f369cb89fc,0.6608658982714766,high,one of the older pages in the set,0
content_1b259c0f9659,client_f369cb89fc,0.6608337172324832,high,one of the older pages in the set,1
content_5b4f09067b32,client_f369cb89fc,0.660770251254783,high,one of the older pages in the set,1
content_e2989112662f,client_f369cb89fc,0.6606869272861364,high,one of the older pages in the set,0
content_6ca73c6b0d9c,client_8527a891e2,0.6606328698152624,high,hasn't been refreshed in a while,0
content_34f7369c0fe6,client_f369cb89fc,0.6604978240704299,high,one of the older pages in the set,1
content_aec0a7f1c9f0,client_f369cb89fc,0.6604614706684263,high,one of the older pages in the set,0
content_9cc3144b2591,client_f369cb89fc,0.6604526940501337,high,one of the older pages in the set,0
content_95284f69cbc4,client_8527a891e2,0.6603553987485439,high,shorter than typical for this content type,1
content_ee6818d43583,client_f369cb89fc,0.6603549393138793,high,one of the older pages in the set,0
content_d07b48eddaf5,client_f369cb89fc,0.6603541883600075,high,one of the older pages in the set,0
content_5b2da7d78158,client_8527a891e2,0.6603515248224865,high,one of the older pages in the set,0
content_65eed1d86876,client_f369cb89fc,0.6601925196844048,high,one of the older pages in the set,0
content_9a5be97ce13c,client_bdd2d3af3a,0.660146376717497,high,one of the older pages in the set,1
content_bb1ac706f47d,client_8527a891e2,0.6600475944971925,high,one of the older pages in the set,1
content_2c259410ba09,client_8527a891e2,0.6600035378655743,high,hasn't been refreshed in a while,0
content_9ef5d2b775b8,client_f369cb89fc,0.6599974945663941,high,one of the older pages in the set,0
content_aea979e1b10c,client_f369cb89fc,0.6598738296379556,high,one of the older pages in the set,0
content_f4189b5da579,client_f369cb89fc,0.6598066607261408,high,one of the older pages in the set,1
content_0789d4559aa4,client_8527a891e2,0.6597558667575171,high,one of the older pages in the set,1
content_99d0844356a5,client_8527a891e2,0.6596517021258842,high,one of the older pages in the set,1
content_35972508aa52,client_f369cb89fc,0.6596095612650161,high,one of the older pages in the set,0
content_42bd7e800a38,client_f369cb89fc,0.6595693967473761,high,one of the older pages in the set,1
content_bd99587cb8a8,client_f369cb89fc,0.6594816938470941,high,one of the older pages in the set,1
content_711c23a1d649,client_f369cb89fc,0.659391613415565,high,one of the older pages in the set,0
content_0a429dd0c126,client_f369cb89fc,0.659376027437148,high,one of the older pages in the set,1
content_bcc1e8e2646d,client_8527a891e2,0.6593618128265095,high,hasn't been refreshed in a while,1
content_9db40e41d57d,client_f369cb89fc,0.659343366152234,high,one of the older pages in the set,1
content_40f90a05c8c1,client_8b940be7fb,0.6592738532108077,high,one of the older pages in the set,1
content_663485f2517d,client_f369cb89fc,0.6590608500360696,high,one of the older pages in the set,1
content_3fbab2102eb5,client_f369cb89fc,0.6590180449297721,high,one of the older pages in the set,0
content_33c35acea80b,client_8527a891e2,0.6590057512522326,high,hasn't been refreshed in a while,0
content_1664ee5ccac8,client_f369cb89fc,0.6589893665843684,high,one of the older pages in the set,0
content_774b7bb6f049,client_f369cb89fc,0.6589385326915165,high,one of the older pages in the set,1
content_51c40ca43b1b,client_f369cb89fc,0.6589241403376054,high,one of the older pages in the set,0
content_9a814077e7b7,client_f369cb89fc,0.6588916888322736,high,one of the older pages in the set,1
content_b11a7dcf6d72,client_8527a891e2,0.6588658775312262,high,hasn't been refreshed in a while,1
content_760b931d5f22,client_f369cb89fc,0.6588476939525929,high,hasn't been refreshed in a while,0
content_618d0682a463,client_8527a891e2,0.6587445018351378,high,one of the older pages in the set,1
content_ffa457ea510f,client_f369cb89fc,0.6586824070905871,high,one of the older pages in the set,0
content_76d1deafc71b,client_f369cb89fc,0.6585982474233878,high,one of the older pages in the set,1
content_721a36a0da7a,client_8527a891e2,0.6585927259078576,high,one of the older pages in the set,1
content_e556e69a70e1,client_8527a891e2,0.6585279353682648,high,one of the older pages in the set,1
content_1e4706619c44,client_f369cb89fc,0.6583991640351871,high,one of the older pages in the set,0
content_80f3efc9498b,client_f369cb89fc,0.6583737702679581,high,one of the older pages in the set,1
content_43b7910eaa67,client_f369cb89fc,0.6583319681680597,high,one of the older pages in the set,1
content_f40ee3f7157f,client_f369cb89fc,0.6583288824815257,high,one of the older pages in the set,0
content_1a94ef5145c2,client_8527a891e2,0.6583061435557045,high,one of the older pages in the set,1
content_ada6dc9b65c6,client_f369cb89fc,0.6582322763004926,high,one of the older pages in the set,0
content_b855d7e44f8e,client_8527a891e2,0.6581448744130683,high,one of the older pages in the set,1
content_6baf06e6e0f1,client_8527a891e2,0.6581274544332616,high,falls in the 31-90-day freshness bracket,0
content_bac3ceaede0e,client_8527a891e2,0.6580884602383896,high,hasn't been refreshed in a while,0
content_671937fac53d,client_f369cb89fc,0.6580506825104154,high,one of the older pages in the set,0
content_4d31418f2f3c,client_8527a891e2,0.6579882794804524,high,one of the older pages in the set,0
content_6507e3864625,client_8527a891e2,0.6579850357060067,high,one of the older pages in the set,0
content_b4acf154448d,client_8527a891e2,0.6579116583983722,high,hasn't been refreshed in a while,0
content_e6aeb6995d0c,client_8527a891e2,0.6578851022663293,high,hasn't been refreshed in a while,0
content_a52671f20358,client_f369cb89fc,0.6578493212152301,high,one of the older pages in the set,1
content_34d828937b47,client_8527a891e2,0.6578330290005847,high,hasn't been refreshed in a while,0
content_79c69e2acb33,client_f369cb89fc,0.6576530137787685,high,one of the older pages in the set,1
content_e29d4ca869bf,client_8527a891e2,0.6576052297372408,high,one of the older pages in the set,0
content_77cef913977c,client_4e07408562,0.6575975434680879,high,hasn't been refreshed in a while,1
content_cdd4562de67a,client_f369cb89fc,0.6575472976324408,high,one of the older pages in the set,1
content_68c60a712a93,client_f369cb89fc,0.6575282084600866,high,one of the older pages in the set,0
content_d173a4758ef4,client_8527a891e2,0.6575202509328506,high,hasn't been refreshed in a while,1
content_e05eae1d648a,client_f369cb89fc,0.6575104499761544,high,one of the older pages in the set,1
content_1f315783354c,client_8527a891e2,0.6574891416251747,high,one of the older pages in the set,0
content_dc533773e97e,client_8527a891e2,0.6574822707686622,high,hasn't been refreshed in a while,1
content_5c7d7a6b3ba0,client_f369cb89fc,0.657470996563845,high,one of the older pages in the set,0
content_c60b0a4ba18f,client_f369cb89fc,0.6574650920469,high,one of the older pages in the set,0
content_761bd8633dfa,client_8527a891e2,0.6574056042201377,high,hasn't been refreshed in a while,0
content_6975e4ac086e,client_f369cb89fc,0.657387965887138,high,one of the older pages in the set,0
content_ef81d5fcdf1d,client_f369cb89fc,0.6573799811039183,high,one of the older pages in the set,1
content_d248f78edf97,client_f369cb89fc,0.6573580859571476,high,one of the older pages in the set,1
content_ff65884e750a,client_f369cb89fc,0.6572943063290928,high,one of the older pages in the set,0
content_fdde7746e070,client_f369cb89fc,0.6571685711840669,high,one of the older pages in the set,0
content_ab5e9e3a0a8f,client_f369cb89fc,0.6570645284907614,high,one of the older pages in the set,0
content_f8383c3435c7,client_8527a891e2,0.6569891593099838,high,hasn't been refreshed in a while,0
content_9234f5075e7a,client_f369cb89fc,0.6568447571578692,high,one of the older pages in the set,1
content_3f7b1c286f3a,client_f369cb89fc,0.6568314595845142,high,one of the older pages in the set,1
content_31b37ae51c0c,client_8527a891e2,0.6568262844245473,high,hasn't been refreshed in a while,0
content_182d82aeca03,client_f369cb89fc,0.6568224199624958,high,one of the older pages in the set,1
content_266991be9399,client_8527a891e2,0.6566518135013723,high,one of the older pages in the set,1
content_3c95b60d73c0,client_f369cb89fc,0.6565740234103687,high,one of the older pages in the set,0
content_bb55d0dab9d9,client_f369cb89fc,0.6565612563047195,high,one of the older pages in the set,1
content_a12d4a1e9a4b,client_4e07408562,0.6565585147342561,high,hasn't been refreshed in a while,1
content_2764754edaec,client_8527a891e2,0.6565497530051775,high,hasn't been refreshed in a while,0
content_3bcd83e14b4c,client_8527a891e2,0.6564973829511404,high,hasn't been refreshed in a while,0
content_2387677713c3,client_f369cb89fc,0.6564882781138857,high,one of the older pages in the set,1
content_9e8671965fff,client_f369cb89fc,0.656413407098972,high,one of the older pages in the set,1
content_f857e7bf7fc2,client_8527a891e2,0.6564069965899509,high,hasn't been refreshed in a while,1
content_b7ea439ef534,client_8b940be7fb,0.6563412836001937,high,one of the older pages in the set,0
content_99f7f3940ed4,client_8527a891e2,0.6562971232758273,high,hasn't been refreshed in a while,1
content_81302b9ba806,client_f369cb89fc,0.6562627079918191,high,one of the older pages in the set,1
content_34ad541ab004,client_f369cb89fc,0.6561792169435516,high,one of the older pages in the set,1
content_9bb66cc3e9d6,client_f369cb89fc,0.6561652818702446,high,one of the older pages in the set,1
content_0a9514b81475,client_bdd2d3af3a,0.6560661230684762,high,hasn't been refreshed in a while,1
content_70410e39532b,client_f369cb89fc,0.6560461962448004,high,one of the older pages in the set,1
content_21014db56b5a,client_8527a891e2,0.6560193750414163,high,hasn't been refreshed in a while,1
content_4b60f0aa0601,client_8527a891e2,0.6559745102457638,high,hasn't been refreshed in a while,1
content_c055fd483b87,client_8527a891e2,0.6559532479755101,high,hasn't been refreshed in a while,0
content_8fa3cd5f7191,client_8527a891e2,0.6558892536518502,high,hasn't been refreshed in a while,0
content_1fde0c76722c,client_f369cb89fc,0.6558870865960177,high,hasn't been refreshed in a while,1
content_db74537c5636,client_8527a891e2,0.6558585552539138,high,hasn't been refreshed in a while,1
content_179caec11499,client_f369cb89fc,0.6557848372660036,high,one of the older pages in the set,1
content_d866e1f09405,client_f369cb89fc,0.6557367346852975,high,one of the older pages in the set,0
content_04c19423dab6,client_8b940be7fb,0.6557250642122503,high,one of the older pages in the set,0
content_ae7c334247f9,client_8527a891e2,0.6557220461636627,high,hasn't been refreshed in a while,0
content_a61e74e4ef74,client_f369cb89fc,0.6556306367328673,high,hasn't been refreshed in a while,1
content_5585a0e7089c,client_8527a891e2,0.6556063985335062,high,hasn't been refreshed in a while,0
content_14829a4b4083,client_8527a891e2,0.6555410832316532,high,hasn't been refreshed in a while,1
content_e0cd6eaa019e,client_8527a891e2,0.6555025407097572,high,hasn't been refreshed in a while,1
content_50644c465743,client_f369cb89fc,0.6554676011374984,high,one of the older pages in the set,1
content_c6599698a7a7,client_f369cb89fc,0.655463325630418,high,hasn't been refreshed in a while,1
content_d3b39602b416,client_8527a891e2,0.6554376977128075,high,one of the older pages in the set,1
content_33a2b874555b,client_8527a891e2,0.6553831765045374,high,hasn't been refreshed in a while,1
content_db67d66d6b52,client_f369cb89fc,0.6553642209168452,high,hasn't been refreshed in a while,1
content_0a76d4204a84,client_8527a891e2,0.6553443837480942,high,hasn't been refreshed in a while,0
content_a29c5d0e1d13,client_8527a891e2,0.6553215990688126,high,one of the older pages in the set,1
content_7ae89edc84f4,client_8527a891e2,0.6553074597418452,high,hasn't been refreshed in a while,0
content_7dfafed821a2,client_f369cb89fc,0.6552149732003891,high,one of the older pages in the set,1
content_c9718c5004f1,client_f369cb89fc,0.6551850368734107,high,one of the older pages in the set,1
content_10631c73d253,client_8527a891e2,0.6551506110681609,high,hasn't been refreshed in a while,0
content_44924d362d90,client_8527a891e2,0.6551380982769988,high,hasn't been refreshed in a while,1
content_8573511e9f28,client_4e07408562,0.6550795942316759,high,hasn't been refreshed in a while,1
content_55f4fb4808c6,client_8527a891e2,0.6550008692294186,high,hasn't been refreshed in a while,1
content_188060555694,client_f369cb89fc,0.6549399759287756,high,hasn't been refreshed in a while,0
content_c6d2559083f2,client_4e07408562,0.654936821982152,high,hasn't been refreshed in a while,1
content_d0eff497e4ea,client_f369cb89fc,0.6549295024175957,high,one of the older pages in the set,0
content_312de493d381,client_f369cb89fc,0.654908189939452,high,hasn't been refreshed in a while,1
content_c24d2ebc3816,client_f369cb89fc,0.6548163511651262,high,one of the older pages in the set,0
content_d7344dbc6ad1,client_8527a891e2,0.6547907748269483,high,hasn't been refreshed in a while,1
content_02afcfb9056a,client_8527a891e2,0.6547627100478878,high,one of the older pages in the set,1
content_dabc9953dae7,client_8527a891e2,0.6546948696274996,high,hasn't been refreshed in a while,1
content_3395aba722a2,client_8527a891e2,0.6546508207039586,high,hasn't been refreshed in a while,1
content_8f8de26e32ef,client_f369cb89fc,0.6546171301855355,high,hasn't been refreshed in a while,1
content_03da7338b27f,client_f369cb89fc,0.6545176203722274,high,one of the older pages in the set,1
content_3ebeade99cf0,client_8527a891e2,0.6544314051008319,high,one of the older pages in the set,1
content_0d748c484ab1,client_f369cb89fc,0.6543895522082339,high,one of the older pages in the set,1
content_ee6b25664a03,client_8527a891e2,0.654276058264363,high,hasn't been refreshed in a while,0
content_118b0ee61e54,client_8527a891e2,0.654237942386854,high,hasn't been refreshed in a while,1
content_5ce1a9d3e4d7,client_8527a891e2,0.6542043162179116,high,hasn't been refreshed in a while,0
content_32b4e5a2f630,client_8527a891e2,0.6542014612614876,high,hasn't been refreshed in a while,1
content_0bcdcaf990cd,client_f369cb89fc,0.654128448274768,high,one of the older pages in the set,1
content_c5baaa65d5cc,client_f369cb89fc,0.6540957351504675,high,one of the older pages in the set,0
content_d96be2c363a4,client_8527a891e2,0.6539688393919675,high,hasn't been refreshed in a while,1
content_fc1fcfcd270a,client_f369cb89fc,0.6539569821886563,high,hasn't been refreshed in a while,1
content_89df11e2b77d,client_f369cb89fc,0.653847148857411,high,one of the older pages in the set,1
content_c6d0e031b456,client_f369cb89fc,0.6538173286875383,high,one of the older pages in the set,1
content_6fa19b4611d7,client_8527a891e2,0.6538096740163273,high,hasn't been refreshed in a while,1
content_a2d394e98056,client_4e07408562,0.6538066573489041,high,hasn't been refreshed in a while,1
content_647f7e8b6a61,client_8527a891e2,0.653641731026604,high,hasn't been refreshed in a while,0
content_e6c0c4e9ae59,client_8527a891e2,0.6536083099772627,high,hasn't been refreshed in a while,1
content_5ed1aa17875a,client_f369cb89fc,0.6535300387339634,high,one of the older pages in the set,0
content_f37e09f687bf,client_8527a891e2,0.6535080254976632,high,hasn't been refreshed in a while,0
content_87510958c08d,client_f369cb89fc,0.6534329950716105,high,hasn't been refreshed in a while,1
content_5af98c4db3f6,client_bdd2d3af3a,0.6533387566524188,high,one of the older pages in the set,0
content_f3c7143e3354,client_8527a891e2,0.6532813598626418,high,hasn't been refreshed in a while,1
content_23f366c08715,client_8527a891e2,0.653267540002179,high,hasn't been refreshed in a while,0
content_326a540b3a6e,client_8527a891e2,0.6530855666777671,high,one of the older pages in the set,1
content_c8aa94ff1243,client_4e07408562,0.653083008626477,high,hasn't been refreshed in a while,1
content_9cb43a654c9b,client_8527a891e2,0.6530239048474717,high,hasn't been refreshed in a while,0
content_99e950310e54,client_8527a891e2,0.6529981348832135,high,shorter than typical for this content type,0
content_f0d98be4b42c,client_4e07408562,0.6529622936641618,high,hasn't been refreshed in a while,0
content_ab5f4addedcf,client_8527a891e2,0.6528854480159205,high,hasn't been refreshed in a while,0
content_bcecc1a1c83c,client_f369cb89fc,0.6528610741939878,high,one of the older pages in the set,1
content_ffd6816424b1,client_8527a891e2,0.6528244913130571,high,hasn't been refreshed in a while,0
content_f14a24375cc4,client_8527a891e2,0.6528198383572318,high,hasn't been refreshed in a while,1
content_e069ebcf608e,client_f369cb89fc,0.652746400126966,high,one of the older pages in the set,1
content_508f5c9b8535,client_f369cb89fc,0.6526919972105085,high,one of the older pages in the set,0
content_063b45493d44,client_f369cb89fc,0.6526305109471309,high,hasn't been refreshed in a while,0
content_961ada8ff7ee,client_8527a891e2,0.652590310338337,high,hasn't been refreshed in a while,1
content_5d03f7400426,client_f369cb89fc,0.6524977944251903,high,hasn't been refreshed in a while,0
content_a6087b96819d,client_8527a891e2,0.6524886894977663,high,hasn't been refreshed in a while,1
content_5d77d3077984,client_f369cb89fc,0.6524427322169962,high,hasn't been refreshed in a while,1
content_d50e451c8ce5,client_f369cb89fc,0.6524403404719458,high,hasn't been refreshed in a while,0
content_29884c0f9255,client_8527a891e2,0.6524367466756298,high,hasn't been refreshed in a while,1
content_73eaf5c97fef,client_8527a891e2,0.6524343273306755,high,hasn't been refreshed in a while,1
content_8f523a52fa57,client_8527a891e2,0.6524227650916157,high,falls in the 31-90-day freshness bracket,0
content_cec2180f0ac1,client_f369cb89fc,0.6524223730316121,high,hasn't been refreshed in a while,0
content_f74702d8986f,client_f369cb89fc,0.6523600897126169,high,hasn't been refreshed in a while,1
content_4fc70e470460,client_4e07408562,0.6523286663127881,high,hasn't been refreshed in a while,1
content_42e419fcaa41,client_434c9b5ae5,0.6523034966787157,high,one of the older pages in the set,0
content_6e169e224b2e,client_f369cb89fc,0.6522485818780133,high,hasn't been refreshed in a while,1
content_8066a5202ee5,client_f369cb89fc,0.6521849080182989,high,one of the older pages in the set,1
content_f55fd2d8ed04,client_4e07408562,0.6521442284194068,high,hasn't been refreshed in a while,1
content_55c69d9ac6ba,client_8527a891e2,0.6521379637115636,high,one of the older pages in the set,0
content_f4c657bc1ba2,client_f369cb89fc,0.6521192505420687,high,hasn't been refreshed in a while,0
content_6560653b173e,client_8527a891e2,0.6520802262064498,high,hasn't been refreshed in a while,0
content_da2369059c37,client_8527a891e2,0.652052491664239,high,targets a highly competitive keyword,1
content_8c4b5fce81d0,client_8527a891e2,0.652023840447585,high,hasn't been refreshed in a while,0
content_e91fbe999dc3,client_f369cb89fc,0.6520175238548194,high,hasn't been refreshed in a while,0
content_192b55a4ffa6,client_f369cb89fc,0.6520039355103697,high,hasn't been refreshed in a while,0
content_08eeb3ea4955,client_8527a891e2,0.6519612083522701,high,hasn't been refreshed in a while,0
content_e1aacafc8b8c,client_434c9b5ae5,0.6519250812454814,high,one of the older pages in the set,0
content_e9f1fc510247,client_f369cb89fc,0.6518453587165396,high,hasn't been refreshed in a while,1
content_5fceaeaa11bf,client_8527a891e2,0.6517736355762772,high,hasn't been refreshed in a while,1
content_50099eee4104,client_8527a891e2,0.6517681692022561,high,hasn't been refreshed in a while,0
content_33e1340be022,client_8527a891e2,0.6517675284974882,high,hasn't been refreshed in a while,0
content_75bbe9161b5d,client_8527a891e2,0.6517664201658068,high,hasn't been refreshed in a while,1
content_1f05df4add56,client_f369cb89fc,0.6517492885500059,high,hasn't been refreshed in a while,1
content_7fc1fda3786d,client_8527a891e2,0.6515402721962211,high,hasn't been refreshed in a while,0
content_64d2a935a54f,client_8527a891e2,0.651469795266855,high,hasn't been refreshed in a while,0
content_420f30e62d90,client_8527a891e2,0.651461722711989,high,hasn't been refreshed in a while,1
content_0288dc0ec63e,client_8527a891e2,0.6513826338916937,high,hasn't been refreshed in a while,0
content_b5580fff8dcb,client_8527a891e2,0.6512088679115551,high,one of the older pages in the set,0
content_62f7481ff472,client_8527a891e2,0.6511856660985355,high,hasn't been refreshed in a while,0
content_cc5e82cfe642,client_8527a891e2,0.651157063831042,high,hasn't been refreshed in a while,0
content_85cdc8c3c2f6,client_f369cb89fc,0.6511298337269474,high,hasn't been refreshed in a while,0
content_54c6dd186259,client_8527a891e2,0.6511206711079349,high,hasn't been refreshed in a while,0
content_d85f062b576f,client_4e07408562,0.6510687438063113,high,hasn't been refreshed in a while,1
content_38efc381811c,client_8527a891e2,0.6510675995296992,high,hasn't been refreshed in a while,1
content_873621db1cd6,client_4e07408562,0.6510668344421315,high,hasn't been refreshed in a while,1
content_ce59581533ca,client_8527a891e2,0.6510449142808372,high,hasn't been refreshed in a while,0
content_dcebfd222b10,client_f369cb89fc,0.6510322920518059,high,hasn't been refreshed in a while,0
content_01f1b971c5ac,client_f369cb89fc,0.6510318236288752,high,hasn't been refreshed in a while,1
content_6daf2739da2c,client_8527a891e2,0.6510128408503822,high,hasn't been refreshed in a while,1
content_f560a011a094,client_f369cb89fc,0.65097305820283,high,hasn't been refreshed in a while,0
content_a4e31d98e83b,client_f369cb89fc,0.6509696509993064,high,hasn't been refreshed in a while,1
content_fd1c9be3a841,client_8527a891e2,0.6509311586685408,high,hasn't been refreshed in a while,0
content_b8ee53b39bb1,client_434c9b5ae5,0.650898497550843,high,one of the older pages in the set,1
content_5c7ccee8cd9e,client_f369cb89fc,0.6508663126879551,high,hasn't been refreshed in a while,1
content_4d4c6c972349,client_8527a891e2,0.6508331291706433,high,hasn't been refreshed in a while,1
content_1c2a062b2721,client_f369cb89fc,0.6508277039550115,high,one of the older pages in the set,0
content_db48904c158b,client_8527a891e2,0.6507919960994367,high,hasn't been refreshed in a while,0
content_09f7b75a09a5,client_8527a891e2,0.6507699004322499,high,one of the older pages in the set,1
content_92dfc8f4d69e,client_f369cb89fc,0.6507688601772502,high,hasn't been refreshed in a while,1
content_236fdad5bfb8,client_f369cb89fc,0.6507361242496471,high,hasn't been refreshed in a while,1
content_7f6b72253c41,client_f369cb89fc,0.650705660059222,high,hasn't been refreshed in a while,1
content_9154bca5c190,client_8527a891e2,0.6506553475196634,high,hasn't been refreshed in a while,1
content_880690982550,client_8527a891e2,0.6505912174105475,high,hasn't been refreshed in a while,1
content_f697fc3a64e3,client_8527a891e2,0.6505158140819721,high,hasn't been refreshed in a while,1
content_197a5b1ed096,client_8527a891e2,0.6505020370236132,high,hasn't been refreshed in a while,0
content_0a9276b27b32,client_f369cb89fc,0.6503431289003389,high,one of the older pages in the set,1
content_771d1c101cda,client_f369cb89fc,0.6503202707248824,high,hasn't been refreshed in a while,0
content_c00a56f387ba,client_8527a891e2,0.6503079744538185,high,hasn't been refreshed in a while,1
content_aa2c05aee8a3,client_8527a891e2,0.6502953812571393,high,hasn't been refreshed in a while,1
content_6aba6589b1b4,client_f369cb89fc,0.650203436227104,high,one of the older pages in the set,0
content_f20bd6333741,client_f369cb89fc,0.6501249530138234,high,hasn't been refreshed in a while,1
content_7915259fbbc4,client_f369cb89fc,0.6501082147572365,high,one of the older pages in the set,0
content_8b08ec7fc725,client_8527a891e2,0.6500980231978881,high,hasn't been refreshed in a while,1
content_f9922b5e46b4,client_4e07408562,0.6500798887790438,high,hasn't been refreshed in a while,1
content_6a7903666575,client_434c9b5ae5,0.6500774188862318,high,one of the older pages in the set,0
content_bc6ff35fa85b,client_8527a891e2,0.6500633410413071,high,hasn't been refreshed in a while,0
content_99e377add3ab,client_f369cb89fc,0.6499989541119663,high,one of the older pages in the set,0
content_5755ad09b9d2,client_f369cb89fc,0.6499963022476702,high,hasn't been refreshed in a while,0
content_1b4f5103df87,client_f369cb89fc,0.6499905036704966,high,hasn't been refreshed in a while,1
content_66cece88eae7,client_8527a891e2,0.6499891577523796,high,hasn't been refreshed in a while,1
content_66bbdc2e2fca,client_8527a891e2,0.6499811094613002,high,hasn't been refreshed in a while,0
content_02dcfc8cd821,client_f369cb89fc,0.6499653556917087,high,hasn't been refreshed in a while,1
content_38502cdbf89d,client_f369cb89fc,0.6499611586733456,high,hasn't been refreshed in a while,1
content_414627c66f75,client_8527a891e2,0.649921782538877,high,hasn't been refreshed in a while,1
content_1efec8da6e83,client_f369cb89fc,0.6498481897401616,high,one of the older pages in the set,1
content_3ab81beabc8f,client_f369cb89fc,0.6497628097604429,high,hasn't been refreshed in a while,1
content_538fbe0b5c19,client_8527a891e2,0.6496966068373835,high,hasn't been refreshed in a while,1
content_631387373820,client_8527a891e2,0.6496940532933241,high,hasn't been refreshed in a while,1
content_1c4bf0a1603a,client_8527a891e2,0.6496629555026184,high,one of the older pages in the set,0
content_d516275e106e,client_8527a891e2,0.6495805768056347,high,hasn't been refreshed in a while,1
content_a9826bd63b56,client_8527a891e2,0.6495685974652353,high,hasn't been refreshed in a while,1
content_ccaf3a0a98f0,client_f369cb89fc,0.6495570195270328,high,hasn't been refreshed in a while,1
content_f35e5543135b,client_4e07408562,0.6494780745798857,high,hasn't been refreshed in a while,1
content_eedc16a08bf7,client_f369cb89fc,0.6494100917605172,high,hasn't been refreshed in a while,1
content_6b1f3081da7c,client_f369cb89fc,0.6493963502526303,high,hasn't been refreshed in a while,1
content_e567de46b47d,client_f369cb89fc,0.6493772256630935,high,one of the older pages in the set,0
content_71efc27b02b3,client_4e07408562,0.649375084200391,high,hasn't been refreshed in a while,1
content_baf492bc46f7,client_f369cb89fc,0.6493404416568543,high,hasn't been refreshed in a while,1
content_4d39953789dd,client_f369cb89fc,0.6493105488158273,high,hasn't been refreshed in a while,0
content_2dd441ededdf,client_f369cb89fc,0.6492852083354685,high,hasn't been refreshed in a while,1
content_1b920d0039ba,client_f369cb89fc,0.6492577701919859,high,hasn't been refreshed in a while,1
content_c270dce26600,client_f369cb89fc,0.6492015097277677,high,hasn't been refreshed in a while,1
content_86e1ddabc10a,client_f369cb89fc,0.6491998420316426,high,hasn't been refreshed in a while,0
content_b046d6f5fcd8,client_8527a891e2,0.6491917163033843,high,hasn't been refreshed in a while,0
content_0cb3ff1535cc,client_f369cb89fc,0.6491348194416133,high,one of the older pages in the set,0
content_0478bd1b2fb4,client_8527a891e2,0.6490151780242114,high,hasn't been refreshed in a while,0
content_78ecdde1a864,client_f369cb89fc,0.6490087416802609,high,hasn't been refreshed in a while,1
content_e5fd30b6e33b,client_f369cb89fc,0.6490034439659197,high,hasn't been refreshed in a while,1
content_224c277bdea9,client_f369cb89fc,0.6489838354905145,high,hasn't been refreshed in a while,1
content_0e52d032d7f7,client_4e07408562,0.6489267841068145,high,hasn't been refreshed in a while,0
content_85b8d9480084,client_f369cb89fc,0.6489015773000685,high,hasn't been refreshed in a while,0
content_de7b6e9dc165,client_8527a891e2,0.6488564682414621,high,hasn't been refreshed in a while,1
content_e3f1b3d4d99a,client_f369cb89fc,0.648830392238959,high,hasn't been refreshed in a while,0
content_72e938efb7ec,client_8527a891e2,0.6487360503428903,high,hasn't been refreshed in a while,0
content_fa539334ab0e,client_f369cb89fc,0.6487354513303948,high,hasn't been refreshed in a while,0
content_1a0678c7d3e6,client_f369cb89fc,0.648726032131664,high,hasn't been refreshed in a while,0
content_70c192d2e677,client_8527a891e2,0.648672160494524,high,hasn't been refreshed in a while,0
content_5252bc52c467,client_f369cb89fc,0.6486461531017698,high,hasn't been refreshed in a while,1
content_dd39c5616130,client_f369cb89fc,0.6486371089119495,high,one of the older pages in the set,0
content_412f4cf7d443,client_f369cb89fc,0.6486263603889788,high,hasn't been refreshed in a while,0
content_26127eb687b1,client_f369cb89fc,0.6486215163538819,high,hasn't been refreshed in a while,1
content_6cc7bf7f6721,client_f369cb89fc,0.6485875448681239,high,hasn't been refreshed in a while,1
content_52aac7617054,client_f369cb89fc,0.648563949364605,high,hasn't been refreshed in a while,1
content_2beb015efc3b,client_f369cb89fc,0.6485394195490677,high,hasn't been refreshed in a while,1
content_ff3237507101,client_4e07408562,0.6485180439171632,high,hasn't been refreshed in a while,1
content_961dd6582177,client_f369cb89fc,0.6484738735096236,high,hasn't been refreshed in a while,1
content_4d39b3b3ee5d,client_f369cb89fc,0.6484433419133381,high,hasn't been refreshed in a while,1
content_25061c922b54,client_f369cb89fc,0.6484323657561047,high,hasn't been refreshed in a while,0
content_1464ee2714b9,client_f369cb89fc,0.6483380119019607,high,hasn't been refreshed in a while,1
content_1485c93358b3,client_f369cb89fc,0.6482808037329955,high,hasn't been refreshed in a while,1
content_6dcaf630155b,client_f369cb89fc,0.6482764669712389,high,hasn't been refreshed in a while,0
content_38b38f76d730,client_4e07408562,0.6481810641022129,high,hasn't been refreshed in a while,1
content_75b14a17d0b0,client_f369cb89fc,0.6481505658316525,high,one of the older pages in the set,0
content_9d77bda04182,client_f369cb89fc,0.6481471377251578,high,hasn't been refreshed in a while,1
content_d190176a9a74,client_f369cb89fc,0.6481139308298676,high,hasn't been refreshed in a while,1
content_f49660e074e9,client_8527a891e2,0.6480564481841016,high,hasn't been refreshed in a while,0
content_bd56e6b4d707,client_f369cb89fc,0.6480158022182018,high,hasn't been refreshed in a while,0
content_33d256c03be1,client_f369cb89fc,0.647946616870304,high,hasn't been refreshed in a while,1
content_f4c3734e72bf,client_8527a891e2,0.6478963281464662,high,hasn't been refreshed in a while,0
content_17c2de35424d,client_8527a891e2,0.6478153435488829,high,hasn't been refreshed in a while,0
content_2eecc520da26,client_f369cb89fc,0.6477663485039381,high,hasn't been refreshed in a while,1
content_662e4aaa9e63,client_8527a891e2,0.6476931955862573,high,falls in the 31-90-day freshness bracket,1
content_02f3c4b06ce9,client_8527a891e2,0.6476660176126617,high,hasn't been refreshed in a while,1
content_0a94e9f318d6,client_f369cb89fc,0.6476638408550996,high,hasn't been refreshed in a while,1
content_78f2e42abf96,client_f369cb89fc,0.6476436154659548,high,hasn't been refreshed in a while,1
content_cc72108d3f01,client_8527a891e2,0.6476157190083395,high,hasn't been refreshed in a while,0
content_d1567742f222,client_f369cb89fc,0.6475994558469129,high,hasn't been refreshed in a while,1
content_2bf7b6b90bfa,client_8527a891e2,0.6475747046045405,high,hasn't been refreshed in a while,0
content_e724dc58db30,client_8527a891e2,0.6475602591456954,high,one of the older pages in the set,1
content_2b81f37b2b9b,client_f369cb89fc,0.6474685703159838,high,one of the older pages in the set,1
content_1d4d78ba6371,client_8527a891e2,0.6474616334117208,high,hasn't been refreshed in a while,1
content_1892fc1b06f2,client_f369cb89fc,0.647427741509698,high,hasn't been refreshed in a while,1
content_76058040d76a,client_f369cb89fc,0.6473975579694001,high,hasn't been refreshed in a while,0
content_6e249fd6b039,client_f369cb89fc,0.6473959219711968,high,hasn't been refreshed in a while,1
content_355a734d17c3,client_4e07408562,0.6473844727932121,high,hasn't been refreshed in a while,0
content_05eb6ae85e0e,client_4e07408562,0.6473652932579901,high,hasn't been refreshed in a while,1
content_207fe9e3ad65,client_f369cb89fc,0.6473381550261994,high,one of the older pages in the set,1
content_b51781c1c8a1,client_f369cb89fc,0.6472912059299566,high,hasn't been refreshed in a while,1
content_41f4a056d61c,client_f369cb89fc,0.6472661743532705,high,hasn't been refreshed in a while,1
content_46556f2240aa,client_f369cb89fc,0.6471777100695726,high,one of the older pages in the set,0
content_653b3dae2667,client_f369cb89fc,0.6471607971045139,high,hasn't been refreshed in a while,1
content_1fa3af7deff2,client_f369cb89fc,0.6470169478801847,high,hasn't been refreshed in a while,1
content_e960cb635370,client_f369cb89fc,0.6469831171969112,high,one of the older pages in the set,1
content_7fa850f004ea,client_bdd2d3af3a,0.6469755622698631,high,hasn't been refreshed in a while,0
content_698fe3b450ac,client_8527a891e2,0.6469620817424657,high,hasn't been refreshed in a while,0
content_ad42c19afcdb,client_f369cb89fc,0.6469236226038331,high,one of the older pages in the set,1
content_2ccae1f5c902,client_f369cb89fc,0.6468980504281321,high,one of the older pages in the set,0
content_9f9167bde500,client_8527a891e2,0.6468935065535959,high,hasn't been refreshed in a while,0
content_5d926837293e,client_f369cb89fc,0.6468670674543371,high,hasn't been refreshed in a while,1
content_efbb569e748d,client_8527a891e2,0.646849110644261,high,one of the older pages in the set,1
content_eb58f272b967,client_f369cb89fc,0.6468315741234768,high,one of the older pages in the set,1
content_a1a827133643,client_f369cb89fc,0.6468168738816825,high,hasn't been refreshed in a while,1
content_6a933d70a7f6,client_8527a891e2,0.6468125416278917,high,hasn't been refreshed in a while,1
content_e3c6836b5dda,client_8527a891e2,0.6467796324040671,high,hasn't been refreshed in a while,0
content_1c38841cd5a6,client_f369cb89fc,0.6467754632416011,high,one of the older pages in the set,0
content_b23d650634c6,client_f369cb89fc,0.6466795879010075,high,hasn't been refreshed in a while,1
content_50b70a86730c,client_f369cb89fc,0.6466699818863908,high,hasn't been refreshed in a while,0
content_ea1fdec27b19,client_f369cb89fc,0.6466252645117708,high,hasn't been refreshed in a while,0
content_d5886dec9032,client_f369cb89fc,0.646617467602781,high,hasn't been refreshed in a while,1
content_4ad7a7f44bcf,client_8527a891e2,0.6466162277281836,high,hasn't been refreshed in a while,1
content_386add72654e,client_f369cb89fc,0.6465884248783207,high,hasn't been refreshed in a while,1
content_956e9b861c22,client_8527a891e2,0.6465396003921866,high,hasn't been refreshed in a while,0
content_86b70918694f,client_f369cb89fc,0.6465248361505965,high,hasn't been refreshed in a while,0
content_82107ddb4e14,client_8b940be7fb,0.646496814847553,high,one of the older pages in the set,0
content_895e41f607af,client_f369cb89fc,0.6464371364534554,high,hasn't been refreshed in a while,1
content_b99f3def9646,client_f369cb89fc,0.6464111446181918,high,hasn't been refreshed in a while,0
content_a786b53fda3f,client_f369cb89fc,0.6463564834714464,high,hasn't been refreshed in a while,1
content_60f4c329e5e7,client_434c9b5ae5,0.6463151346451881,high,one of the older pages in the set,0
content_aca17a7cc165,client_f369cb89fc,0.6462754898889708,high,hasn't been refreshed in a while,1
content_2b7bc8755e21,client_f369cb89fc,0.6462363588008891,high,hasn't been refreshed in a while,0
content_4e1fb41126d0,client_f369cb89fc,0.6462223770978424,high,hasn't been refreshed in a while,0
content_8064be6aca7b,client_f369cb89fc,0.6461690839025649,high,hasn't been refreshed in a while,1
content_895ce765d29d,client_8527a891e2,0.6460955905285596,high,hasn't been refreshed in a while,0
content_054dada48c93,client_f369cb89fc,0.6460570632485663,high,hasn't been refreshed in a while,1
content_d116df9a2fe0,client_f369cb89fc,0.6460364897014398,high,one of the older pages in the set,1
content_a7720e2676d6,client_8527a891e2,0.6460032399335663,high,hasn't been refreshed in a while,0
content_2e5461c6fe96,client_8527a891e2,0.6459983366861924,high,hasn't been refreshed in a while,0
content_58751944898a,client_8527a891e2,0.645998151737035,high,hasn't been refreshed in a while,1
content_392a75698fc5,client_8527a891e2,0.6459842493889884,high,hasn't been refreshed in a while,1
content_204b729683f6,client_f369cb89fc,0.6459742411649205,high,hasn't been refreshed in a while,0
content_cf01d88fa7e3,client_8527a891e2,0.6459244049407461,high,hasn't been refreshed in a while,1
content_5418abc60930,client_f369cb89fc,0.6459160636230716,high,hasn't been refreshed in a while,1
content_f9b5ca91c2ed,client_8527a891e2,0.6458704922752548,high,hasn't been refreshed in a while,0
content_d2bec770d875,client_f369cb89fc,0.6458518278356227,high,hasn't been refreshed in a while,1
content_8c5dcc367672,client_8527a891e2,0.6458444613949869,high,hasn't been refreshed in a while,1
content_55d1162a1baf,client_f369cb89fc,0.6458355524762286,high,hasn't been refreshed in a while,1
content_c8e7e069617c,client_f369cb89fc,0.6458334044472581,high,hasn't been refreshed in a while,0
content_afbd7d387b64,client_f369cb89fc,0.6458212986351579,high,hasn't been refreshed in a while,1
content_966912f7c190,client_f369cb89fc,0.6457963839416493,high,hasn't been refreshed in a while,1
content_a988a5fb75c0,client_f369cb89fc,0.6457185918472352,high,hasn't been refreshed in a while,1
content_379dd89231c7,client_8527a891e2,0.6456653792486464,high,hasn't been refreshed in a while,1
content_f38b1995eb3a,client_8527a891e2,0.6456514971443517,high,hasn't been refreshed in a while,0
content_5015acf50293,client_f369cb89fc,0.6456505173880862,high,hasn't been refreshed in a while,1
content_754f60740fb5,client_8527a891e2,0.6456208299129861,high,hasn't been refreshed in a while,1
content_ccebf08571a1,client_f369cb89fc,0.6456006311201898,high,one of the older pages in the set,0
content_3f137ad7e218,client_f369cb89fc,0.6455926072123289,high,hasn't been refreshed in a while,1
content_395a2f455ee2,client_f369cb89fc,0.6455784842585087,high,hasn't been refreshed in a while,1
content_09916526d65e,client_f369cb89fc,0.6455211169987822,high,hasn't been refreshed in a while,1
content_311f7c91e190,client_8527a891e2,0.6454479177793834,high,hasn't been refreshed in a while,0
content_b658db887566,client_8527a891e2,0.6453805060027571,high,hasn't been refreshed in a while,0
content_875936a9d73e,client_f369cb89fc,0.6453516908189342,high,hasn't been refreshed in a while,0
content_55099cf94bce,client_f369cb89fc,0.645296810638604,high,one of the older pages in the set,0
content_6ab1ba993c43,client_f369cb89fc,0.6452815736405437,high,hasn't been refreshed in a while,1
content_6b81ab1805eb,client_f369cb89fc,0.6452728969468756,high,one of the older pages in the set,1
content_c6d0a617833d,client_f369cb89fc,0.6452561207282177,high,one of the older pages in the set,0
content_8ede62882d0b,client_f369cb89fc,0.6452549670115746,high,one of the older pages in the set,1
content_509798594bbf,client_f369cb89fc,0.645228302042427,high,one of the older pages in the set,1
content_0797b2065787,client_f369cb89fc,0.6452254721202351,high,hasn't been refreshed in a while,1
content_2323ea95789a,client_f369cb89fc,0.6452177619271174,high,hasn't been refreshed in a while,1
content_eda627386bb8,client_f369cb89fc,0.645155041910963,high,hasn't been refreshed in a while,1
content_a1d554f4c406,client_f369cb89fc,0.645039428491687,high,hasn't been refreshed in a while,0
content_f6bf66378677,client_f369cb89fc,0.6450193393400923,high,hasn't been refreshed in a while,1
content_9d4c813069a1,client_f369cb89fc,0.6450149508086092,high,hasn't been refreshed in a while,0
content_b82fe005f96d,client_f369cb89fc,0.6449265921174959,high,hasn't been refreshed in a while,1
content_6919e5d1471f,client_8527a891e2,0.644925030256427,high,hasn't been refreshed in a while,0
content_8c5405b0ce59,client_f369cb89fc,0.6449232493230721,high,hasn't been refreshed in a while,1
content_f1fdcd6732e2,client_f369cb89fc,0.644799684937431,high,hasn't been refreshed in a while,1
content_796a5cdc793f,client_8527a891e2,0.644771188412332,high,hasn't been refreshed in a while,0
content_d56d7775f18f,client_f369cb89fc,0.6447444815473956,high,hasn't been refreshed in a while,1
content_946fbf519eb7,client_bdd2d3af3a,0.6447390104072233,high,hasn't been refreshed in a while,1
content_7a6cb4857fe6,client_f369cb89fc,0.6447047952980395,high,one of the older pages in the set,1
content_a5a2fbc76336,client_8527a891e2,0.6446652743713809,high,hasn't been refreshed in a while,0
content_036285c3321b,client_f369cb89fc,0.6446573041822493,high,one of the older pages in the set,0
content_c256b122ab35,client_f369cb89fc,0.6446443321386517,high,one of the older pages in the set,1
content_776e52192745,client_f369cb89fc,0.6446363579833101,high,one of the older pages in the set,0
content_e16a84a09194,client_f369cb89fc,0.6445861596165215,high,hasn't been refreshed in a while,1
content_d87561fb614e,client_f369cb89fc,0.6445860256890181,high,one of the older pages in the set,1
content_282a02583641,client_434c9b5ae5,0.644578800763199,high,one of the older pages in the set,0
content_515aa177eded,client_8527a891e2,0.6445728476866132,high,hasn't been refreshed in a while,0
content_b63ea08e8bc1,client_f369cb89fc,0.6445168109547893,high,hasn't been refreshed in a while,1
content_eda17fda8f0c,client_f369cb89fc,0.6445078333851424,high,one of the older pages in the set,0
content_a2fcd01d1de8,client_f369cb89fc,0.6444605870807358,high,hasn't been refreshed in a while,1
content_828ec809b205,client_8527a891e2,0.6444487199074124,high,hasn't been refreshed in a while,1
content_2ff48634c590,client_8527a891e2,0.644424475104502,high,hasn't been refreshed in a while,1
content_0c1ddb69fb2e,client_8527a891e2,0.6444171103139232,high,hasn't been refreshed in a while,0
content_9be3fc199752,client_434c9b5ae5,0.6444130414825803,high,hasn't been refreshed in a while,0
content_d0c0549597ab,client_f369cb89fc,0.6444012143735847,high,hasn't been refreshed in a while,1
content_81f853902b31,client_f369cb89fc,0.6443923370840393,high,one of the older pages in the set,0
content_a058e966b9a6,client_f369cb89fc,0.6443861385364864,high,one of the older pages in the set,0
content_a94c52160bb9,client_f369cb89fc,0.6443669223622317,high,one of the older pages in the set,1
content_a88e345b9f1a,client_f369cb89fc,0.6443037301533524,high,hasn't been refreshed in a while,1
content_56c8c0345f61,client_f369cb89fc,0.6442696828743742,high,hasn't been refreshed in a while,0
content_243a639453c5,client_f369cb89fc,0.6442619102547218,high,one of the older pages in the set,1
content_a6544458b585,client_8527a891e2,0.6442419809091083,high,hasn't been refreshed in a while,0
content_efc38750921d,client_8527a891e2,0.6442407128572556,high,hasn't been refreshed in a while,1
content_77706e5871dd,client_f369cb89fc,0.644186555641421,high,one of the older pages in the set,0
content_ce619d00628d,client_f369cb89fc,0.6441854567048735,high,hasn't been refreshed in a while,1
content_71016f1e93cf,client_f369cb89fc,0.6441844535737576,high,one of the older pages in the set,1
content_7fb66cd17356,client_8527a891e2,0.6441576014616643,high,hasn't been refreshed in a while,0
content_b683aad86df3,client_bdd2d3af3a,0.644137708578752,high,hasn't been refreshed in a while,1
content_fe4e78e9e73f,client_f369cb89fc,0.6441143146100428,high,hasn't been refreshed in a while,1
content_0b5d174e7744,client_f369cb89fc,0.6440941544806197,high,one of the older pages in the set,0
content_2525189bc72e,client_f369cb89fc,0.6440341468439206,high,one of the older pages in the set,1
content_65b155afed44,client_f369cb89fc,0.6440114597083374,high,one of the older pages in the set,1
content_6222ffd73b2c,client_f369cb89fc,0.6440113908392355,high,one of the older pages in the set,0
content_e546e8d771ec,client_f369cb89fc,0.643923298728479,high,one of the older pages in the set,1
content_4ebb11b334f1,client_f369cb89fc,0.6438527443466973,high,one of the older pages in the set,0
content_9b24023c059f,client_f369cb89fc,0.6437804262187551,high,hasn't been refreshed in a while,0
content_574f08786f19,client_f369cb89fc,0.6437601071942214,high,one of the older pages in the set,1
content_8f99ad7e027c,client_f369cb89fc,0.6437485182029588,high,one of the older pages in the set,1
content_8881aba1e852,client_f369cb89fc,0.6437235122771338,high,hasn't been refreshed in a while,1
content_e70c53facf62,client_8527a891e2,0.6436912462284173,high,hasn't been refreshed in a while,0
content_463e1453a322,client_f369cb89fc,0.6436780361878024,high,one of the older pages in the set,0
content_a005947b4184,client_f369cb89fc,0.643622631118464,high,one of the older pages in the set,0
content_b257022a3f04,client_f369cb89fc,0.6435548461464283,high,one of the older pages in the set,1
content_70e2f3c3f745,client_f369cb89fc,0.6435377489142431,high,one of the older pages in the set,1
content_ff34f5b44cee,client_f369cb89fc,0.6434925542870613,high,one of the older pages in the set,1
content_c8b0f28d2c4e,client_bdd2d3af3a,0.6434767670062842,high,targets a highly competitive keyword,1
content_1245a9eeb0d2,client_8527a891e2,0.6434718846503659,high,hasn't been refreshed in a while,0
content_2a543aa2b4e6,client_f369cb89fc,0.6434670881523575,high,one of the older pages in the set,1
content_694bc660415b,client_f369cb89fc,0.6433509224936602,high,hasn't been refreshed in a while,1
content_3884c87c8828,client_f369cb89fc,0.6433423060398549,high,hasn't been refreshed in a while,1
content_7be5f150dc65,client_f369cb89fc,0.6432996838167618,high,one of the older pages in the set,0
content_2ecfb29cb4ac,client_f369cb89fc,0.6432712598557128,high,hasn't been refreshed in a while,0
content_b6ba8b483c64,client_f369cb89fc,0.6432601102381406,high,hasn't been refreshed in a while,1
content_4117f561767d,client_f369cb89fc,0.6432192215519976,high,hasn't been refreshed in a while,0
content_6aa31bd1dc5e,client_f369cb89fc,0.6431970716854384,high,hasn't been refreshed in a while,1
content_30b6db592819,client_f369cb89fc,0.6431901483605045,high,one of the older pages in the set,1
content_eb3b2c3bbc34,client_f369cb89fc,0.6431304064946726,high,one of the older pages in the set,1
content_c368ad327e78,client_f369cb89fc,0.6430690944436527,high,hasn't been refreshed in a while,0
content_783373f9d1c7,client_f369cb89fc,0.6430440334817259,high,one of the older pages in the set,1
content_dd4ac84ca18a,client_8527a891e2,0.6430426730153921,high,one of the older pages in the set,0
content_fc980d6e8f57,client_8527a891e2,0.642988171622091,high,hasn't been refreshed in a while,0
content_cf9cdc6cbae6,client_f369cb89fc,0.6429776120669414,high,one of the older pages in the set,1
content_1a8b085d3f40,client_f369cb89fc,0.642893778010967,high,one of the older pages in the set,0
content_4c545c8cd9aa,client_f369cb89fc,0.642834847203025,high,one of the older pages in the set,1
content_dc1b2d69b430,client_f369cb89fc,0.6428257673866955,high,one of the older pages in the set,0
content_33a6f60938ab,client_8527a891e2,0.6428147389788786,high,hasn't been refreshed in a while,1
content_14f5c86b0571,client_f369cb89fc,0.6427437779461931,high,hasn't been refreshed in a while,1
content_1ee0de2d2fc6,client_f369cb89fc,0.6427393219891367,high,one of the older pages in the set,1
content_e80f8635bb00,client_f369cb89fc,0.6427295568880355,high,one of the older pages in the set,0
content_42fbb334788f,client_434c9b5ae5,0.6427237881636396,high,one of the older pages in the set,0
content_c51634cac476,client_f369cb89fc,0.6427049343525184,high,one of the older pages in the set,1
content_f7a8c37e7eaa,client_f369cb89fc,0.6426981434940262,high,one of the older pages in the set,1
content_0c329c3f2934,client_f369cb89fc,0.6426707253928301,high,one of the older pages in the set,1
content_54aaf33f64b4,client_f369cb89fc,0.6426445158911998,high,hasn't been refreshed in a while,1
content_ce92cb5a06dc,client_f369cb89fc,0.6426239450483027,high,one of the older pages in the set,1
content_2368b6c7fbad,client_8527a891e2,0.6426015233017617,high,hasn't been refreshed in a while,0
content_7699bf350645,client_f369cb89fc,0.6425944035548484,high,one of the older pages in the set,0
content_d32b28c9bae4,client_f369cb89fc,0.642580815734009,high,one of the older pages in the set,0
content_c87919f2b762,client_f369cb89fc,0.642515330216506,high,hasn't been refreshed in a while,1
content_650ebaf394bb,client_f369cb89fc,0.642492322280456,high,one of the older pages in the set,0
content_32a36b37175a,client_f369cb89fc,0.6424722092099322,high,one of the older pages in the set,1
content_46f437984262,client_8527a891e2,0.6424620867684215,high,hasn't been refreshed in a while,1
content_e38b7fe0f8a5,client_f369cb89fc,0.6424612964736947,high,hasn't been refreshed in a while,0
content_5db5f90e5501,client_f369cb89fc,0.6424364340358679,high,one of the older pages in the set,0
content_558717798c3b,client_f369cb89fc,0.642425944626928,high,one of the older pages in the set,1
content_6d69230ca905,client_8b940be7fb,0.64239263576747,high,one of the older pages in the set,0
content_869b5c392fda,client_f369cb89fc,0.6423663280689305,high,one of the older pages in the set,0
content_65d2cecfb022,client_f369cb89fc,0.6423261841704396,high,hasn't been refreshed in a while,1
content_1949eb8a9d1e,client_8b940be7fb,0.6423010318942475,high,hasn't been refreshed in a while,0
content_6ca98221ccd9,client_f369cb89fc,0.6422774352721047,high,one of the older pages in the set,0
content_b45f91ebc732,client_4e07408562,0.6422431263147564,high,hasn't been refreshed in a while,0
content_f370347f8d22,client_8527a891e2,0.6422427645134774,high,hasn't been refreshed in a while,0
content_e6b24e3d2e0c,client_f369cb89fc,0.6422338114920685,high,hasn't been refreshed in a while,0
content_abef99f293a8,client_f369cb89fc,0.6422056865946397,high,hasn't been refreshed in a while,1
content_d79526b7eb95,client_8527a891e2,0.6421741655838342,high,hasn't been refreshed in a while,0
content_90f354aa255e,client_f369cb89fc,0.6421151965998945,high,one of the older pages in the set,1
content_e7ba1b0ebce8,client_f369cb89fc,0.6420655036982649,high,one of the older pages in the set,0
content_3b30f008629d,client_f369cb89fc,0.6420627288951102,high,one of the older pages in the set,1
content_982916749e6d,client_f369cb89fc,0.6420486708105169,high,one of the older pages in the set,1
content_a2e49b430ebe,client_f369cb89fc,0.6420019631854305,high,one of the older pages in the set,1
content_5ef305add4a3,client_f369cb89fc,0.6419631668022027,high,one of the older pages in the set,0
content_85c64634e986,client_f369cb89fc,0.6419006312751392,high,hasn't been refreshed in a while,1
content_9dbd12523260,client_f369cb89fc,0.6418935828810166,high,one of the older pages in the set,1
content_43cee7a2e67e,client_f369cb89fc,0.6418767908254003,high,one of the older pages in the set,1
content_78d46bee6efa,client_bdd2d3af3a,0.641863159227892,high,one of the older pages in the set,1
content_4bed8567926a,client_f369cb89fc,0.6418307568655385,high,one of the older pages in the set,1
content_dbb4c75afccc,client_4e07408562,0.6418247124871266,high,hasn't been refreshed in a while,0
content_3d8e2761455e,client_f369cb89fc,0.6418213655305507,high,one of the older pages in the set,1
content_6493ac173e55,client_f369cb89fc,0.6418146772904199,high,one of the older pages in the set,1
content_82f533414258,client_f369cb89fc,0.6418131619467695,high,one of the older pages in the set,1
content_be9b91f81ef5,client_4e07408562,0.6417970343150554,high,hasn't been refreshed in a while,0
content_fd12e5168b90,client_f369cb89fc,0.6417725831005746,high,one of the older pages in the set,1
content_138e5f3d747a,client_f369cb89fc,0.6417548040608518,high,one of the older pages in the set,0
content_3d72eab872f6,client_8527a891e2,0.6417475668005816,high,hasn't been refreshed in a while,1
content_5e67bb4ef214,client_f369cb89fc,0.6417402049509446,high,one of the older pages in the set,1
content_a6d7eae49665,client_f369cb89fc,0.641739087293562,high,one of the older pages in the set,0
content_4d8e62d0412c,client_f369cb89fc,0.6417288636913473,high,one of the older pages in the set,1
content_e6519623a098,client_f369cb89fc,0.6417222108385987,high,hasn't been refreshed in a while,0
content_4fe68329e821,client_f369cb89fc,0.6417210470903472,high,one of the older pages in the set,0
content_37ddbefe2b2b,client_f369cb89fc,0.6417077407022483,high,one of the older pages in the set,0
content_d10d476fbfa5,client_f369cb89fc,0.6416952220279201,high,targets a highly competitive keyword,1
content_135baf84d5ce,client_f369cb89fc,0.6416802646385416,high,one of the older pages in the set,1
content_537f0ba225a5,client_f369cb89fc,0.6416323311697318,high,hasn't been refreshed in a while,1
content_7bb178f70036,client_f369cb89fc,0.6416316666581084,high,one of the older pages in the set,1
content_f2ae8c0e865b,client_f369cb89fc,0.6416030228863683,high,one of the older pages in the set,1
content_20b682542a31,client_f369cb89fc,0.6415944463045106,high,one of the older pages in the set,1
content_d5fd572a925f,client_f369cb89fc,0.6415557027135144,high,one of the older pages in the set,1
content_7d6b3ac3ad96,client_f369cb89fc,0.6415423368003985,high,one of the older pages in the set,1
content_de8e9909d824,client_8527a891e2,0.6415216213402058,high,one of the older pages in the set,0
content_f427f138e9c6,client_8527a891e2,0.6414955841937149,high,hasn't been refreshed in a while,0
content_f297a8c6b841,client_f369cb89fc,0.6414734454380917,high,one of the older pages in the set,0
content_a755d2ee76e5,client_f369cb89fc,0.6414546658609735,high,hasn't been refreshed in a while,1
content_c77076f8b045,client_f369cb89fc,0.6414244546012021,high,one of the older pages in the set,1
content_587fdf6f18f8,client_f369cb89fc,0.6413967091265107,high,one of the older pages in the set,1
content_27a228f76e45,client_f369cb89fc,0.6413884213834864,high,one of the older pages in the set,0
content_93626b5741e8,client_f369cb89fc,0.6413819007476992,high,one of the older pages in the set,0
content_da4145924178,client_8527a891e2,0.6413649254376592,high,hasn't been refreshed in a while,0
content_0bdbd4bdafd6,client_f369cb89fc,0.6413555409124988,high,hasn't been refreshed in a while,1
content_5589a28d0374,client_f369cb89fc,0.6413521212821351,high,one of the older pages in the set,1
content_0ee62fc45459,client_bdd2d3af3a,0.6413496173691114,high,one of the older pages in the set,1
content_b275238955fe,client_f369cb89fc,0.6413472504047267,high,one of the older pages in the set,1
content_9179ef0f9ba0,client_f369cb89fc,0.6413250012332647,high,one of the older pages in the set,0
content_4611bb5c7228,client_8527a891e2,0.6413107876514709,high,hasn't been refreshed in a while,0
content_edf5b03b36aa,client_f369cb89fc,0.641262755941968,high,one of the older pages in the set,1
content_8899b467cd41,client_f369cb89fc,0.6412358475839461,high,one of the older pages in the set,1
content_003380cff485,client_f369cb89fc,0.6412334013973264,high,one of the older pages in the set,1
content_dd56958385a4,client_8527a891e2,0.6412000994952887,high,hasn't been refreshed in a while,1
content_b96eec1b6dfe,client_f369cb89fc,0.6411920299715259,high,one of the older pages in the set,1
content_b9b75b2367a3,client_bdd2d3af3a,0.641179104842148,high,hasn't been refreshed in a while,1
content_2a0e5d999eb3,client_8527a891e2,0.6411734371502881,high,hasn't been refreshed in a while,0
content_3135ae17abcf,client_f369cb89fc,0.6411733339489357,high,one of the older pages in the set,1
content_2794fdb52470,client_f369cb89fc,0.6411488285964942,high,one of the older pages in the set,0
content_71019fde780d,client_8527a891e2,0.6411408469458887,high,hasn't been refreshed in a while,0
content_bb82ff64c917,client_8527a891e2,0.6411028755289292,high,hasn't been refreshed in a while,1
content_ee648f3069bc,client_f369cb89fc,0.641086139165317,high,one of the older pages in the set,0
content_2bb574a58d02,client_f369cb89fc,0.6410259695438275,high,one of the older pages in the set,0
content_d149b02b1cb1,client_f369cb89fc,0.6409905715660397,high,one of the older pages in the set,1
content_a4df4a987bec,client_f369cb89fc,0.6409770948076737,high,hasn't been refreshed in a while,1
content_8945388e1fc3,client_f369cb89fc,0.6409392630167418,high,hasn't been refreshed in a while,0
content_33712bc4cc5b,client_f369cb89fc,0.6409204398370059,high,one of the older pages in the set,1
content_d0228804fe10,client_8527a891e2,0.6409123550863345,high,one of the older pages in the set,0
content_31083b832aa0,client_f369cb89fc,0.6408981974898252,high,one of the older pages in the set,1
content_e95d5e80d754,client_f369cb89fc,0.6408819999865617,high,hasn't been refreshed in a while,0
content_b188975de550,client_f369cb89fc,0.640866006076358,high,one of the older pages in the set,1
content_34a6b6ec32d3,client_f369cb89fc,0.6408506543714934,high,one of the older pages in the set,0
content_76a83cc7b31b,client_8527a891e2,0.6408442536975942,high,hasn't been refreshed in a while,0
content_50a911ca4a35,client_f369cb89fc,0.6408410293394429,high,one of the older pages in the set,1
content_76e47929bc42,client_f369cb89fc,0.640818788654801,high,one of the older pages in the set,1
content_004291184aa0,client_f369cb89fc,0.6408154394976375,high,one of the older pages in the set,1
content_71f598d2f965,client_f369cb89fc,0.6407678040289865,high,one of the older pages in the set,0
content_fe055294e798,client_f369cb89fc,0.64075608227269,high,one of the older pages in the set,0
content_212a1a8a419b,client_f369cb89fc,0.6407156707589907,high,one of the older pages in the set,1
content_d14239ef4629,client_f369cb89fc,0.6406773310296103,high,one of the older pages in the set,0
content_6c4e879d335d,client_f369cb89fc,0.6406601982306354,high,one of the older pages in the set,1
content_6a06cceeb86d,client_8527a891e2,0.640650787763138,high,hasn't been refreshed in a while,0
content_c9b9c9e939d1,client_f369cb89fc,0.6406396771159907,high,one of the older pages in the set,1
content_548036123034,client_f369cb89fc,0.6406382122871791,high,one of the older pages in the set,1
content_1a400a80dc02,client_f369cb89fc,0.6406329710083108,high,one of the older pages in the set,0
content_cf296f912fb7,client_8527a891e2,0.6406301854493888,high,hasn't been refreshed in a while,1
content_56b20dc4693f,client_f369cb89fc,0.6406231547020007,high,one of the older pages in the set,1
content_e1b2e152e7fc,client_8527a891e2,0.6406171215072937,high,hasn't been refreshed in a while,0
content_f452475bff46,client_f369cb89fc,0.6406157208339996,high,one of the older pages in the set,0
content_f4136f6033ae,client_f369cb89fc,0.6405869445565069,high,one of the older pages in the set,0
content_820ae6792425,client_f369cb89fc,0.6405846117558992,high,one of the older pages in the set,1
content_5ea475cd4c3b,client_f369cb89fc,0.6405786462214075,high,one of the older pages in the set,1
content_3787d07e1b9a,client_f369cb89fc,0.6405712657896196,high,one of the older pages in the set,0
content_6b42235cade4,client_f369cb89fc,0.6405566476858464,high,one of the older pages in the set,0
content_804d56040bd3,client_8527a891e2,0.6404862723817127,high,hasn't been refreshed in a while,0
content_a864a66b79e8,client_434c9b5ae5,0.6404847048561854,high,hasn't been refreshed in a while,0
content_cff58cdacb80,client_f369cb89fc,0.6404589695129658,high,one of the older pages in the set,0
content_0e9c79c059c0,client_f369cb89fc,0.6404475981741771,high,one of the older pages in the set,0
content_fda1eff38425,client_f369cb89fc,0.6403961426727622,high,one of the older pages in the set,1
content_227c8dfa69ca,client_f369cb89fc,0.6403867339350826,high,one of the older pages in the set,1
content_208d6086e32b,client_f369cb89fc,0.6403742413231946,high,one of the older pages in the set,1
content_85925d6c92b8,client_f369cb89fc,0.6403720241575761,high,hasn't been refreshed in a while,1
content_f43f7e2d9039,client_f369cb89fc,0.6403582939722028,high,hasn't been refreshed in a while,0
content_eb1e4990a930,client_f369cb89fc,0.6403399324745002,high,one of the older pages in the set,0
content_1c58b8669a5d,client_f369cb89fc,0.6403086819267418,high,one of the older pages in the set,0
content_864a2769ac81,client_f369cb89fc,0.6403076989667942,high,one of the older pages in the set,0
content_25d914894523,client_8527a891e2,0.6402746059142282,high,hasn't been refreshed in a while,0
content_a44f5dd132bb,client_8527a891e2,0.6402603785725723,high,hasn't been refreshed in a while,1
content_48ba789153a4,client_f369cb89fc,0.6402373098377531,high,one of the older pages in the set,1
content_e9ad1e9dfbb3,client_bdd2d3af3a,0.6402131830933875,high,one of the older pages in the set,1
content_b5db3c2e6d05,client_f369cb89fc,0.6402048557878265,high,one of the older pages in the set,1
content_e331f45208a0,client_f369cb89fc,0.6401743568261585,high,one of the older pages in the set,0
content_d7e06239830f,client_f369cb89fc,0.6401641804306849,high,one of the older pages in the set,0
content_20150799c3af,client_f369cb89fc,0.640133761521581,high,one of the older pages in the set,1
content_0f3d85f67d55,client_f369cb89fc,0.6401152978980601,high,one of the older pages in the set,1
content_4cec69935dee,client_f369cb89fc,0.6400596436860664,high,one of the older pages in the set,1
content_eae0d1cb0893,client_f369cb89fc,0.6400516105397567,high,one of the older pages in the set,0
content_46cf314d7658,client_f369cb89fc,0.640043704207335,high,one of the older pages in the set,1
content_c4432c324dc6,client_f369cb89fc,0.6400179644320463,high,one of the older pages in the set,0
content_36d36a435fd1,client_f369cb89fc,0.6399900783120515,high,one of the older pages in the set,0
content_399de7f4a3a0,client_f369cb89fc,0.6399662028758327,high,one of the older pages in the set,1
content_eda0e20d4956,client_f369cb89fc,0.6399541702558206,high,hasn't been refreshed in a while,0
content_b0bbe3291c4c,client_f369cb89fc,0.6399517290570351,high,one of the older pages in the set,1
content_0e043e54b06c,client_f369cb89fc,0.6399505918881695,high,one of the older pages in the set,1
content_bd9c8fa38bc8,client_f369cb89fc,0.6399185979731916,high,one of the older pages in the set,0
content_d0b3e7ec062a,client_f369cb89fc,0.6399160215687401,high,one of the older pages in the set,0
content_d028d97a0f72,client_f369cb89fc,0.6399014245376057,high,one of the older pages in the set,1
content_76b37fe07cc3,client_f369cb89fc,0.6398979487173206,high,one of the older pages in the set,0
content_5d861ff2ac94,client_f369cb89fc,0.6398877423105115,high,one of the older pages in the set,1
content_b8c492350d06,client_f369cb89fc,0.6398696417871576,high,one of the older pages in the set,1
content_cd96f3360ce5,client_f369cb89fc,0.6398592018009014,high,one of the older pages in the set,1
content_d8e1b5fb9606,client_4e07408562,0.6398521443177322,high,hasn't been refreshed in a while,0
content_86fbcf2cbd8b,client_f369cb89fc,0.6398261690195819,high,one of the older pages in the set,1
content_01184ecfcb70,client_f369cb89fc,0.6398261249678815,high,one of the older pages in the set,0
content_e781d4b27fe0,client_f369cb89fc,0.6398201776140545,high,hasn't been refreshed in a while,0
content_236f7953ced7,client_f369cb89fc,0.6397823763042167,high,one of the older pages in the set,1
content_3a764930904d,client_f369cb89fc,0.6397820015563764,high,targets a highly competitive keyword,1
content_6e2088b6b6b6,client_f369cb89fc,0.639777439622413,high,one of the older pages in the set,1
content_6b67c651f332,client_f369cb89fc,0.6397695712934062,high,one of the older pages in the set,1
content_d94334a6b69f,client_f369cb89fc,0.6397403008582724,high,one of the older pages in the set,1
content_5d04feb5b4e3,client_f369cb89fc,0.6396870598748458,high,one of the older pages in the set,1
content_123755578af6,client_f369cb89fc,0.639659991119934,high,one of the older pages in the set,0
content_039787762f67,client_f369cb89fc,0.6396566568136394,high,one of the older pages in the set,1
content_41538bdb1b1e,client_bdd2d3af3a,0.6396291826281512,high,hasn't been refreshed in a while,1
content_61b63fe68540,client_f369cb89fc,0.6396258808700339,high,one of the older pages in the set,1
content_cd5b1dd872c6,client_f369cb89fc,0.6395297716584887,high,targets a highly competitive keyword,1
content_6d1c35c27ae1,client_8527a891e2,0.6395152122156719,high,hasn't been refreshed in a while,1
content_10c16c9b435a,client_f369cb89fc,0.6395135873704711,high,hasn't been refreshed in a while,0
content_2c7d1dcb1a18,client_f369cb89fc,0.6394840364729201,high,one of the older pages in the set,0
content_31c056ce910d,client_f369cb89fc,0.6394528494771746,high,hasn't been refreshed in a while,0
content_b0d9646900d0,client_4e07408562,0.639443018372469,high,hasn't been refreshed in a while,0
content_af327fd6f760,client_8527a891e2,0.6394375373709127,high,hasn't been refreshed in a while,0
content_8ee575f72d40,client_f369cb89fc,0.6394229980619368,high,one of the older pages in the set,1
content_046a2f21c507,client_f369cb89fc,0.6393862264570943,high,one of the older pages in the set,0
content_318098e3920c,client_f369cb89fc,0.6393848053703154,high,one of the older pages in the set,0
content_05a2af517f14,client_f369cb89fc,0.6393698776350856,high,one of the older pages in the set,0
content_b1b1392882f8,client_f369cb89fc,0.6393514162255143,high,one of the older pages in the set,1
content_2537cfe44541,client_f369cb89fc,0.6393312558758489,high,one of the older pages in the set,1
content_a3c2440cef67,client_bdd2d3af3a,0.6393212280012881,high,one of the older pages in the set,1
content_655bba05d0ab,client_f369cb89fc,0.6393206952047572,high,one of the older pages in the set,0
content_67d4bd0f7151,client_f369cb89fc,0.6393173442936385,high,one of the older pages in the set,0
content_e41c5adad0e5,client_f369cb89fc,0.6392867214554819,high,one of the older pages in the set,0
content_3db3c9053d5c,client_f369cb89fc,0.639260822546851,high,one of the older pages in the set,1
content_8189ba254e13,client_8527a891e2,0.639260377265677,high,hasn't been refreshed in a while,1
content_b15fab8b1b86,client_f369cb89fc,0.6392401759885571,high,one of the older pages in the set,1
content_605cd753b78d,client_f369cb89fc,0.6392339497821811,high,one of the older pages in the set,1
content_ed65b2e130c6,client_f369cb89fc,0.6392275802629135,high,hasn't been refreshed in a while,1
content_8c16f25e81ce,client_f369cb89fc,0.6392272085593763,high,one of the older pages in the set,0
content_357be7c784ab,client_f369cb89fc,0.6392038970330937,high,one of the older pages in the set,0
content_b03686077f5a,client_f369cb89fc,0.6391997071524784,high,one of the older pages in the set,0
content_33adb9b7c91d,client_f369cb89fc,0.639168395953322,high,hasn't been refreshed in a while,1
content_b564e590d42f,client_f369cb89fc,0.639163614017156,high,one of the older pages in the set,0
content_54944705fb0f,client_8527a891e2,0.6391461300925971,high,hasn't been refreshed in a while,1
content_f3b795db44b9,client_8527a891e2,0.6391166323929007,high,hasn't been refreshed in a while,1
content_c445345f9a21,client_f369cb89fc,0.6391104606099635,high,one of the older pages in the set,0
content_d4d2bef70f5a,client_8527a891e2,0.6390809490829688,high,hasn't been refreshed in a while,1
content_6d413f45ce9c,client_434c9b5ae5,0.6390608345262898,high,hasn't been refreshed in a while,0
content_ce154fd0f9ba,client_8527a891e2,0.6390561071113589,high,hasn't been refreshed in a while,1
content_d5eab5842a02,client_f369cb89fc,0.6390274235913319,high,one of the older pages in the set,1
content_95cf24054018,client_f369cb89fc,0.6390272332946876,high,one of the older pages in the set,1
content_3348fef1a464,client_8527a891e2,0.6390246768582161,high,hasn't been refreshed in a while,1
content_bb9018e32ba7,client_f369cb89fc,0.6390245859365421,high,hasn't been refreshed in a while,1
content_8ff4e95a1d24,client_f369cb89fc,0.6389860905477749,high,one of the older pages in the set,1
content_d10b8ea1be67,client_f369cb89fc,0.6389853263951467,high,one of the older pages in the set,0
content_0eb3dcfb4fce,client_f369cb89fc,0.6389800890758487,high,one of the older pages in the set,1
content_8f16a5524eee,client_f369cb89fc,0.6389629299584981,high,one of the older pages in the set,1
content_b899aa06520a,client_f369cb89fc,0.6389506698060848,high,hasn't been refreshed in a while,0
content_01a1cc81e480,client_f369cb89fc,0.6389339828825256,high,one of the older pages in the set,0
content_e3b3dbaf595b,client_f369cb89fc,0.6389325853420382,high,one of the older pages in the set,0
content_e60f0fceb3db,client_f369cb89fc,0.6389138955035244,high,one of the older pages in the set,0
content_e628596233d7,client_f369cb89fc,0.6389057528028674,high,one of the older pages in the set,1
content_461917ed0e2b,client_f369cb89fc,0.6388878348816776,high,one of the older pages in the set,1
content_dc2d89eb23d3,client_8527a891e2,0.6388807470193637,high,hasn't been refreshed in a while,0
content_b7fef277c982,client_f369cb89fc,0.6388774830306694,high,one of the older pages in the set,1
content_730d9c90c323,client_f369cb89fc,0.6388600095368772,high,one of the older pages in the set,1
content_223428f683e5,client_f369cb89fc,0.6388326410854288,high,one of the older pages in the set,1
content_cceb86aa5a80,client_f369cb89fc,0.6388067824770662,high,one of the older pages in the set,0
content_bf313c86ff6b,client_f369cb89fc,0.6387652791238334,high,one of the older pages in the set,1
content_4c1afd5ebb50,client_f369cb89fc,0.6387645553923753,high,one of the older pages in the set,0
content_5331ea9e4409,client_f369cb89fc,0.6386920473190618,high,one of the older pages in the set,1
content_238cdd85cbc9,client_f369cb89fc,0.6386811233778084,high,one of the older pages in the set,1
content_93436a324e16,client_f369cb89fc,0.6386739653293704,high,one of the older pages in the set,0
content_459756cca996,client_f369cb89fc,0.6386622603746116,high,one of the older pages in the set,0
content_0921985d4f41,client_f369cb89fc,0.6386257404920063,high,one of the older pages in the set,1
content_3a4704b3910b,client_f369cb89fc,0.6386245297775451,high,one of the older pages in the set,0
content_4b7a721bc15c,client_f369cb89fc,0.6385659414701395,high,one of the older pages in the set,1
content_bd4f55aa933f,client_f369cb89fc,0.6385472250848535,high,one of the older pages in the set,1
content_675f93f2a88f,client_f369cb89fc,0.6385253317738837,high,one of the older pages in the set,1
content_ff252e67e9f7,client_f369cb89fc,0.6384944986821711,high,one of the older pages in the set,0
content_d4c48465c0af,client_f369cb89fc,0.6384921051546992,high,one of the older pages in the set,1
content_a31cad37ea8a,client_8b940be7fb,0.6384896143860282,high,one of the older pages in the set,0
content_534e70dbc24d,client_f369cb89fc,0.6384889677662311,high,one of the older pages in the set,0
content_4d3620e6e834,client_8527a891e2,0.6384816705189712,high,hasn't been refreshed in a while,0
content_23bcee6836bd,client_f369cb89fc,0.6384649549131983,high,one of the older pages in the set,1
content_ee6ee1010d56,client_f369cb89fc,0.6384488048340787,high,one of the older pages in the set,0
content_171c53b3914e,client_f369cb89fc,0.6384324492654049,high,one of the older pages in the set,1
content_ea2c693b640c,client_f369cb89fc,0.6384288253292361,high,hasn't been refreshed in a while,1
content_07f0d247ca66,client_bdd2d3af3a,0.6384284108358687,high,one of the older pages in the set,1
content_18dd27779cb8,client_f369cb89fc,0.6384182439993451,high,one of the older pages in the set,1
content_86003ed8aa34,client_f369cb89fc,0.6383994665522404,high,one of the older pages in the set,1
content_3fd146b093c7,client_f369cb89fc,0.6383989771361833,high,one of the older pages in the set,0
content_a7c7232f428c,client_f369cb89fc,0.6383935521200277,high,one of the older pages in the set,1
content_7cd9b5db3ea1,client_f369cb89fc,0.6383345985125325,high,hasn't been refreshed in a while,1
content_b2d55d6a2b8b,client_8527a891e2,0.6383237780314654,high,hasn't been refreshed in a while,1
content_f8d20d27773f,client_4e07408562,0.6382382896518599,high,hasn't been refreshed in a while,0
content_97ded6664747,client_f369cb89fc,0.6382272158222727,high,one of the older pages in the set,0
content_d3a9e35e0751,client_f369cb89fc,0.6382244327231411,high,one of the older pages in the set,0
content_1771a1a3c43c,client_f369cb89fc,0.6382102060292558,high,one of the older pages in the set,1
content_769249f1a7e6,client_f369cb89fc,0.6381984442377737,high,hasn't been refreshed in a while,1
content_57334eec7b85,client_f369cb89fc,0.6381953306667071,high,one of the older pages in the set,0
content_af93cd2b52fb,client_f369cb89fc,0.6381615964949384,high,one of the older pages in the set,0
content_607b68ae4a6f,client_f369cb89fc,0.6381574875014483,high,one of the older pages in the set,1
content_94aa12419622,client_f369cb89fc,0.6381295455933989,high,one of the older pages in the set,0
content_2e590ab028f9,client_f369cb89fc,0.6381187208565786,high,one of the older pages in the set,0
content_c7da8834e84f,client_f369cb89fc,0.6381182151970362,high,one of the older pages in the set,0
content_43cb776e3a3d,client_8527a891e2,0.6381124808536499,high,hasn't been refreshed in a while,0
content_357185a7b5a2,client_f369cb89fc,0.6380736227162513,high,one of the older pages in the set,1
content_6678c613e3c7,client_f369cb89fc,0.6380689789398186,high,one of the older pages in the set,0
content_a1a5015186be,client_f369cb89fc,0.638050271614419,high,one of the older pages in the set,1
content_da476514f660,client_8527a891e2,0.6380198619068073,high,hasn't been refreshed in a while,0
content_5bc63535003b,client_f369cb89fc,0.6380146498759827,high,one of the older pages in the set,0
content_96b7d33fb6dc,client_f369cb89fc,0.6379492123493834,high,one of the older pages in the set,1
content_45f595db0c86,client_f369cb89fc,0.637945853855972,high,one of the older pages in the set,1
content_e1f897cb36ba,client_8527a891e2,0.6379237920279149,high,hasn't been refreshed in a while,0
content_07c67eae1612,client_8527a891e2,0.6379171154666884,high,hasn't been refreshed in a while,1
content_8f1e292ec874,client_f369cb89fc,0.6379135381338538,high,hasn't been refreshed in a while,0
content_fd285d01fcef,client_f369cb89fc,0.6378792458690912,high,one of the older pages in the set,0
content_542e2f789f23,client_f369cb89fc,0.637878657091934,high,hasn't been refreshed in a while,1
content_f61eed3c939b,client_f369cb89fc,0.6378709103563125,high,one of the older pages in the set,0
content_0febf9b1c9c0,client_8527a891e2,0.6378549181854458,high,hasn't been refreshed in a while,0
content_3a7f4f1c58ba,client_f369cb89fc,0.6378482394547895,high,hasn't been refreshed in a while,1
content_dbc9c60adb87,client_8527a891e2,0.6378453203458435,high,one of the older pages in the set,1
content_5508a10bb608,client_f369cb89fc,0.6378206500504257,high,one of the older pages in the set,0
content_552a9396d8dc,client_8527a891e2,0.6378071007355887,high,hasn't been refreshed in a while,0
content_53dbc1ffcf0b,client_f369cb89fc,0.6378070830952721,high,one of the older pages in the set,0
content_e02b544b7a9a,client_f369cb89fc,0.6378009990583527,high,one of the older pages in the set,0
content_a1dfb0636e9c,client_8527a891e2,0.6377923449846291,high,hasn't been refreshed in a while,1
content_d066bbc6e0c2,client_f369cb89fc,0.6377832861526388,high,one of the older pages in the set,1
content_1cb5f2554714,client_f369cb89fc,0.6377808143504596,high,one of the older pages in the set,0
content_1062e150309f,client_f369cb89fc,0.6377496645095365,high,one of the older pages in the set,1
content_1d2233dc3323,client_f369cb89fc,0.6377415542733251,high,hasn't been refreshed in a while,0
content_9f191320f383,client_f369cb89fc,0.6377333586565667,high,one of the older pages in the set,1
content_2d02324d2b0c,client_f369cb89fc,0.6377279562497649,high,one of the older pages in the set,0
content_a01cdf6f5e79,client_f369cb89fc,0.6377258345459694,high,one of the older pages in the set,0
content_addafe3df89b,client_bdd2d3af3a,0.6377014732101508,high,hasn't been refreshed in a while,1
content_c5ac46558df3,client_f369cb89fc,0.6377007783731807,high,one of the older pages in the set,1
content_d660fc1fba2c,client_8527a891e2,0.637686114161958,high,hasn't been refreshed in a while,1
content_8b52bc828676,client_8527a891e2,0.6376823739049562,high,hasn't been refreshed in a while,1
content_82818e437ac1,client_f369cb89fc,0.6375857107225249,high,one of the older pages in the set,1
content_8ef5d43bb725,client_f369cb89fc,0.6375848882395304,high,hasn't been refreshed in a while,0
content_93ebdcd73dd9,client_f369cb89fc,0.6375589447466371,high,one of the older pages in the set,1
content_ed519ddea999,client_f369cb89fc,0.6375042553001513,high,one of the older pages in the set,0
content_aa9a5ef1d884,client_f369cb89fc,0.6375040147273766,high,one of the older pages in the set,1
content_94defa9a6783,client_f369cb89fc,0.6374988286864838,high,one of the older pages in the set,1
content_24514a603a77,client_f369cb89fc,0.6374857217365354,high,one of the older pages in the set,1
content_69bc7f1d3570,client_f369cb89fc,0.6374576680697152,high,targets a highly competitive keyword,0
content_2a5f06c2bfd2,client_f369cb89fc,0.6374074227132743,high,one of the older pages in the set,1
content_268547787415,client_f369cb89fc,0.6374070200961635,high,one of the older pages in the set,1
content_70664afa98a4,client_f369cb89fc,0.6373753064668325,high,one of the older pages in the set,0
content_80d3d61c4846,client_f369cb89fc,0.6373720443501955,high,one of the older pages in the set,1
content_7c59db31efd8,client_f369cb89fc,0.6373634292552519,high,one of the older pages in the set,0
content_4c3440c6f1b9,client_f369cb89fc,0.6373372472321133,high,one of the older pages in the set,0
content_762ad0347f3d,client_f369cb89fc,0.6373274116714799,high,one of the older pages in the set,0
content_17a7b75e1df2,client_8527a891e2,0.6373232096872147,high,hasn't been refreshed in a while,0
content_8598c37f3792,client_f369cb89fc,0.6373195200622073,high,one of the older pages in the set,1
content_e86e004502f7,client_f369cb89fc,0.6373167510537668,high,one of the older pages in the set,1
content_1638f0d2a064,client_f369cb89fc,0.637314210630709,high,one of the older pages in the set,0
content_5f6999309bb5,client_f369cb89fc,0.6372962672225763,high,one of the older pages in the set,0
content_c740eac349f3,client_8527a891e2,0.6372450700984851,high,hasn't been refreshed in a while,1
content_3b1e4d1ee83c,client_f369cb89fc,0.6372155148377762,high,one of the older pages in the set,1
content_241d51cd233c,client_f369cb89fc,0.6371584045431452,high,one of the older pages in the set,1
content_7703e04bff7a,client_f369cb89fc,0.6371371206184654,high,hasn't been refreshed in a while,1
content_5004abcf4b61,client_f369cb89fc,0.6371145884204097,high,one of the older pages in the set,1
content_d5898d99ed25,client_f369cb89fc,0.6371141678449279,high,one of the older pages in the set,0
content_4c9c84b8343d,client_f369cb89fc,0.6370989020823825,high,one of the older pages in the set,0
content_e6c5d6fa7791,client_8527a891e2,0.6370887665912494,high,hasn't been refreshed in a while,0
content_9a2ba4e02292,client_f369cb89fc,0.637042849410504,high,one of the older pages in the set,1
content_a928cb66d230,client_f369cb89fc,0.636993218150499,high,one of the older pages in the set,1
content_47fbca263b16,client_f369cb89fc,0.6369891868811949,high,one of the older pages in the set,0
content_fb5828d5d62f,client_f369cb89fc,0.6369869621269857,high,hasn't been refreshed in a while,1
content_bd4243bfed1d,client_f369cb89fc,0.6369867385344079,high,one of the older pages in the set,1
content_b4b6ec45d9e4,client_8527a891e2,0.6369577924621639,high,hasn't been refreshed in a while,0
content_378c51ef5313,client_f369cb89fc,0.6369568226210185,high,one of the older pages in the set,1
content_fecb8624f9d6,client_f369cb89fc,0.6369282397453798,high,one of the older pages in the set,0
content_91ebaad39a3f,client_f369cb89fc,0.6369029944811506,high,one of the older pages in the set,0
content_7f92ba2acbf7,client_f369cb89fc,0.6368975328673835,high,one of the older pages in the set,0
content_0e00cf2d7787,client_f369cb89fc,0.6368967943170748,high,one of the older pages in the set,0
content_c0b4c660ccdb,client_8527a891e2,0.6368952909169308,high,hasn't been refreshed in a while,0
content_39e637a9cd2b,client_f369cb89fc,0.6368883809035414,high,one of the older pages in the set,0
content_b45d669ab808,client_8527a891e2,0.6368768886279615,high,hasn't been refreshed in a while,0
content_c0540b49b0b3,client_f369cb89fc,0.6368369119476667,high,one of the older pages in the set,0
content_58a4687474f3,client_f369cb89fc,0.6368363096720941,high,one of the older pages in the set,1
content_97ae9323b22f,client_f369cb89fc,0.6368335318837176,high,one of the older pages in the set,1
content_b9a3ac610c64,client_8527a891e2,0.6368255566743853,high,hasn't been refreshed in a while,1
content_3535b372cd43,client_f369cb89fc,0.6367533824484323,high,one of the older pages in the set,0
content_3879128f65a6,client_f369cb89fc,0.6367523444015931,high,one of the older pages in the set,1
content_32097c1cfc4e,client_f369cb89fc,0.6367496715437234,high,hasn't been refreshed in a while,1
content_4a24ce40377e,client_f369cb89fc,0.6367479475601526,high,one of the older pages in the set,0
content_6917e99ae191,client_f369cb89fc,0.6367451310414713,high,one of the older pages in the set,0
content_3f330598d1a6,client_f369cb89fc,0.6367332871730982,high,hasn't been refreshed in a while,1
content_e75a4c8dcaf1,client_f369cb89fc,0.6366855061192398,high,one of the older pages in the set,0
content_9e59c3c921cd,client_8527a891e2,0.6366840597314226,high,hasn't been refreshed in a while,0
content_8c50c8b76450,client_8527a891e2,0.6366837194986942,high,hasn't been refreshed in a while,0
content_94c4557adbde,client_f369cb89fc,0.6365870749814161,high,one of the older pages in the set,0
content_cfabe9fd1d4f,client_f369cb89fc,0.6365767752403827,high,one of the older pages in the set,1
content_c4c6f568084e,client_f369cb89fc,0.6365547573679762,high,one of the older pages in the set,0
content_fe0a9670a08e,client_8527a891e2,0.6365399387739921,high,hasn't been refreshed in a while,0
content_35fb876ad42a,client_f369cb89fc,0.6365373694107423,high,one of the older pages in the set,1
content_5fb8424bac43,client_f369cb89fc,0.6365363990184135,high,one of the older pages in the set,1
content_b5e9e6453511,client_f369cb89fc,0.6365228479393525,high,one of the older pages in the set,1
content_ff102de380d8,client_f369cb89fc,0.6365028770568635,high,one of the older pages in the set,1
content_78bc7e4b8a14,client_8527a891e2,0.6364940384154136,high,hasn't been refreshed in a while,0
content_47806094bb4d,client_f369cb89fc,0.6364900436486872,high,one of the older pages in the set,1
content_054b2d512690,client_f369cb89fc,0.6364655683952989,high,one of the older pages in the set,1
content_21670f9b7917,client_f369cb89fc,0.6364160959298499,high,hasn't been refreshed in a while,0
content_bbb2fe57b49f,client_f369cb89fc,0.6363614147516573,high,hasn't been refreshed in a while,1
content_15a9ca3ffd3e,client_f369cb89fc,0.6363460681285111,high,one of the older pages in the set,1
content_6fafe30f1c8c,client_f369cb89fc,0.6363338420342476,high,hasn't been refreshed in a while,1
content_837ee719f74b,client_f369cb89fc,0.6362947438104044,high,one of the older pages in the set,1
content_09b0c786fb69,client_f369cb89fc,0.6362718165414629,high,one of the older pages in the set,1
content_5fd6ce0b4236,client_8527a891e2,0.636271075359543,high,hasn't been refreshed in a while,1
content_167cb3631905,client_8527a891e2,0.636268433294305,high,hasn't been refreshed in a while,0
content_52a8a945cfc3,client_f369cb89fc,0.6362636448447269,high,one of the older pages in the set,1
content_32b5cefc57a7,client_f369cb89fc,0.6362548674500677,high,hasn't been refreshed in a while,1
content_47733ed83880,client_f369cb89fc,0.6362545520261925,high,one of the older pages in the set,0
content_f72a08df7927,client_f369cb89fc,0.6362464191863448,high,one of the older pages in the set,1
content_0cbc4d4326d5,client_8527a891e2,0.6362102837452369,high,hasn't been refreshed in a while,0
content_451632c0629a,client_f369cb89fc,0.6361938588953555,high,one of the older pages in the set,1
content_a808e255ed8d,client_f369cb89fc,0.6361559960458781,high,one of the older pages in the set,0
content_2c363f32b2ac,client_f369cb89fc,0.6361085139273981,high,one of the older pages in the set,1
content_0444b03c0142,client_f369cb89fc,0.6360786920564809,high,one of the older pages in the set,1
content_500d7264d930,client_8527a891e2,0.636014949636496,high,hasn't been refreshed in a while,1
content_45daf8d6a140,client_8527a891e2,0.635978676270038,high,hasn't been refreshed in a while,1
content_202424f97d35,client_f369cb89fc,0.6358957462589638,high,one of the older pages in the set,0
content_bd9e508a940e,client_f369cb89fc,0.6358787133233952,high,one of the older pages in the set,1
content_5dbc18c7697f,client_f369cb89fc,0.6358760867099267,high,one of the older pages in the set,0
content_d5a9fc0e9ea6,client_f369cb89fc,0.635848236541787,high,one of the older pages in the set,1
content_5a6586e57032,client_8527a891e2,0.6358272092535672,high,one of the older pages in the set,1
content_4a9b9ed29b10,client_f369cb89fc,0.6358218901375184,high,hasn't been refreshed in a while,1
content_8bf0e80d273c,client_8527a891e2,0.6358166740614628,high,hasn't been refreshed in a while,0
content_e1db7ede3c55,client_8527a891e2,0.6358007917209408,high,hasn't been refreshed in a while,0
content_499076ef81ae,client_f369cb89fc,0.6357874956550114,high,one of the older pages in the set,1
content_aff115c49a86,client_f369cb89fc,0.6357811811486876,high,one of the older pages in the set,0
content_ba467e170ece,client_f369cb89fc,0.6357804821297123,high,one of the older pages in the set,0
content_cc1a7065fda5,client_f369cb89fc,0.6357551865280663,high,one of the older pages in the set,0
content_132a80648ff5,client_f369cb89fc,0.6357258379852888,high,one of the older pages in the set,1
content_d47a51e291f1,client_f369cb89fc,0.6357238762831497,high,one of the older pages in the set,0
content_19a0ea97d3c9,client_8527a891e2,0.6356551345382223,high,hasn't been refreshed in a while,1
content_1f1c6b273a44,client_f369cb89fc,0.6356450583616584,high,hasn't been refreshed in a while,1
content_ee36185a4611,client_f369cb89fc,0.635606009425961,high,one of the older pages in the set,1
content_ad5347f06460,client_8527a891e2,0.635603030087167,high,hasn't been refreshed in a while,1
content_ea1569d6257e,client_f369cb89fc,0.6356013387445062,high,one of the older pages in the set,1
content_704dfa134e67,client_f369cb89fc,0.6355824185893227,high,one of the older pages in the set,1
content_0adbfc6a2e45,client_f369cb89fc,0.635558101268777,high,one of the older pages in the set,0
content_c7e4dcbaae4a,client_f369cb89fc,0.6355491443700672,high,one of the older pages in the set,0
content_fdb0d6122e7f,client_f369cb89fc,0.6355388652158562,high,one of the older pages in the set,0
content_b3f2ac089cc6,client_f369cb89fc,0.6355330094354208,high,hasn't been refreshed in a while,1
content_a3346667cc6f,client_f369cb89fc,0.6355250989921503,high,one of the older pages in the set,1
content_76f8fdce4d6e,client_f369cb89fc,0.6355170325721582,high,one of the older pages in the set,1
content_3315313d6930,client_f369cb89fc,0.635514243621427,high,one of the older pages in the set,0
content_9a29756fbe1e,client_f369cb89fc,0.6354715038405966,high,one of the older pages in the set,0
content_e5fb887e4de5,client_f369cb89fc,0.6354683579212984,high,one of the older pages in the set,0
content_a62bf7fa639b,client_f369cb89fc,0.635434567677804,high,targets a highly competitive keyword,1
content_ac23cfe2f09f,client_f369cb89fc,0.6353836735706504,high,hasn't been refreshed in a while,0
content_ae38e41bc7d5,client_f369cb89fc,0.6353825128197226,high,one of the older pages in the set,0
content_51818b6f2a4c,client_f369cb89fc,0.6353801157877597,high,one of the older pages in the set,1
content_6cfc1dadd083,client_f369cb89fc,0.6353607138384325,high,one of the older pages in the set,0
content_487541f6730b,client_8527a891e2,0.6353104960546245,high,hasn't been refreshed in a while,0
content_422ea7d8363a,client_4e07408562,0.6353033243541404,high,hasn't been refreshed in a while,0
content_8ea47b2663a0,client_f369cb89fc,0.6352907709598773,high,one of the older pages in the set,0
content_15e0e6081fe9,client_f369cb89fc,0.6352724662851654,high,one of the older pages in the set,0
content_c0ae32ed1997,client_f369cb89fc,0.6352545983576867,high,hasn't been refreshed in a while,1
content_7fd3b038c9e6,client_f369cb89fc,0.6352434012287959,high,one of the older pages in the set,1
content_efe9b5229db9,client_f369cb89fc,0.6352072675981059,high,one of the older pages in the set,0
content_c82bc0c24241,client_f369cb89fc,0.6352065005583896,high,hasn't been refreshed in a while,1
content_2d82d4f4442e,client_f369cb89fc,0.6351973639987469,high,hasn't been refreshed in a while,0
content_349c549e39da,client_8527a891e2,0.6351200302850205,high,hasn't been refreshed in a while,0
content_10fd31ac61bb,client_8527a891e2,0.6350279435923714,high,hasn't been refreshed in a while,0
content_06e5928c931b,client_f369cb89fc,0.6350183142852724,high,one of the older pages in the set,0
content_3523f5fdc859,client_8527a891e2,0.6349522955953835,high,hasn't been refreshed in a while,0
content_19882bd6373d,client_8527a891e2,0.6349249803331373,high,hasn't been refreshed in a while,1
content_8698288db02c,client_f369cb89fc,0.6349114134979198,high,hasn't been refreshed in a while,1
content_ab6ef50b3616,client_f369cb89fc,0.6348931731442131,high,one of the older pages in the set,1
content_f239c6b2fceb,client_8527a891e2,0.6348473324095996,high,hasn't been refreshed in a while,1
content_ca972e51fe31,client_f369cb89fc,0.6348331254683456,high,one of the older pages in the set,0
content_72cd1ff82a34,client_f369cb89fc,0.634821348226449,high,hasn't been refreshed in a while,0
content_7f003d24f1c8,client_8527a891e2,0.63481983221804,high,hasn't been refreshed in a while,1
content_c0eabdedc403,client_f369cb89fc,0.6348068043726809,high,targets a highly competitive keyword,0
content_04fd376dbfa3,client_f369cb89fc,0.6346935993425626,high,one of the older pages in the set,1
content_721dd9bf180c,client_f369cb89fc,0.6346752472222281,high,one of the older pages in the set,1
content_c0821a6e99cf,client_f369cb89fc,0.6346664634832982,high,one of the older pages in the set,0
content_984c4d31ce8c,client_f369cb89fc,0.6346592136025553,high,one of the older pages in the set,0
content_8f376758eb86,client_f369cb89fc,0.6346566989577168,high,one of the older pages in the set,1
content_30690bb675d2,client_f369cb89fc,0.6345945772208418,high,hasn't been refreshed in a while,1
content_5c5f024cd3a6,client_8527a891e2,0.6345644784783552,high,hasn't been refreshed in a while,0
content_0ca85d2f49be,client_f369cb89fc,0.6345613444837928,high,one of the older pages in the set,1
content_40cb4af260c0,client_f369cb89fc,0.6345262452945901,high,one of the older pages in the set,1
content_b2f8a505c3ea,client_f369cb89fc,0.634525926145574,high,hasn't been refreshed in a while,1
content_67e4a3489ca1,client_f369cb89fc,0.6345250323464954,high,hasn't been refreshed in a while,1
content_258f1280e3fe,client_f369cb89fc,0.6345197001994508,high,hasn't been refreshed in a while,0
content_2e7e65ab8ea6,client_f369cb89fc,0.6344659483759296,high,one of the older pages in the set,1
content_1e43fd141a03,client_8527a891e2,0.6344187644582848,high,hasn't been refreshed in a while,1
content_7074b1199a78,client_f369cb89fc,0.6344148589627271,high,one of the older pages in the set,1
content_4b08ae561a4c,client_f369cb89fc,0.6344066390456073,high,one of the older pages in the set,0
content_f13a486a08f2,client_8527a891e2,0.6342922579195971,high,hasn't been refreshed in a while,0
content_2278af03fbbf,client_8527a891e2,0.6341927774309134,high,hasn't been refreshed in a while,0
content_8fd245d1965b,client_8527a891e2,0.6341899401314744,high,hasn't been refreshed in a while,0
content_2a14694cca5f,client_f369cb89fc,0.6341452217970691,high,hasn't been refreshed in a while,1
content_c9bf83ce9dd1,client_f369cb89fc,0.6341369012438761,high,one of the older pages in the set,0
content_3c62618cdd85,client_f369cb89fc,0.634103590542036,high,one of the older pages in the set,1
content_a9a777f92572,client_434c9b5ae5,0.634100122059209,high,hasn't been refreshed in a while,0
content_96d0b45a2268,client_f369cb89fc,0.6340872187672083,high,one of the older pages in the set,1
content_e4135f4031ea,client_f369cb89fc,0.6340589967059588,high,targets a highly competitive keyword,1
content_9440a40f6f4a,client_8527a891e2,0.634035420723892,high,hasn't been refreshed in a while,1
content_1cae0767ba64,client_f369cb89fc,0.634031227534064,high,hasn't been refreshed in a while,1
content_f3f5b1aa5308,client_f369cb89fc,0.6340294690223935,high,targets a highly competitive keyword,1
content_5400d7a7b5a0,client_f369cb89fc,0.6340196706467764,high,one of the older pages in the set,1
content_81daf6da2ed4,client_8527a891e2,0.6339644035575985,high,hasn't been refreshed in a while,0
content_65413064e2f9,client_f369cb89fc,0.6339615707478691,high,hasn't been refreshed in a while,1
content_792cf1b9a0c8,client_f369cb89fc,0.6339387218645655,high,one of the older pages in the set,1
content_43fb79265218,client_8527a891e2,0.6338586701915038,high,hasn't been refreshed in a while,0
content_444e3caf7e18,client_8527a891e2,0.6338165605457587,high,hasn't been refreshed in a while,0
content_5072890ee893,client_f369cb89fc,0.6337545684118946,high,hasn't been refreshed in a while,1
content_e489a56b1b9f,client_f369cb89fc,0.6336698963211439,high,hasn't been refreshed in a while,1
content_7785035cca99,client_f369cb89fc,0.6335616272401492,high,hasn't been refreshed in a while,1
content_5e2eda7398eb,client_f369cb89fc,0.633538943768468,high,one of the older pages in the set,1
content_1f7ef289aa97,client_f369cb89fc,0.6335094778790556,high,hasn't been refreshed in a while,1
content_bfec24fd6a60,client_f369cb89fc,0.6334979238864699,high,one of the older pages in the set,1
content_cb2d43abb7f6,client_f369cb89fc,0.6334788102415827,high,hasn't been refreshed in a while,1
content_f6c21596a9d7,client_f369cb89fc,0.6334576549402151,high,hasn't been refreshed in a while,1
content_d81d8c631f61,client_f369cb89fc,0.6333320074155104,high,hasn't been refreshed in a while,0
content_2d1825cd5280,client_8527a891e2,0.6333119127520433,high,hasn't been refreshed in a while,1
content_b3064bf4f105,client_f369cb89fc,0.6332950373662142,high,one of the older pages in the set,0
content_8cbd08b4d595,client_8527a891e2,0.6332680979452389,high,hasn't been refreshed in a while,1
content_45a8b74d4be2,client_4e07408562,0.6332277532750131,high,hasn't been refreshed in a while,0
content_548d54f56d19,client_8527a891e2,0.6332245217789435,high,hasn't been refreshed in a while,1
content_d983fb4ec74f,client_8527a891e2,0.6332075655980388,high,hasn't been refreshed in a while,1
content_c42047cbce20,client_f369cb89fc,0.6331824013227775,high,one of the older pages in the set,0
content_709da7bf601e,client_f369cb89fc,0.6331459169136175,high,one of the older pages in the set,1
content_6daa046e195c,client_8527a891e2,0.6331391502644462,high,hasn't been refreshed in a while,0
content_102d1a1e54a6,client_f369cb89fc,0.6331313659467143,high,hasn't been refreshed in a while,1
content_0eae5bca3f17,client_f369cb89fc,0.6330953745788763,high,hasn't been refreshed in a while,1
content_e8be66dc64da,client_f369cb89fc,0.6330933612750134,high,one of the older pages in the set,1
content_9264de4c358f,client_8527a891e2,0.6330799841357657,high,hasn't been refreshed in a while,0
content_5ac91b2d8b38,client_8527a891e2,0.6330614833226728,high,hasn't been refreshed in a while,1
content_4ef888bc7987,client_f369cb89fc,0.633035646953695,high,hasn't been refreshed in a while,1
content_1cbf234b0599,client_f369cb89fc,0.6329472776486151,high,one of the older pages in the set,1
content_8fc05eff4a33,client_f369cb89fc,0.6329093584942719,high,hasn't been refreshed in a while,1
content_9e67fb86d1a0,client_f369cb89fc,0.6328908204643852,high,one of the older pages in the set,0
content_87fa79bb8ec0,client_f369cb89fc,0.6328882989306449,high,one of the older pages in the set,0
content_ecbaa580fb86,client_434c9b5ae5,0.6328441511379641,high,hasn't been refreshed in a while,0
content_dc936e2a4bed,client_f369cb89fc,0.632829434315833,high,hasn't been refreshed in a while,1
content_45c48b701376,client_8527a891e2,0.6328228264649075,high,hasn't been refreshed in a while,1
content_9d70410bbefe,client_8527a891e2,0.6328085854939667,high,hasn't been refreshed in a while,1
content_ce5fb58068f4,client_f369cb89fc,0.6327910963990311,high,one of the older pages in the set,0
content_ddfe12fa817b,client_f369cb89fc,0.6327738033660492,high,one of the older pages in the set,0
content_240b4740fa30,client_8527a891e2,0.6327709754971436,high,shorter than typical for this content type,1
content_ccfaa94cd245,client_8527a891e2,0.6327400807513756,high,hasn't been refreshed in a while,0
content_f14d1dd58226,client_8527a891e2,0.6326629970360116,high,hasn't been refreshed in a while,1
content_8b4f0dbe11a9,client_8527a891e2,0.6326547042312475,high,hasn't been refreshed in a while,1
content_3b11268af36e,client_8527a891e2,0.6326309354261842,high,hasn't been refreshed in a while,0
content_32a3582ed699,client_f369cb89fc,0.6326292042258848,high,one of the older pages in the set,1
content_e0995c3f3180,client_8527a891e2,0.6326111456752623,high,hasn't been refreshed in a while,0
content_d8f4eb2d1a32,client_f369cb89fc,0.6325953406542966,high,one of the older pages in the set,0
content_b23ecee1eaf1,client_8527a891e2,0.6325933340501801,high,hasn't been refreshed in a while,0
content_1cc2d0c15fc6,client_f369cb89fc,0.6325640333975304,high,hasn't been refreshed in a while,1
content_74ed7b370eb8,client_8527a891e2,0.6325618724020431,high,hasn't been refreshed in a while,0
content_fb1443847c2e,client_f369cb89fc,0.6325549851885601,high,one of the older pages in the set,0
content_1777590f5506,client_f369cb89fc,0.6325255782666456,high,one of the older pages in the set,1
content_66a9e17988f9,client_f369cb89fc,0.6325160808974033,high,one of the older pages in the set,1
content_1592de3c5e62,client_8527a891e2,0.6324688791620648,high,hasn't been refreshed in a while,0
content_7bf3ad78487a,client_8527a891e2,0.6324461866417228,high,hasn't been refreshed in a while,0
content_5ef76f383560,client_f369cb89fc,0.632420948359176,high,hasn't been refreshed in a while,1
content_77154073d2ff,client_f369cb89fc,0.6323452398924997,high,hasn't been refreshed in a while,0
content_e7d48456ff77,client_f369cb89fc,0.6323445901574843,high,hasn't been refreshed in a while,1
content_95a51bc91a86,client_f369cb89fc,0.6323089970546469,high,one of the older pages in the set,0
content_1f550a070f07,client_f369cb89fc,0.6323067396645332,high,one of the older pages in the set,1
content_ace1680995f5,client_8527a891e2,0.6322988898375492,high,hasn't been refreshed in a while,0
content_16fbae3f28dd,client_f369cb89fc,0.6322763893068657,high,char_count,1
content_7cd66839b508,client_8527a891e2,0.6322425281552467,high,hasn't been refreshed in a while,0
content_5ec81b962409,client_8527a891e2,0.6322281637940936,high,hasn't been refreshed in a while,0
content_db734dacfe53,client_f369cb89fc,0.6322029415625581,high,hasn't been refreshed in a while,1
content_a317044eb190,client_f369cb89fc,0.6321869162133654,high,one of the older pages in the set,0
content_df90bf6b7d9c,client_f369cb89fc,0.6321826035934536,high,targets a highly competitive keyword,1
content_01d21ee8ee13,client_f369cb89fc,0.6321806621296897,high,hasn't been refreshed in a while,1
content_bb2159ee87a3,client_f369cb89fc,0.6321767944633432,high,hasn't been refreshed in a while,0
content_8f1409b2674e,client_8527a891e2,0.6321734881162014,high,hasn't been refreshed in a while,0
content_5588d5185277,client_f369cb89fc,0.6321484648701987,high,hasn't been refreshed in a while,0
content_2f26cc677aad,client_8527a891e2,0.6321163535352885,high,hasn't been refreshed in a while,0
content_d0f7c342f563,client_f369cb89fc,0.6321132238248189,high,one of the older pages in the set,1
content_8d3d36fb50bb,client_f369cb89fc,0.6320848654350207,high,one of the older pages in the set,1
content_7e24f3b27d73,client_8527a891e2,0.6320520905316247,high,hasn't been refreshed in a while,1
content_370f162b9110,client_8527a891e2,0.632029630057978,high,hasn't been refreshed in a while,1
content_e8baefc221d3,client_8527a891e2,0.6320273944232544,high,hasn't been refreshed in a while,0
content_654bf4030796,client_f369cb89fc,0.6320179532931325,high,one of the older pages in the set,0
content_ec301d20bffd,client_8527a891e2,0.631995288334365,high,hasn't been refreshed in a while,1
content_800619815f32,client_8527a891e2,0.6319694195057377,high,hasn't been refreshed in a while,1
content_989ed7a15341,client_f369cb89fc,0.6318962812747229,high,one of the older pages in the set,0
content_e550bce46978,client_8527a891e2,0.6318713887005296,high,hasn't been refreshed in a while,1
content_56077c187b5d,client_8527a891e2,0.6318680527940473,high,hasn't been refreshed in a while,0
content_0e57843e6749,client_8527a891e2,0.631857021394012,high,hasn't been refreshed in a while,0
content_a9631f531f4d,client_f369cb89fc,0.6318430022095342,high,one of the older pages in the set,0
content_22f4d2f58c42,client_434c9b5ae5,0.6318263850001989,high,hasn't been refreshed in a while,0
content_e15068147154,client_f369cb89fc,0.6317268726321397,high,targets a highly competitive keyword,0
content_bd09429b5300,client_f369cb89fc,0.631719512050489,high,hasn't been refreshed in a while,1
content_65b1c7d69af0,client_8527a891e2,0.6316883546142316,high,hasn't been refreshed in a while,0
content_01e6f180a032,client_8527a891e2,0.63167209320491,high,hasn't been refreshed in a while,1
content_049ed55f04f1,client_8527a891e2,0.6316631037395265,high,one of the older pages in the set,1
content_d800cce05023,client_8527a891e2,0.6316528509728684,high,hasn't been refreshed in a while,1
content_f60400155074,client_f369cb89fc,0.6315892275432834,high,hasn't been refreshed in a while,0
content_0b10e0fdb03b,client_8527a891e2,0.6315223706700359,high,hasn't been refreshed in a while,1
content_29ffa7b58884,client_8527a891e2,0.6315089831806716,high,hasn't been refreshed in a while,0
content_cb99813a2f8e,client_f369cb89fc,0.6315036398439834,high,hasn't been refreshed in a while,1
content_c9e010f15592,client_8527a891e2,0.6314806957910728,high,hasn't been refreshed in a while,1
content_7c2dbf3b0577,client_8527a891e2,0.6314284590138269,high,hasn't been refreshed in a while,0
content_63484de88c09,client_f369cb89fc,0.6314223174967349,high,hasn't been refreshed in a while,0
content_62193710bde8,client_8527a891e2,0.6313411549776572,high,one of the older pages in the set,0
content_0e22f3e72c38,client_8527a891e2,0.631269823156183,high,one of the older pages in the set,1
content_4101fc919060,client_8527a891e2,0.6312573573918998,high,hasn't been refreshed in a while,1
content_6ab05b9d2cd8,client_f369cb89fc,0.6312366537373172,high,one of the older pages in the set,0
content_7fbcb3c2bf89,client_8527a891e2,0.6311813876480825,high,hasn't been refreshed in a while,1
content_9e40f2d86a76,client_8527a891e2,0.631163292609303,high,hasn't been refreshed in a while,1
content_925d5c673b05,client_f369cb89fc,0.6310611028879783,high,one of the older pages in the set,0
content_4d9ab09aad97,client_8527a891e2,0.6310373681182965,high,hasn't been refreshed in a while,0
content_cf18d0786169,client_8527a891e2,0.6310335416379507,high,hasn't been refreshed in a while,1
content_797cb8b2c397,client_8527a891e2,0.6310329746880956,high,hasn't been refreshed in a while,1
content_643711d5a1ef,client_f369cb89fc,0.6310288916165903,high,one of the older pages in the set,1
content_3cb90b012eee,client_f369cb89fc,0.6309973221372925,high,hasn't been refreshed in a while,1
content_cc908a61bc6b,client_f369cb89fc,0.630996011659492,high,hasn't been refreshed in a while,0
content_36dd471dc460,client_8527a891e2,0.6309596413216343,high,hasn't been refreshed in a while,1
content_4e4c3c7d57a1,client_f369cb89fc,0.6309528286909147,high,hasn't been refreshed in a while,1
content_a9ca62a8a9eb,client_8527a891e2,0.6309339081142661,high,hasn't been refreshed in a while,1
content_e7c9466c83ff,client_f369cb89fc,0.6308848498612116,high,one of the older pages in the set,1
content_aec39ca4baa1,client_f369cb89fc,0.6307976017501173,high,hasn't been refreshed in a while,0
content_fbc10a3efc41,client_f369cb89fc,0.6307441372319881,high,hasn't been refreshed in a while,1
content_6c1f062a1de8,client_f369cb89fc,0.630703831127369,high,one of the older pages in the set,1
content_67a8646a7b6e,client_8527a891e2,0.6306836296741597,high,hasn't been refreshed in a while,0
content_d001e0b9733e,client_f369cb89fc,0.6306836115584703,high,hasn't been refreshed in a while,1
content_685de0e3b7cb,client_f369cb89fc,0.6306808866505978,high,hasn't been refreshed in a while,0
content_e6441a0aadd5,client_f369cb89fc,0.6306421311215369,high,hasn't been refreshed in a while,1
content_e1268d428b7b,client_f369cb89fc,0.6305926049592013,high,hasn't been refreshed in a while,0
content_177c6d7d9558,client_f369cb89fc,0.6305812799238492,high,hasn't been refreshed in a while,1
content_e12a9b378a1f,client_f369cb89fc,0.6305753008484558,high,targets a highly competitive keyword,0
content_5099fd7ada65,client_8527a891e2,0.6305680138916891,high,hasn't been refreshed in a while,1
content_765d5a7d6ef2,client_8527a891e2,0.6305648803346123,high,hasn't been refreshed in a while,0
content_ea2dcd45a28c,client_f369cb89fc,0.6305180582975004,high,hasn't been refreshed in a while,1
content_367fe17c5d78,client_8527a891e2,0.6304631593927805,high,hasn't been refreshed in a while,0
content_01118d5030d0,client_4e07408562,0.6304027746359913,high,hasn't been refreshed in a while,1
content_7efb00396cfd,client_8527a891e2,0.6303647983947672,high,hasn't been refreshed in a while,0
content_fa4b8e00edf9,client_8527a891e2,0.6303647661126923,high,hasn't been refreshed in a while,1
content_c5a71a912e3f,client_f369cb89fc,0.6303645629389419,high,hasn't been refreshed in a while,1
content_5e5271003234,client_f369cb89fc,0.6303608419767,high,targets a highly competitive keyword,1
content_572cf2566ada,client_8527a891e2,0.6303378985086536,high,hasn't been refreshed in a while,1
content_49077ded3aed,client_f369cb89fc,0.6303307681022977,high,hasn't been refreshed in a while,1
content_cd050ee10f95,client_434c9b5ae5,0.6303233015424089,high,hasn't been refreshed in a while,1
content_352186220c07,client_f369cb89fc,0.6302750599008896,high,hasn't been refreshed in a while,1
content_20b6e6820215,client_8527a891e2,0.6302048934744214,high,hasn't been refreshed in a while,0
content_445693fe3d02,client_8527a891e2,0.6301307101618087,high,hasn't been refreshed in a while,1
content_7018b8ebc6ee,client_f369cb89fc,0.6300947480158092,high,one of the older pages in the set,0
content_012c40b3c72f,client_f369cb89fc,0.6300502985708099,high,one of the older pages in the set,1
content_dcd0eb6325fa,client_8527a891e2,0.6300452424768923,high,hasn't been refreshed in a while,0
content_cc16fcbe3c00,client_f369cb89fc,0.6300369444605178,high,hasn't been refreshed in a while,1
content_63714b4cf87b,client_f369cb89fc,0.6300318090293834,high,one of the older pages in the set,1
content_ed356a0df49b,client_f369cb89fc,0.6300304187679159,high,hasn't been refreshed in a while,0
content_7172c0b0a2d3,client_8527a891e2,0.6300191415349271,high,hasn't been refreshed in a while,1
content_f0328d08cef9,client_8527a891e2,0.6300165015728418,high,hasn't been refreshed in a while,0
content_3ff02328d611,client_8527a891e2,0.6299708876964745,high,hasn't been refreshed in a while,0
content_125ca7619eec,client_f369cb89fc,0.6299625924014411,high,hasn't been refreshed in a while,1
content_e09b5602ba42,client_8527a891e2,0.6299335381075908,high,hasn't been refreshed in a while,0
content_642745013260,client_f369cb89fc,0.6298791036920203,high,targets a highly competitive keyword,1
content_898cc0d1d0ca,client_8527a891e2,0.6298674120831155,high,hasn't been refreshed in a while,0
content_c1c661124902,client_f369cb89fc,0.6298628096755698,high,one of the older pages in the set,0
content_85fd92fe33ef,client_8527a891e2,0.6298345312621529,high,hasn't been refreshed in a while,1
content_83dba2842fe6,client_8527a891e2,0.6298083971921635,high,hasn't been refreshed in a while,1
content_aa0a0e791d47,client_8527a891e2,0.6297579311915991,high,hasn't been refreshed in a while,0
content_70d302cdbdec,client_8527a891e2,0.6297200865631977,high,hasn't been refreshed in a while,0
content_e54835b2ecd6,client_f369cb89fc,0.6297040018020758,high,hasn't been refreshed in a while,1
content_c18521c05222,client_8527a891e2,0.62968174033714,high,hasn't been refreshed in a while,0
content_712fbbbb3481,client_f369cb89fc,0.6296530317657699,high,hasn't been refreshed in a while,0
content_aeb3c0da92cc,client_8527a891e2,0.6296447746902064,high,hasn't been refreshed in a while,1
content_0cb652bd058e,client_f369cb89fc,0.6296204099683023,high,one of the older pages in the set,0
content_cfc68620808e,client_f369cb89fc,0.6296118567374175,high,hasn't been refreshed in a while,1
content_a64878c7d468,client_f369cb89fc,0.6294907096038967,high,one of the older pages in the set,1
content_0c0fe8411e94,client_8527a891e2,0.6294844566037109,high,hasn't been refreshed in a while,1
content_adc8d1c2b00c,client_f369cb89fc,0.6294248878510807,high,one of the older pages in the set,1
content_ce3ea992ab0f,client_434c9b5ae5,0.6293667045146953,high,hasn't been refreshed in a while,0
content_1a47f735791e,client_f369cb89fc,0.6292966450562888,high,hasn't been refreshed in a while,1
content_7fcc5d4ca571,client_f369cb89fc,0.62929282555831,high,hasn't been refreshed in a while,1
content_6fd907bb1711,client_f369cb89fc,0.6292412248952078,high,hasn't been refreshed in a while,0
content_5252d63d75fc,client_434c9b5ae5,0.6292068027024731,high,hasn't been refreshed in a while,1
content_ca79acba2440,client_8527a891e2,0.6291015979754938,high,hasn't been refreshed in a while,0
content_0e32afb161b0,client_8527a891e2,0.6289896576741847,high,hasn't been refreshed in a while,1
content_954b881ec7a5,client_f369cb89fc,0.6289752211325048,high,hasn't been refreshed in a while,0
content_5b60954a7dde,client_8527a891e2,0.6289374110827582,high,hasn't been refreshed in a while,0
content_4d9f36001f06,client_8527a891e2,0.6289139215710287,high,hasn't been refreshed in a while,0
content_d447a286b0ed,client_4e07408562,0.6288690408793112,high,hasn't been refreshed in a while,1
content_31d09b61ad7f,client_f369cb89fc,0.6288517860349792,high,targets a highly competitive keyword,1
content_268910e38131,client_8527a891e2,0.6288343830206737,high,hasn't been refreshed in a while,1
content_21b819522d93,client_f369cb89fc,0.6287447420606165,high,one of the older pages in the set,1
content_1d5ec705cae6,client_434c9b5ae5,0.628740068986982,high,hasn't been refreshed in a while,1
content_d12432b0eab6,client_8527a891e2,0.6286938115291221,high,hasn't been refreshed in a while,1
content_384f92a94aee,client_8527a891e2,0.6286859380359376,high,hasn't been refreshed in a while,0
content_98aa0aecb1d9,client_8527a891e2,0.6286643314538719,high,hasn't been refreshed in a while,1
content_de9d270f0d2a,client_f369cb89fc,0.6286626558193992,high,hasn't been refreshed in a while,0
content_63be0ba923f0,client_f369cb89fc,0.628655824833373,high,one of the older pages in the set,0
content_4002e38e9d64,client_f369cb89fc,0.6286261643263849,high,targets a highly competitive keyword,1
content_54af84f1e737,client_8527a891e2,0.6285926269352292,high,hasn't been refreshed in a while,0
content_02500296ad9a,client_f369cb89fc,0.6285886223637387,high,one of the older pages in the set,0
content_52a0cf81179f,client_8527a891e2,0.6285553864210963,high,hasn't been refreshed in a while,1
content_f629bbef5c7a,client_f369cb89fc,0.628473869674156,high,one of the older pages in the set,0
content_d6731b72c26f,client_f369cb89fc,0.6284674006620162,high,hasn't been refreshed in a while,1
content_0e377a1d8c78,client_f369cb89fc,0.6284490416910861,high,one of the older pages in the set,0
content_67095eb7f5de,client_f369cb89fc,0.6284435449845894,high,hasn't been refreshed in a while,1
content_c148e44db30d,client_8527a891e2,0.6283900452109882,high,hasn't been refreshed in a while,0
content_9cfb7d21dd56,client_f369cb89fc,0.6283899144156785,high,targets a highly competitive keyword,1
content_46d1d96a365d,client_8527a891e2,0.6283346544017836,high,hasn't been refreshed in a while,1
content_1f5837d276bd,client_f369cb89fc,0.6283328945910394,high,hasn't been refreshed in a while,0
content_14b91a8ba3cc,client_434c9b5ae5,0.6282921409531954,high,hasn't been refreshed in a while,1
content_f297b6d960a2,client_8527a891e2,0.628286298109352,high,hasn't been refreshed in a while,0
content_1cafff54ead7,client_f369cb89fc,0.6282767077792382,high,one of the older pages in the set,1
content_0c366323d241,client_8527a891e2,0.6282503745561625,high,hasn't been refreshed in a while,0
content_b1f52d762c14,client_8b940be7fb,0.6282470106202279,high,one of the older pages in the set,1
content_18444c94821e,client_8527a891e2,0.6282407783638634,high,hasn't been refreshed in a while,0
content_0f256e5b0b88,client_8527a891e2,0.6282199194234024,high,hasn't been refreshed in a while,0
content_e1c9c3cb2e16,client_f369cb89fc,0.6281898508506968,high,hasn't been refreshed in a while,1
content_3cd58a4a2731,client_8527a891e2,0.6281378412761327,high,hasn't been refreshed in a while,0
content_83784080ee4d,client_8527a891e2,0.6280988185037883,high,hasn't been refreshed in a while,0
content_2ba626fea4d6,client_8527a891e2,0.6280778845603531,high,hasn't been refreshed in a while,0
content_fc7b2c7c7bb7,client_f369cb89fc,0.6280604463166746,high,hasn't been refreshed in a while,1
content_778a2ce1d5b7,client_8527a891e2,0.6280593461719405,high,hasn't been refreshed in a while,0
content_3c8a47ddc9a2,client_f369cb89fc,0.628054299297622,high,hasn't been refreshed in a while,1
content_730c0b690c12,client_f369cb89fc,0.6280322689816701,high,hasn't been refreshed in a while,0
content_9acd1f0a15e7,client_f369cb89fc,0.6279848562888712,high,one of the older pages in the set,1
content_1687b2824fab,client_f369cb89fc,0.6279639444023147,high,hasn't been refreshed in a while,0
content_cc088a55deca,client_8527a891e2,0.6279435988347222,high,hasn't been refreshed in a while,0
content_f41264b82587,client_8527a891e2,0.6279354636102521,high,hasn't been refreshed in a while,1
content_eb44131698e0,client_8527a891e2,0.6279339581140627,high,hasn't been refreshed in a while,1
content_471caa66d791,client_8527a891e2,0.6279303162679833,high,hasn't been refreshed in a while,1
content_9a5ca91893e0,client_8527a891e2,0.6279073333418791,high,hasn't been refreshed in a while,0
content_a662ef2af9b4,client_8527a891e2,0.62790356180169,high,hasn't been refreshed in a while,1
content_c6cffac60462,client_8527a891e2,0.6278976361149151,high,hasn't been refreshed in a while,1
content_3217f08710e3,client_f369cb89fc,0.627894917636889,high,hasn't been refreshed in a while,1
content_47a93213b130,client_f369cb89fc,0.6278817377235854,high,hasn't been refreshed in a while,1
content_e83d674179f4,client_f369cb89fc,0.6278174325353172,high,one of the older pages in the set,0
content_0ef518e44e5c,client_f369cb89fc,0.6277875161584973,high,one of the older pages in the set,1
content_0e6dbc08d6ae,client_8527a891e2,0.6277279664760391,high,hasn't been refreshed in a while,0
content_de5087a874a9,client_f369cb89fc,0.6276934754191011,high,hasn't been refreshed in a while,1
content_c89fa662f881,client_f369cb89fc,0.6276031074916245,high,hasn't been refreshed in a while,1
content_62ece016c9d8,client_8527a891e2,0.6275999727150363,high,hasn't been refreshed in a while,1
content_0b5ca97c254f,client_8527a891e2,0.6275894768424726,high,hasn't been refreshed in a while,0
content_790cc62d4743,client_8527a891e2,0.6275387379846004,high,hasn't been refreshed in a while,1
content_807836f893a5,client_f369cb89fc,0.627533473861872,high,hasn't been refreshed in a while,1
content_a07cf932b2f1,client_f369cb89fc,0.6275126651401189,high,hasn't been refreshed in a while,0
content_7766ffacdcfa,client_8527a891e2,0.627491075087006,high,hasn't been refreshed in a while,1
content_a8f687741c21,client_f369cb89fc,0.6274714380559966,high,hasn't been refreshed in a while,0
content_8c45c0cbe25e,client_f369cb89fc,0.6274312013112914,high,targets a highly competitive keyword,1
content_9e722da54bd3,client_f369cb89fc,0.6274279492207535,high,hasn't been refreshed in a while,1
content_e988c1699454,client_8527a891e2,0.6274023852306945,high,hasn't been refreshed in a while,1
content_d937c87e41e7,client_f369cb89fc,0.6273523560079357,high,hasn't been refreshed in a while,0
content_a6ef514fd094,client_8527a891e2,0.627330555723625,high,hasn't been refreshed in a while,0
content_b69b7a7bebd1,client_8527a891e2,0.6273249656603617,high,hasn't been refreshed in a while,0
content_f94c2a0e9706,client_f369cb89fc,0.6273195527638806,high,hasn't been refreshed in a while,0
content_01a60328c48b,client_f369cb89fc,0.6272800400329053,high,one of the older pages in the set,0
content_b7ad90f97e21,client_f369cb89fc,0.6271891052608637,high,hasn't been refreshed in a while,0
content_a58930bfa3d3,client_f369cb89fc,0.6271046988281899,high,one of the older pages in the set,0
content_07d062db2b51,client_f369cb89fc,0.6270891579317425,high,hasn't been refreshed in a while,0
content_225dfb507f6c,client_f369cb89fc,0.6270520621051132,high,hasn't been refreshed in a while,1
content_6059a898de26,client_8527a891e2,0.6270287552855277,high,shorter than typical for this content type,0
content_7908b381c1e8,client_f369cb89fc,0.6268118669898469,high,hasn't been refreshed in a while,1
content_8bf9c4807ad7,client_8527a891e2,0.6267943709939694,high,hasn't been refreshed in a while,0
content_eb4273bb86f1,client_434c9b5ae5,0.6267258425681351,high,hasn't been refreshed in a while,1
content_ef298285d6bb,client_8527a891e2,0.6266374057795013,high,hasn't been refreshed in a while,0
content_cc6c749bcdf2,client_8527a891e2,0.6266260154617478,high,hasn't been refreshed in a while,0
content_6a035954876f,client_f369cb89fc,0.6266127326734086,high,hasn't been refreshed in a while,0
content_d96b7987b7c0,client_f369cb89fc,0.6265684916954724,high,hasn't been refreshed in a while,1
content_07645c09399d,client_8527a891e2,0.6265612689029292,high,hasn't been refreshed in a while,0
content_8642a961dd74,client_8b940be7fb,0.6264982516248276,high,hasn't been refreshed in a while,0
content_87845043b009,client_8527a891e2,0.6264864179436171,high,hasn't been refreshed in a while,1
content_5f3fbd7e5521,client_f369cb89fc,0.6264788906933589,high,one of the older pages in the set,1
content_8680b7cb8313,client_f369cb89fc,0.6264507634219539,high,one of the older pages in the set,0
content_8e1e06655e78,client_f369cb89fc,0.6264489075575156,high,hasn't been refreshed in a while,1
content_b430766c20c5,client_bdd2d3af3a,0.6263678194111381,high,hasn't been refreshed in a while,1
content_820965935d2b,client_8527a891e2,0.6263623071501222,high,hasn't been refreshed in a while,0
content_ee2d5b08d99c,client_f369cb89fc,0.6263615678024433,high,hasn't been refreshed in a while,1
content_f1743a78cb16,client_8527a891e2,0.6263521327762885,high,hasn't been refreshed in a while,1
content_d38581402cd5,client_f369cb89fc,0.6263471162532979,high,targets a highly competitive keyword,1
content_3cf332981a39,client_8527a891e2,0.6263402755617401,high,hasn't been refreshed in a while,1
content_47ad75f6e937,client_8527a891e2,0.6263207052285541,high,hasn't been refreshed in a while,0
content_b910884d5a19,client_f369cb89fc,0.6262905942446049,high,hasn't been refreshed in a while,0
content_26cf570cafdc,client_f369cb89fc,0.6262461884610457,high,targets a highly competitive keyword,1
content_a4e295be3ba1,client_f369cb89fc,0.6261243813090132,high,one of the older pages in the set,1
content_0733c992bdbf,client_8527a891e2,0.6261194357326104,high,hasn't been refreshed in a while,0
content_41baf0722ad9,client_8527a891e2,0.6260879813595234,high,hasn't been refreshed in a while,0
content_9090bbd63680,client_4e07408562,0.626082848005436,high,hasn't been refreshed in a while,1
content_1c4abe3464d7,client_f369cb89fc,0.6260775828769222,high,one of the older pages in the set,0
content_7e3be2e230f5,client_4e07408562,0.6260605934310917,high,hasn't been refreshed in a while,0
content_fd1cb7ce68f8,client_8527a891e2,0.6260400391326557,high,hasn't been refreshed in a while,0
content_6b09c696507d,client_f369cb89fc,0.6260127096996007,high,hasn't been refreshed in a while,1
content_c3e4ddfb8650,client_8527a891e2,0.6259654203595447,high,hasn't been refreshed in a while,1
content_049c21f25031,client_8527a891e2,0.625922243790286,high,hasn't been refreshed in a while,0
content_e9e627bf28b4,client_f369cb89fc,0.6258841440446979,high,hasn't been refreshed in a while,1
content_5eb662584155,client_f369cb89fc,0.6258815896682516,high,hasn't been refreshed in a while,1
content_c0055c33c130,client_f369cb89fc,0.6258161461692696,high,hasn't been refreshed in a while,1
content_38d75361615f,client_8527a891e2,0.625669862866782,high,hasn't been refreshed in a while,0
content_c4aa4ab7db55,client_f369cb89fc,0.6256230837155702,high,hasn't been refreshed in a while,0
content_6ee43d307ca9,client_f369cb89fc,0.6256164129856416,high,hasn't been refreshed in a while,1
content_f8e170580eab,client_434c9b5ae5,0.6255400050459563,high,hasn't been refreshed in a while,1
content_d951985a1391,client_8527a891e2,0.6255194298135305,high,hasn't been refreshed in a while,0
content_3164f3076003,client_8527a891e2,0.6254474632712084,high,hasn't been refreshed in a while,0
content_9746794ea57e,client_8527a891e2,0.6254138215438905,high,hasn't been refreshed in a while,0
content_2a9b7d24959d,client_8527a891e2,0.6254084595058307,high,hasn't been refreshed in a while,0
content_abe942de6952,client_f369cb89fc,0.6253462195727355,high,hasn't been refreshed in a while,1
content_4c186d55fb14,client_f369cb89fc,0.6253379875533966,high,hasn't been refreshed in a while,1
content_e213f34f4690,client_8527a891e2,0.6253249660416484,high,hasn't been refreshed in a while,0
content_03bcb8092a4e,client_8527a891e2,0.6253125265841474,high,hasn't been refreshed in a while,1
content_1725b2b2e126,client_f369cb89fc,0.625297181351022,high,hasn't been refreshed in a while,0
content_e06a98b9b38b,client_8527a891e2,0.6252808345266573,high,hasn't been refreshed in a while,0
content_111c744b39f7,client_f369cb89fc,0.6252555503849001,high,hasn't been refreshed in a while,0
content_7a8a0681fd1c,client_f369cb89fc,0.6251981035965197,high,one of the older pages in the set,0
content_27d5a984e469,client_f369cb89fc,0.6251710492373772,high,one of the older pages in the set,0
content_705eaf24be22,client_f369cb89fc,0.6251695283599216,high,hasn't been refreshed in a while,0
content_41fd9c8c5892,client_8527a891e2,0.625115269168241,high,hasn't been refreshed in a while,1
content_685d3fea9361,client_8527a891e2,0.6250681608085565,high,hasn't been refreshed in a while,0
content_c282b558a116,client_f369cb89fc,0.6250405751479784,high,hasn't been refreshed in a while,1
content_9ac61c04930e,client_8527a891e2,0.6250311903903072,high,hasn't been refreshed in a while,1
content_3babe636da1f,client_f369cb89fc,0.6250249619509917,high,hasn't been refreshed in a while,0
content_b004b6b25a63,client_f369cb89fc,0.625000349387283,high,hasn't been refreshed in a while,0
content_6ecc6812ff7b,client_8527a891e2,0.6249993744688244,high,hasn't been refreshed in a while,1
content_06521c9216a0,client_f369cb89fc,0.6249607603570893,high,one of the older pages in the set,0
content_3d5da43ba340,client_8527a891e2,0.6249517126592787,high,hasn't been refreshed in a while,1
content_884811539c8a,client_f369cb89fc,0.6249412732340309,high,hasn't been refreshed in a while,0
content_426e2f454940,client_8527a891e2,0.6249207749909583,high,hasn't been refreshed in a while,1
content_6607847e4454,client_8527a891e2,0.6248825613379743,high,hasn't been refreshed in a while,1
content_fbf521ee13d6,client_434c9b5ae5,0.6248097697866148,high,hasn't been refreshed in a while,0
content_0d7cadb3e82c,client_f369cb89fc,0.6247412265895713,high,one of the older pages in the set,0
content_349da7283258,client_f369cb89fc,0.6247357724311874,high,one of the older pages in the set,0
content_4595e8704e07,client_8527a891e2,0.6247219610048077,high,hasn't been refreshed in a while,1
content_a178dec7e550,client_434c9b5ae5,0.62465787915967,high,hasn't been refreshed in a while,0
content_ade4f6189920,client_8527a891e2,0.6246511560334711,high,hasn't been refreshed in a while,0
content_24305e647310,client_f369cb89fc,0.624601074473749,high,one of the older pages in the set,0
content_e7dc05ae7ea0,client_f369cb89fc,0.6245800771376905,high,hasn't been refreshed in a while,1
content_0b0829e2c111,client_4e07408562,0.6244757323770626,high,hasn't been refreshed in a while,1
content_83e97bdb0ea2,client_8527a891e2,0.6244725357413669,high,hasn't been refreshed in a while,0
content_532c17970442,client_f369cb89fc,0.6244415921553849,high,one of the older pages in the set,1
content_e99bfecfd83d,client_8527a891e2,0.6244102833497783,high,hasn't been refreshed in a while,0
content_58abc05dcae5,client_f369cb89fc,0.6243804332753216,high,one of the older pages in the set,1
content_be5e23c0a35e,client_f369cb89fc,0.6243779132761352,high,one of the older pages in the set,0
content_2ad130bda1a7,client_f369cb89fc,0.6243437188861455,high,one of the older pages in the set,0
content_96dba8ca02c1,client_f369cb89fc,0.6243114154026022,high,hasn't been refreshed in a while,1
content_928c8c749d39,client_f369cb89fc,0.624291394065961,high,hasn't been refreshed in a while,0
content_e022dca246c3,client_8527a891e2,0.6242781737196713,high,hasn't been refreshed in a while,0
content_4949d6107538,client_f369cb89fc,0.6242742208428693,high,hasn't been refreshed in a while,1
content_7915b1fbf8da,client_434c9b5ae5,0.6242631546058398,high,hasn't been refreshed in a while,0
content_753b8b5e0b81,client_8527a891e2,0.6242547453231893,high,hasn't been refreshed in a while,0
content_97fd095ebfd1,client_8527a891e2,0.6242539694515984,high,hasn't been refreshed in a while,0
content_fbbacf50108d,client_8527a891e2,0.6242156322098865,high,hasn't been refreshed in a while,1
content_1e14ade1f5c3,client_f369cb89fc,0.6242017063852227,high,one of the older pages in the set,1
content_5a051ddd8401,client_f369cb89fc,0.6241768427412675,high,hasn't been refreshed in a while,0
content_037e2942d68b,client_8527a891e2,0.6241378699610198,high,hasn't been refreshed in a while,1
content_d700ff22181f,client_8527a891e2,0.6241250295387128,high,hasn't been refreshed in a while,0
content_f89be6a6a437,client_8527a891e2,0.6240998779173775,high,hasn't been refreshed in a while,1
content_947b1d18a006,client_8527a891e2,0.624063789817969,high,hasn't been refreshed in a while,1
content_be497fa14ced,client_f369cb89fc,0.6240417492367818,high,hasn't been refreshed in a while,0
content_10a54e15750b,client_434c9b5ae5,0.6239377783379092,high,hasn't been refreshed in a while,1
content_53a79adb64de,client_434c9b5ae5,0.6239238912471832,high,hasn't been refreshed in a while,1
content_1aa0c0e14f87,client_8527a891e2,0.6238301200784747,high,hasn't been refreshed in a while,1
content_85a09b3e3147,client_8527a891e2,0.62378343249913,high,hasn't been refreshed in a while,1
content_f54baf531356,client_f369cb89fc,0.6237472187640292,high,one of the older pages in the set,0
content_3474a43ad37f,client_8527a891e2,0.6237418113182155,high,hasn't been refreshed in a while,1
content_60b1715cb390,client_8527a891e2,0.623715531782122,high,hasn't been refreshed in a while,0
content_cebd12c46707,client_f369cb89fc,0.6236955665654081,high,hasn't been refreshed in a while,1
content_4b40bc3fc714,client_bdd2d3af3a,0.6236943869148608,high,hasn't been refreshed in a while,1
content_b5e9f5138959,client_f369cb89fc,0.6236870064064259,high,hasn't been refreshed in a while,1
content_438be6c5d53e,client_f369cb89fc,0.6236482728786527,high,hasn't been refreshed in a while,1
content_e3f7ca1529cf,client_f369cb89fc,0.6236350757374707,high,one of the older pages in the set,1
content_a1e65051acf3,client_f369cb89fc,0.6236149622168184,high,targets a highly competitive keyword,1
content_192329b48d4e,client_434c9b5ae5,0.6236142517687268,high,one of the older pages in the set,0
content_f7875bf9d834,client_f369cb89fc,0.6236108464282047,high,hasn't been refreshed in a while,1
content_2b902ae8c3a1,client_f369cb89fc,0.6235980545148615,high,hasn't been refreshed in a while,0
content_194943497a85,client_f369cb89fc,0.6233627579868529,high,hasn't been refreshed in a while,0
content_a14519f42a3e,client_f369cb89fc,0.6233217516267054,high,hasn't been refreshed in a while,0
content_2054b8cda81d,client_8527a891e2,0.6232692801838343,high,hasn't been refreshed in a while,0
content_aec843213e41,client_f369cb89fc,0.623248525120225,high,one of the older pages in the set,1
content_ab4f555bd77b,client_434c9b5ae5,0.6232153374020922,high,hasn't been refreshed in a while,1
content_688efed95e4e,client_f369cb89fc,0.6231807341421065,high,hasn't been refreshed in a while,0
content_13f239ae855d,client_f369cb89fc,0.6230856552154311,high,hasn't been refreshed in a while,1
content_12f4cdf36d45,client_8527a891e2,0.6230438653757598,high,hasn't been refreshed in a while,1
content_28ce9207afa4,client_8527a891e2,0.6230300483349487,high,hasn't been refreshed in a while,1
content_c4c8842a0986,client_f369cb89fc,0.6229906844339488,high,hasn't been refreshed in a while,0
content_3bceba725206,client_f369cb89fc,0.6229683323953059,high,hasn't been refreshed in a while,0
content_68d9ce913acb,client_f369cb89fc,0.6228140161539236,high,hasn't been refreshed in a while,0
content_4ea3cf14c32f,client_8527a891e2,0.6227804504899492,high,hasn't been refreshed in a while,1
content_a31243c8e9b9,client_f369cb89fc,0.6227550743980695,high,hasn't been refreshed in a while,0
content_184d181a6127,client_f369cb89fc,0.6227539469076735,high,hasn't been refreshed in a while,0
content_d4084a4bc775,client_f369cb89fc,0.6227449399661897,high,targets a highly competitive keyword,1
content_4d83f1356803,client_f369cb89fc,0.6227417185595456,high,targets a highly competitive keyword,0
content_d3cc8451ff4f,client_8527a891e2,0.6227401961597007,high,hasn't been refreshed in a while,1
content_4e20d8f86ef3,client_8527a891e2,0.622706965509662,high,hasn't been refreshed in a while,0
content_03ed3e554fc4,client_434c9b5ae5,0.6226403677741474,high,hasn't been refreshed in a while,1
content_2eb047841032,client_8527a891e2,0.6226234191264587,high,hasn't been refreshed in a while,1
content_19cdc614df78,client_f369cb89fc,0.6226029013188283,high,one of the older pages in the set,0
content_f332ee3c133e,client_8527a891e2,0.6225615813348172,high,hasn't been refreshed in a while,1
content_41b771c5fc0c,client_f369cb89fc,0.6225366052030583,high,hasn't been refreshed in a while,1
content_bb1edbf0ba6c,client_4e07408562,0.6225306715560086,high,hasn't been refreshed in a while,1
content_6c61a9a0c897,client_f369cb89fc,0.6225260279431031,high,hasn't been refreshed in a while,0
content_aa29f3c406eb,client_f369cb89fc,0.6225243323211733,high,hasn't been refreshed in a while,1
content_dfb3be68b7c7,client_8527a891e2,0.6225190347244252,high,hasn't been refreshed in a while,0
content_907688f36763,client_f369cb89fc,0.6225053916186171,high,one of the older pages in the set,1
content_94d39841847a,client_8527a891e2,0.6224952328167214,high,hasn't been refreshed in a while,1
content_d1c9dabdb14b,client_f369cb89fc,0.6224946704675782,high,hasn't been refreshed in a while,1
content_77ed8bbc1d2a,client_8527a891e2,0.6224923440412479,high,hasn't been refreshed in a while,1
content_f91f3b36edee,client_f369cb89fc,0.6224741789527208,high,hasn't been refreshed in a while,0
content_f161f19bbead,client_8527a891e2,0.6223188526505615,high,hasn't been refreshed in a while,0
content_27cf7d733c61,client_4e07408562,0.6222830467700369,high,hasn't been refreshed in a while,0
content_5d5a8a61e23b,client_f369cb89fc,0.6222749509992234,high,one of the older pages in the set,0
content_a652438565aa,client_434c9b5ae5,0.622268450852001,high,hasn't been refreshed in a while,1
content_20ba5f5c60f7,client_f369cb89fc,0.6221536363009641,high,hasn't been refreshed in a while,0
content_e06891410fdf,client_8527a891e2,0.6221533441825703,high,hasn't been refreshed in a while,0
content_0996869c2c54,client_f369cb89fc,0.6221471077985216,high,hasn't been refreshed in a while,1
content_6fb7e84bfcbb,client_f369cb89fc,0.6221164399919267,high,hasn't been refreshed in a while,0
content_2c3fb52e5e58,client_f369cb89fc,0.6220531188474715,high,one of the older pages in the set,1
content_ca189bed60cb,client_f369cb89fc,0.6220431897912927,high,targets a highly competitive keyword,1
content_a68032fd9bf5,client_f369cb89fc,0.6219847862362571,high,hasn't been refreshed in a while,1
content_25f3df513e2e,client_f369cb89fc,0.6219762028098068,high,targets a highly competitive keyword,1
content_cd9dbb3c3105,client_f369cb89fc,0.6219169942534554,high,targets a highly competitive keyword,0
content_307acf0a4233,client_8527a891e2,0.621848819192633,high,hasn't been refreshed in a while,0
content_88dbd5690758,client_f369cb89fc,0.6218209951196503,high,hasn't been refreshed in a while,1
content_9e3b6a5b09fd,client_8527a891e2,0.6217980819417291,high,hasn't been refreshed in a while,1
content_9a2747af2adb,client_f369cb89fc,0.6217901539722502,high,hasn't been refreshed in a while,0
content_bad228094da2,client_8527a891e2,0.6217669934883913,high,hasn't been refreshed in a while,1
content_2a8b933ad17e,client_f369cb89fc,0.6217370178810212,high,hasn't been refreshed in a while,0
content_7f5daea21e4d,client_8527a891e2,0.6217191104842168,high,shorter than typical for this content type,1
content_a6a201a10053,client_f369cb89fc,0.6217180321622878,high,one of the older pages in the set,0
content_457796eab16d,client_8527a891e2,0.6217136551340684,high,hasn't been refreshed in a while,0
content_2bcaea970c89,client_f369cb89fc,0.6216985294626104,high,hasn't been refreshed in a while,0
content_76c0dda8c65f,client_f369cb89fc,0.6216762045301558,high,hasn't been refreshed in a while,0
content_09b0e4b05a30,client_f369cb89fc,0.621571099595459,high,targets a highly competitive keyword,1
content_fe49ee6b87c4,client_f369cb89fc,0.621566292109159,high,one of the older pages in the set,0
content_c694763d4685,client_8527a891e2,0.6215307464375911,high,hasn't been refreshed in a while,1
content_aa2a81289728,client_f369cb89fc,0.621438283333922,high,hasn't been refreshed in a while,0
content_06dd592a7b5e,client_8527a891e2,0.6213442623915033,high,hasn't been refreshed in a while,0
content_71b7b4dcc0ec,client_f369cb89fc,0.6213427663486649,high,one of the older pages in the set,1
content_ea651db31344,client_f369cb89fc,0.6213417135218433,high,one of the older pages in the set,0
content_fb9c5a3a9427,client_f369cb89fc,0.6212838608181611,high,hasn't been refreshed in a while,1
content_60d81e7dd1eb,client_8527a891e2,0.6212606952452498,high,hasn't been refreshed in a while,1
content_3b55249bbf1a,client_8527a891e2,0.6212516903067172,high,hasn't been refreshed in a while,0
content_c09e49e87ab2,client_8527a891e2,0.621183175823101,high,hasn't been refreshed in a while,0
content_f0d896cab1ac,client_8527a891e2,0.6211760983152247,high,hasn't been refreshed in a while,0
content_2978fdbfef25,client_f369cb89fc,0.621175098995003,high,hasn't been refreshed in a while,0
content_2dff72da8702,client_4e07408562,0.6211642284277715,high,hasn't been refreshed in a while,0
content_06f6ab41bb5b,client_f369cb89fc,0.6211457233361061,high,hasn't been refreshed in a while,0
content_f6a8bb38f970,client_8527a891e2,0.6210189028488385,high,hasn't been refreshed in a while,0
content_2709d0b946d4,client_f369cb89fc,0.6209470440487315,high,hasn't been refreshed in a while,0
content_d81093249cd6,client_f369cb89fc,0.6209457136495418,high,hasn't been refreshed in a while,1
content_79d7f967722d,client_8527a891e2,0.620941517567035,high,hasn't been refreshed in a while,0
content_f55c4e2464ad,client_f369cb89fc,0.6209393769929705,high,one of the older pages in the set,0
content_4986c5f9b385,client_f369cb89fc,0.6209247485660413,high,hasn't been refreshed in a while,1
content_d837d28950fe,client_8527a891e2,0.6209184626711229,high,hasn't been refreshed in a while,0
content_57cbd255c670,client_f369cb89fc,0.6208446907492129,high,targets a highly competitive keyword,0
content_dedca16a6aa5,client_f369cb89fc,0.6208236492708116,high,hasn't been refreshed in a while,1
content_53285c7434ac,client_f369cb89fc,0.6207624280273972,high,hasn't been refreshed in a while,1
content_ec62c6658504,client_f369cb89fc,0.6207607850812399,high,one of the older pages in the set,0
content_4bc9157109f4,client_f369cb89fc,0.6207345318788297,high,hasn't been refreshed in a while,0
content_1818502f80f4,client_f369cb89fc,0.6207157616409644,high,targets a highly competitive keyword,1
content_f73c382ac270,client_8527a891e2,0.6206471331752766,high,hasn't been refreshed in a while,1
content_bc3b1ade373b,client_f369cb89fc,0.6206076153402189,high,hasn't been refreshed in a while,1
content_4438cb982246,client_f369cb89fc,0.6205442027502146,high,hasn't been refreshed in a while,1
content_751b59f45bdc,client_f369cb89fc,0.6205376975836717,high,hasn't been refreshed in a while,1
content_b9b230d52cfa,client_4e07408562,0.6205197104937994,high,hasn't been refreshed in a while,1
content_37fb0f66d2d8,client_f369cb89fc,0.6205033382197803,high,hasn't been refreshed in a while,1
content_b33cdb38231c,client_f369cb89fc,0.620496656836749,high,hasn't been refreshed in a while,1
content_c5613f8753e3,client_f369cb89fc,0.6204596498101738,high,hasn't been refreshed in a while,0
content_107d00223a30,client_f369cb89fc,0.6204276433981779,high,hasn't been refreshed in a while,0
content_987cec01883e,client_f369cb89fc,0.6204262062751987,high,hasn't been refreshed in a while,0
content_24b028626e04,client_f369cb89fc,0.6203885490431734,high,hasn't been refreshed in a while,1
content_0c8cb6bad4a7,client_f369cb89fc,0.6203600512306624,high,targets a highly competitive keyword,1
content_777a4dd39fd3,client_f369cb89fc,0.6203344978812058,high,hasn't been refreshed in a while,0
content_2e43f59c050d,client_f369cb89fc,0.6203119526416727,high,targets a highly competitive keyword,0
content_2abf85e2acd3,client_f369cb89fc,0.6201779700699938,high,hasn't been refreshed in a while,1
content_ddb55d79736a,client_f369cb89fc,0.6201599710117526,high,targets a highly competitive keyword,0
content_b9ed6b3964b5,client_f369cb89fc,0.6201565585161495,high,hasn't been refreshed in a while,0
content_9cddb78b7a66,client_8527a891e2,0.6201322336955365,high,hasn't been refreshed in a while,0
content_89b746cd8933,client_f369cb89fc,0.6201096098998917,high,hasn't been refreshed in a while,1
content_e92d8f17e0bb,client_8527a891e2,0.6200246156930704,high,hasn't been refreshed in a while,0
content_bc09827ad055,client_f369cb89fc,0.6199084229375371,high,hasn't been refreshed in a while,1
content_6bada6a81afb,client_f369cb89fc,0.6199065293691125,high,hasn't been refreshed in a while,1
content_68436ebf1459,client_f369cb89fc,0.6199022123081294,high,hasn't been refreshed in a while,1
content_500bd3907331,client_4e07408562,0.6198703584379773,high,hasn't been refreshed in a while,0
content_889ae78ef104,client_f369cb89fc,0.6198625353922825,high,targets a highly competitive keyword,1
content_8f0b94aecf20,client_8527a891e2,0.619777078377401,high,hasn't been refreshed in a while,0
content_8c37a11fbbc3,client_f369cb89fc,0.6197620068175859,high,hasn't been refreshed in a while,1
content_e498dc17dc04,client_8527a891e2,0.6196780257610034,high,hasn't been refreshed in a while,0
content_c8ab44f319a3,client_f369cb89fc,0.6196687570409345,high,targets a highly competitive keyword,1
content_ead9ed9be0c4,client_f369cb89fc,0.6195685213273026,high,hasn't been refreshed in a while,0
content_c4d96fe72d8f,client_f369cb89fc,0.6195376763913416,high,hasn't been refreshed in a while,1
content_b003870be70a,client_434c9b5ae5,0.6195359118962537,high,hasn't been refreshed in a while,1
content_4b4a0c7d0b3f,client_8527a891e2,0.6194313037021097,high,hasn't been refreshed in a while,0
content_96963b462656,client_4e07408562,0.6194300942072882,high,hasn't been refreshed in a while,0
content_f5330c56f1ca,client_f369cb89fc,0.6194290865571489,high,targets a highly competitive keyword,1
content_f927deecb98b,client_f369cb89fc,0.6193898788801514,high,hasn't been refreshed in a while,0
content_028f9aa4ac3c,client_f369cb89fc,0.6193388229060969,high,hasn't been refreshed in a while,1
content_4ada3922dcb2,client_f369cb89fc,0.6192422103522042,high,one of the older pages in the set,1
content_481069f86108,client_8527a891e2,0.6192351054483708,high,hasn't been refreshed in a while,1
content_3f8c2b409817,client_f369cb89fc,0.6192125429257088,high,targets a highly competitive keyword,0
content_35d63627bf3e,client_8527a891e2,0.6190842810830386,high,hasn't been refreshed in a while,0
content_983bb4d02103,client_f369cb89fc,0.6190683572191306,high,hasn't been refreshed in a while,1
content_56549ff59b51,client_f369cb89fc,0.6190657523286404,high,targets a highly competitive keyword,1
content_20341c2e4c9f,client_8527a891e2,0.6190293150420051,high,hasn't been refreshed in a while,1
content_cc82c75f451f,client_f369cb89fc,0.6190281221246926,high,hasn't been refreshed in a while,1
content_203ee255b107,client_8527a891e2,0.619014555546464,high,hasn't been refreshed in a while,0
content_711cf2a20000,client_f369cb89fc,0.6189920764181662,high,hasn't been refreshed in a while,0
content_7a8513b2abec,client_8527a891e2,0.6189030899811891,high,hasn't been refreshed in a while,0
content_0919434d503e,client_f369cb89fc,0.6188975039393214,high,one of the older pages in the set,1
content_51ba4f9ce7e6,client_8527a891e2,0.6188821175233853,high,one of the older pages in the set,0
content_7f305454dcb7,client_f369cb89fc,0.6188626066751185,high,hasn't been refreshed in a while,1
content_da992825d25f,client_f369cb89fc,0.6188084438873717,high,hasn't been refreshed in a while,1
content_73ee00dad7f8,client_f369cb89fc,0.6187946466151906,high,targets a highly competitive keyword,0
content_2bc3b7c8b3d9,client_f369cb89fc,0.6187517757342876,high,hasn't been refreshed in a while,1
content_dcc72a7f01f3,client_f369cb89fc,0.6187023130204066,high,targets a highly competitive keyword,1
content_55f8a29e2850,client_f369cb89fc,0.6186000131352487,high,hasn't been refreshed in a while,0
content_6cb62b0178a7,client_8527a891e2,0.6185967529201991,high,hasn't been refreshed in a while,0
content_5b8756caaf86,client_f369cb89fc,0.6185450727769878,high,hasn't been refreshed in a while,1
content_d13841c305d7,client_f369cb89fc,0.618477423023319,high,targets a highly competitive keyword,1
content_f0c9af435cc7,client_434c9b5ae5,0.618397936212957,high,hasn't been refreshed in a while,1
content_c473347996ee,client_f369cb89fc,0.6183889940459859,high,targets a highly competitive keyword,1
content_fb4884e34467,client_4e07408562,0.6183824977684236,high,hasn't been refreshed in a while,1
content_12878065f88e,client_f369cb89fc,0.6183652953661876,high,hasn't been refreshed in a while,1
content_9420e565888a,client_f369cb89fc,0.6183629199380429,high,hasn't been refreshed in a while,0
content_f3baf9504688,client_8527a891e2,0.6183531226626833,high,hasn't been refreshed in a while,1
content_1e9bca8d5b0a,client_f369cb89fc,0.618310007465841,high,targets a highly competitive keyword,0
content_589eb131fcb7,client_f369cb89fc,0.6182664210477897,high,hasn't been refreshed in a while,0
content_aa3c3dca6c0b,client_8527a891e2,0.6182408981943295,high,hasn't been refreshed in a while,0
content_156ec98bccba,client_f369cb89fc,0.6181705199285163,high,hasn't been refreshed in a while,0
content_cc535f78c6c3,client_f369cb89fc,0.6181315131289494,high,hasn't been refreshed in a while,1
content_cda73d3ca1a7,client_f369cb89fc,0.6181137477560082,high,hasn't been refreshed in a while,1
content_7703de337d05,client_f369cb89fc,0.618074590901491,high,one of the older pages in the set,1
content_28d5efaea9bf,client_8527a891e2,0.6180655164530718,high,hasn't been refreshed in a while,1
content_e26d24aad104,client_f369cb89fc,0.6180518320148289,high,hasn't been refreshed in a while,1
content_a3aee9f9c8ac,client_8527a891e2,0.617809700099646,high,hasn't been refreshed in a while,1
content_68fb5ccdc5a2,client_8527a891e2,0.6178071265114661,high,hasn't been refreshed in a while,0
content_8a1c4eac8445,client_f369cb89fc,0.6177967280608302,high,one of the older pages in the set,0
content_eb85eb8d89be,client_f369cb89fc,0.617785566425787,high,hasn't been refreshed in a while,1
content_85888f01be00,client_f369cb89fc,0.6177836534186879,high,hasn't been refreshed in a while,1
content_df6f762cd770,client_f369cb89fc,0.6177668284035701,high,hasn't been refreshed in a while,1
content_7763d04703d0,client_434c9b5ae5,0.6176842749879048,high,hasn't been refreshed in a while,0
content_216a54125880,client_8527a891e2,0.6176802939181407,high,hasn't been refreshed in a while,1
content_66458ac1b739,client_8527a891e2,0.6176507527883737,high,hasn't been refreshed in a while,1
content_1c19b0d3f7d0,client_f369cb89fc,0.6175443613048835,high,targets a highly competitive keyword,0
content_c14777a03767,client_f369cb89fc,0.6175352392533281,high,targets a highly competitive keyword,0
content_4457e91aa4ef,client_8527a891e2,0.6175272664307704,high,hasn't been refreshed in a while,1
content_b3bb1add4be2,client_8527a891e2,0.617525865074695,high,hasn't been refreshed in a while,0
content_6b725466b374,client_f369cb89fc,0.6175008608747422,high,hasn't been refreshed in a while,0
content_c5960f5ee86b,client_f369cb89fc,0.6174914551308248,high,hasn't been refreshed in a while,1
content_ebb156249110,client_f369cb89fc,0.617488945614194,high,hasn't been refreshed in a while,1
content_84eb19a79c66,client_f369cb89fc,0.61747342927198,high,hasn't been refreshed in a while,1
content_3af54e674244,client_f369cb89fc,0.6174642577301949,high,hasn't been refreshed in a while,1
content_ddf94c986f43,client_f369cb89fc,0.617454864129074,high,hasn't been refreshed in a while,1
content_eebf0c818dea,client_4e07408562,0.6173889958868294,high,hasn't been refreshed in a while,0
content_be26cd27c4fd,client_f369cb89fc,0.6173840594694945,high,hasn't been refreshed in a while,1
content_5e2a1d78391f,client_f369cb89fc,0.6173260722414096,high,hasn't been refreshed in a while,1
content_2af826becb07,client_f369cb89fc,0.6173111675126721,high,hasn't been refreshed in a while,1
content_8ba781dafa55,client_8527a891e2,0.6173059915399205,high,hasn't been refreshed in a while,1
content_2c0bf11b4999,client_f369cb89fc,0.6172914440908368,high,hasn't been refreshed in a while,1
content_48aea5f70f31,client_f369cb89fc,0.617283731687625,high,hasn't been refreshed in a while,0
content_03cbe5e8fb64,client_f369cb89fc,0.6172830730959036,high,targets a highly competitive keyword,0
content_43a9ee4391e5,client_f369cb89fc,0.6171851006114892,high,targets a highly competitive keyword,1
content_93172cd5b05f,client_f369cb89fc,0.6171840205855467,high,targets a highly competitive keyword,1
content_a1877c99268d,client_f369cb89fc,0.6171374549030895,high,hasn't been refreshed in a while,0
content_b46c62b14582,client_8527a891e2,0.6170963025882961,high,hasn't been refreshed in a while,0
content_1520bae94c77,client_f369cb89fc,0.6169751378687947,high,hasn't been refreshed in a while,1
content_2d734af51f46,client_f369cb89fc,0.6169332445942652,high,hasn't been refreshed in a while,0
content_0e2a59cb793e,client_8527a891e2,0.6169288283366349,high,hasn't been refreshed in a while,1
content_65e4c2bf0531,client_f369cb89fc,0.6169099023076404,high,targets a highly competitive keyword,0
content_506693a2cdd2,client_8527a891e2,0.6168844124659831,high,hasn't been refreshed in a while,1
content_405cbd1b3550,client_f369cb89fc,0.6168500056858813,high,hasn't been refreshed in a while,1
content_03d074e8f486,client_f369cb89fc,0.6167334519775961,high,targets a highly competitive keyword,1
content_3335b2a38d5f,client_8527a891e2,0.6167175313464814,high,hasn't been refreshed in a while,1
content_d389b3cd65c2,client_f369cb89fc,0.6167153335488449,high,targets a highly competitive keyword,0
content_f3cf1549338d,client_f369cb89fc,0.6166958792044129,high,hasn't been refreshed in a while,1
content_480c6aa4bf00,client_f369cb89fc,0.6166905195690799,high,hasn't been refreshed in a while,1
content_df8d78d63c14,client_f369cb89fc,0.6166402003710623,high,hasn't been refreshed in a while,1
content_163653924794,client_8527a891e2,0.6166326579555803,high,hasn't been refreshed in a while,1
content_fb79d33c4d8a,client_f369cb89fc,0.616553721579584,high,targets a highly competitive keyword,0
content_b32c56556a77,client_f369cb89fc,0.6165117729223838,high,targets a highly competitive keyword,0
content_8c0494cbb9e0,client_f369cb89fc,0.616505843355294,high,targets a highly competitive keyword,0
content_c3a415aefc2d,client_8527a891e2,0.6165001617914432,high,hasn't been refreshed in a while,0
content_ab46905e22f7,client_f369cb89fc,0.6164853019067965,high,targets a highly competitive keyword,1
content_37bb865c7f2f,client_f369cb89fc,0.6164625364111527,high,hasn't been refreshed in a while,1
content_c6ee1892f44b,client_f369cb89fc,0.6164348316690673,high,targets a highly competitive keyword,0
content_97fb04e5dda6,client_8527a891e2,0.6164046074551016,high,hasn't been refreshed in a while,0
content_2c397ee9fc2b,client_f369cb89fc,0.6163947630705771,high,targets a highly competitive keyword,0
content_e816975603a4,client_f369cb89fc,0.6163742281648108,high,hasn't been refreshed in a while,0
content_1a6a4e32a379,client_8527a891e2,0.6163237855619155,high,hasn't been refreshed in a while,0
content_aeac86cce60d,client_f369cb89fc,0.6163216943363811,high,hasn't been refreshed in a while,0
content_122b8ff9d581,client_f369cb89fc,0.6163189532424046,high,hasn't been refreshed in a while,0
content_0f218ca2462a,client_f369cb89fc,0.6162877317156362,high,hasn't been refreshed in a while,1
content_5054bb46ebd8,client_f369cb89fc,0.6162728985250032,high,targets a highly competitive keyword,1
content_17ef23a45359,client_f369cb89fc,0.6162681214347766,high,hasn't been refreshed in a while,1
content_cadd7c74dff0,client_8527a891e2,0.6161548973265324,high,hasn't been refreshed in a while,1
content_50e211c8623a,client_f369cb89fc,0.6161527185532927,high,targets a highly competitive keyword,0
content_b98709292db4,client_f369cb89fc,0.6161492450068824,high,hasn't been refreshed in a while,1
content_baa7232f4846,client_f369cb89fc,0.6161452235069551,high,hasn't been refreshed in a while,1
content_70e80d66f0b0,client_f369cb89fc,0.6160835803321261,high,hasn't been refreshed in a while,1
content_6871b9e18506,client_f369cb89fc,0.616065886031834,high,hasn't been refreshed in a while,0
content_e91e792ca8b0,client_f369cb89fc,0.6160328277608661,high,targets a highly competitive keyword,1
content_f831e08634d5,client_f369cb89fc,0.6160321789011554,high,targets a highly competitive keyword,1
content_a5ae4042f200,client_f369cb89fc,0.6160217240341351,high,hasn't been refreshed in a while,1
content_649c63664f77,client_f369cb89fc,0.6159787579337208,high,one of the older pages in the set,0
content_4f9d6ea47a62,client_f369cb89fc,0.6159734583330798,high,hasn't been refreshed in a while,0
content_64af609a6bd6,client_f369cb89fc,0.6159707438118096,high,targets a highly competitive keyword,1
content_33b76f85ef76,client_f369cb89fc,0.6158470847776888,high,hasn't been refreshed in a while,0
content_d3b495d2eab6,client_f369cb89fc,0.6158329054532251,high,hasn't been refreshed in a while,1
content_669f4f90d41c,client_f369cb89fc,0.6158082368951817,high,hasn't been refreshed in a while,0
content_a0ebfeb791bf,client_f369cb89fc,0.6157839240260796,high,hasn't been refreshed in a while,0
content_e26959d7dd4b,client_f369cb89fc,0.615775783552191,high,hasn't been refreshed in a while,1
content_ef98eb44616e,client_f369cb89fc,0.6157742298955061,high,targets a highly competitive keyword,1
content_e3d9d943dfb8,client_f369cb89fc,0.6157583857948498,high,hasn't been refreshed in a while,0
content_2e6955a6d440,client_f369cb89fc,0.6156823300800639,high,targets a highly competitive keyword,0
content_97804a37420a,client_f369cb89fc,0.615637117956112,high,hasn't been refreshed in a while,1
content_df307009311e,client_f369cb89fc,0.6156186555838696,high,hasn't been refreshed in a while,0
content_6202c6261f49,client_f369cb89fc,0.6156089677991464,high,targets a highly competitive keyword,1
content_fc041e073905,client_f369cb89fc,0.6155550792007207,high,targets a highly competitive keyword,0
content_16b0c7bdba1f,client_8527a891e2,0.6155297141743777,high,hasn't been refreshed in a while,0
content_f9b14b940a10,client_f369cb89fc,0.6155276580539265,high,hasn't been refreshed in a while,0
content_6f1809925000,client_f369cb89fc,0.6155256238162148,high,hasn't been refreshed in a while,0
content_ce388e027e1f,client_f369cb89fc,0.6154667507744594,high,targets a highly competitive keyword,1
content_303f468a9201,client_8527a891e2,0.6154484254134936,high,hasn't been refreshed in a while,0
content_c53fd87a2fa6,client_f369cb89fc,0.6154368710427214,high,hasn't been refreshed in a while,1
content_fc34f96731ff,client_f369cb89fc,0.6153864812462941,high,targets a highly competitive keyword,0
content_bc4411bf8d9f,client_8527a891e2,0.6153660836881681,high,hasn't been refreshed in a while,0
content_656372ca5b8d,client_f369cb89fc,0.6153648769550294,high,hasn't been refreshed in a while,0
content_451ec9fc7e27,client_f369cb89fc,0.6153416862031094,high,targets a highly competitive keyword,0
content_78a2abf4013f,client_f369cb89fc,0.615333336589666,high,hasn't been refreshed in a while,1
content_dadb8369df59,client_434c9b5ae5,0.6152888201114288,high,one of the older pages in the set,0
content_e2cee4291bee,client_f369cb89fc,0.6152151826270933,high,hasn't been refreshed in a while,1
content_437d6e67bfe2,client_f369cb89fc,0.6151473243918116,high,targets a highly competitive keyword,1
content_03b0b358361b,client_8527a891e2,0.6151442433643198,high,hasn't been refreshed in a while,0
content_128de35a7595,client_f369cb89fc,0.6151145463725756,high,targets a highly competitive keyword,1
content_08fd124a6e6f,client_8527a891e2,0.6150780811061924,high,hasn't been refreshed in a while,1
content_d1f3eb45593b,client_4e07408562,0.6150729259374375,high,hasn't been refreshed in a while,0
content_e6708d168e20,client_f369cb89fc,0.6150489565520678,high,hasn't been refreshed in a while,1
content_f9563540cd75,client_f369cb89fc,0.6150299468037768,high,hasn't been refreshed in a while,1
content_c9765c8fedea,client_f369cb89fc,0.6150129594371361,high,hasn't been refreshed in a while,1
content_3f5848968591,client_434c9b5ae5,0.6149253141484808,high,one of the older pages in the set,0
content_76b80127fd2b,client_8527a891e2,0.6148850497080764,high,hasn't been refreshed in a while,0
content_a7371a4c1b1e,client_f369cb89fc,0.6148411125518309,high,targets a highly competitive keyword,0
content_f1fa2456380b,client_f369cb89fc,0.6148130683412664,high,targets a highly competitive keyword,1
content_efe71ab31aca,client_f369cb89fc,0.6147939377861477,high,hasn't been refreshed in a while,1
content_bcaa614da3ad,client_434c9b5ae5,0.6147843950307078,high,hasn't been refreshed in a while,1
content_f8d0a67e22fc,client_f369cb89fc,0.6147268800892317,high,targets a highly competitive keyword,0
content_e2881e0ebe63,client_8527a891e2,0.6147228517839809,high,hasn't been refreshed in a while,0
content_6e1712f8e971,client_8527a891e2,0.6147134867914598,high,hasn't been refreshed in a while,0
content_52a6f8440e34,client_8527a891e2,0.614710685278574,high,hasn't been refreshed in a while,1
content_8eaadfa0d6c8,client_8527a891e2,0.6146914581006707,high,hasn't been refreshed in a while,0
content_31ecff0e6412,client_8527a891e2,0.6146867145395973,high,hasn't been refreshed in a while,0
content_d4d880bb41f3,client_f369cb89fc,0.6146689136784501,high,targets a highly competitive keyword,1
content_96df9eee1651,client_f369cb89fc,0.614644531759837,high,targets a highly competitive keyword,0
content_5a310d0bb418,client_f369cb89fc,0.6145893759542986,high,hasn't been refreshed in a while,0
content_17a3d8717ebd,client_8527a891e2,0.6145715758997626,high,hasn't been refreshed in a while,0
content_ce58f03a98f8,client_f369cb89fc,0.6145637205512611,high,hasn't been refreshed in a while,1
content_70e91ffda1ce,client_f369cb89fc,0.6145235180478708,high,hasn't been refreshed in a while,1
content_3b50b0c27334,client_8527a891e2,0.6145227690485624,high,hasn't been refreshed in a while,0
content_192ec79eda2e,client_8527a891e2,0.6145151217625829,high,hasn't been refreshed in a while,0
content_64c9e22f23f7,client_8527a891e2,0.6144056651687664,high,hasn't been refreshed in a while,0
content_90fbb97f99f4,client_8527a891e2,0.6143836094571654,high,hasn't been refreshed in a while,0
content_6fffcdfb9fbb,client_f369cb89fc,0.6143652375380071,high,targets a highly competitive keyword,1
content_15b35bfd5f84,client_8527a891e2,0.6143333673368152,high,hasn't been refreshed in a while,0
content_3b9ccdcfb7ef,client_f369cb89fc,0.6143242844620868,high,hasn't been refreshed in a while,1
content_0e8bc9bda782,client_8527a891e2,0.6143211162644471,high,hasn't been refreshed in a while,0
content_d716815640bf,client_8527a891e2,0.6142838729385892,high,hasn't been refreshed in a while,0
content_83ba21be7f59,client_f369cb89fc,0.6142762312683974,high,hasn't been refreshed in a while,1
content_48cc6894c726,client_f369cb89fc,0.6142652333139405,high,targets a highly competitive keyword,1
content_908eb37ffde0,client_f369cb89fc,0.6142573094530652,high,hasn't been refreshed in a while,0
content_80c75b9d8e8d,client_f369cb89fc,0.6142352337240469,high,targets a highly competitive keyword,1
content_6bb324a4b763,client_f369cb89fc,0.6141600111902383,high,targets a highly competitive keyword,1
content_e1c02e161be4,client_f369cb89fc,0.6141435472307112,high,targets a highly competitive keyword,1
content_c24ba93e466a,client_f369cb89fc,0.6141333980222452,high,hasn't been refreshed in a while,1
content_cb5e5923a5aa,client_f369cb89fc,0.6140747486190996,high,targets a highly competitive keyword,1
content_35c45cb034ab,client_8527a891e2,0.6140578551072992,high,hasn't been refreshed in a while,0
content_f221e6901462,client_8527a891e2,0.614044934906703,high,hasn't been refreshed in a while,0
content_8ae493fb4fb8,client_f369cb89fc,0.6140335539146317,high,one of the older pages in the set,0
content_5158ffc16039,client_8527a891e2,0.6140311719631099,high,hasn't been refreshed in a while,0
content_7c0142ac3194,client_f369cb89fc,0.6140282787780611,high,targets a highly competitive keyword,1
content_d37aa2b14cff,client_f369cb89fc,0.6139763129832029,high,hasn't been refreshed in a while,0
content_6b3520be1f95,client_f369cb89fc,0.6139620539733325,high,hasn't been refreshed in a while,0
content_825a9788af8d,client_4e07408562,0.6139504466824622,high,hasn't been refreshed in a while,1
content_d2db220c5023,client_8527a891e2,0.6139326817549526,high,hasn't been refreshed in a while,0
content_364d37dd7fb0,client_f369cb89fc,0.6139215008704285,high,hasn't been refreshed in a while,1
content_f11ab248c753,client_f369cb89fc,0.6139118693758855,high,targets a highly competitive keyword,1
content_6677fd6c4ea5,client_4e07408562,0.6138487215497976,high,hasn't been refreshed in a while,0
content_bce06780f4b7,client_8527a891e2,0.6138183224157013,high,hasn't been refreshed in a while,0
content_00530d75a8c7,client_f369cb89fc,0.6137844530279652,high,hasn't been refreshed in a while,0
content_56c3ee623158,client_8527a891e2,0.6137679973976063,high,hasn't been refreshed in a while,0
content_a3bc7e259402,client_8527a891e2,0.6137544538213493,high,hasn't been refreshed in a while,0
content_3c1dc5698b82,client_f369cb89fc,0.6137414944601863,high,hasn't been refreshed in a while,1
content_0f321c06d95b,client_f369cb89fc,0.6137306289845091,high,hasn't been refreshed in a while,0
content_597457ba3cd5,client_f369cb89fc,0.6137201595586451,high,hasn't been refreshed in a while,0
content_2e145e80dd08,client_f369cb89fc,0.6137097352103312,high,hasn't been refreshed in a while,1
content_4a825108b4a1,client_f369cb89fc,0.6136901058220614,high,hasn't been refreshed in a while,0
content_b572f8dba3c4,client_f369cb89fc,0.6136710373762971,high,hasn't been refreshed in a while,0
content_20a9c1921b74,client_8527a891e2,0.6136480656410024,high,hasn't been refreshed in a while,0
content_21c195acbc1c,client_f369cb89fc,0.6135905917726446,high,hasn't been refreshed in a while,1
content_2ce3c50db023,client_f369cb89fc,0.6135884525004971,high,hasn't been refreshed in a while,1
content_a45145406e5f,client_8527a891e2,0.6135877464186453,high,hasn't been refreshed in a while,0
content_b73ce28e6e57,client_8527a891e2,0.6135521640887399,high,hasn't been refreshed in a while,0
content_3e048af23576,client_f369cb89fc,0.6135346367735739,high,hasn't been refreshed in a while,0
content_d80c2f4f82da,client_f369cb89fc,0.6135118453246036,high,targets a highly competitive keyword,1
content_20112fe50abb,client_f369cb89fc,0.6134419328894041,high,hasn't been refreshed in a while,1
content_a9c89dc4dd1e,client_8527a891e2,0.6133685703695961,high,hasn't been refreshed in a while,1
content_e2b8e97ea579,client_f369cb89fc,0.6133590324240713,high,targets a highly competitive keyword,1
content_e6be4a754962,client_434c9b5ae5,0.6133492074124687,high,hasn't been refreshed in a while,1
content_db296fcb6a53,client_f369cb89fc,0.613259673933023,high,hasn't been refreshed in a while,1
content_fcde068b12d7,client_f369cb89fc,0.6132083780786196,high,targets a highly competitive keyword,0
content_365cced53e3e,client_f369cb89fc,0.6131922079671283,high,hasn't been refreshed in a while,0
content_81a89c686b96,client_f369cb89fc,0.6131293239631533,high,one of the older pages in the set,0
content_6a5367976d99,client_f369cb89fc,0.6130840220792625,high,hasn't been refreshed in a while,1
content_7959cb7d586f,client_f369cb89fc,0.6130679363750211,high,targets a highly competitive keyword,1
content_25ca73944527,client_8b940be7fb,0.6130646321728478,high,one of the older pages in the set,0
content_b4570b4d3de2,client_f369cb89fc,0.6130478484050165,high,hasn't been refreshed in a while,0
content_f33bb11b4c2d,client_f369cb89fc,0.6130445295993444,high,hasn't been refreshed in a while,1
content_e420ff479117,client_4e07408562,0.6130078285173527,high,hasn't been refreshed in a while,0
content_4086da47e0d7,client_f369cb89fc,0.6128907241513318,high,targets a highly competitive keyword,1
content_9977bbaa266b,client_8527a891e2,0.6128876003490625,high,hasn't been refreshed in a while,0
content_13f687a89060,client_f369cb89fc,0.6128851021229369,high,targets a highly competitive keyword,0
content_99832ecb371f,client_f369cb89fc,0.6128388800179391,high,hasn't been refreshed in a while,1
content_7d52e164c23c,client_8527a891e2,0.6128369410695383,high,hasn't been refreshed in a while,1
content_8475b08af71b,client_f369cb89fc,0.6128248797913307,high,hasn't been refreshed in a while,1
content_df07516da8db,client_f369cb89fc,0.6128012138323615,high,hasn't been refreshed in a while,1
content_3056e1568e84,client_f369cb89fc,0.6127730642706027,high,targets a highly competitive keyword,1
content_d58dd4ba9247,client_8527a891e2,0.6127547958081393,high,hasn't been refreshed in a while,0
content_35cc533f1bcb,client_f369cb89fc,0.6127424233523695,high,hasn't been refreshed in a while,1
content_2f51445dae6e,client_f369cb89fc,0.6127410434532271,high,targets a highly competitive keyword,1
content_4a0cb29a4fdb,client_8527a891e2,0.612738603997114,high,hasn't been refreshed in a while,1
content_91c02d2830b8,client_f369cb89fc,0.6127073567839391,high,targets a highly competitive keyword,0
content_7c14c899d2c5,client_f369cb89fc,0.6126352658982129,high,targets a highly competitive keyword,1
content_0193115aa8e6,client_f369cb89fc,0.6125750112783912,high,targets a highly competitive keyword,0
content_5a3ff6c13f43,client_8527a891e2,0.612555396816486,high,hasn't been refreshed in a while,1
content_ca8eb8fdc6fa,client_f369cb89fc,0.6124099946947342,high,hasn't been refreshed in a while,0
content_7d1a2e2fe626,client_8527a891e2,0.6123440412580027,high,hasn't been refreshed in a while,0
content_be3e3375b277,client_f369cb89fc,0.6122906889654233,high,hasn't been refreshed in a while,1
content_6264e171fb5f,client_f369cb89fc,0.6122195942629319,high,targets a highly competitive keyword,1
content_e8900ebb63cf,client_f369cb89fc,0.6122107560078949,high,hasn't been refreshed in a while,0
content_3b3fcb7e1a90,client_f369cb89fc,0.6122066423430615,high,targets a highly competitive keyword,0
content_f0d2cde9cec5,client_f369cb89fc,0.6122034182878014,high,hasn't been refreshed in a while,1
content_36ae8f8944d6,client_f369cb89fc,0.6122011601421914,high,hasn't been refreshed in a while,1
content_3312efa9c080,client_8527a891e2,0.6121936881019049,high,hasn't been refreshed in a while,0
content_d00de9241a00,client_f369cb89fc,0.6121477543827952,high,hasn't been refreshed in a while,1
content_89bb2df725d0,client_bdd2d3af3a,0.6121465565756973,high,hasn't been refreshed in a while,1
content_39fdb8374b46,client_4e07408562,0.612124657480737,high,hasn't been refreshed in a while,1
content_1938955b34c4,client_f369cb89fc,0.6120779050779658,high,hasn't been refreshed in a while,1
content_3d522349ef4d,client_f369cb89fc,0.6120702750480157,high,hasn't been refreshed in a while,1
content_bc39d83f620c,client_8527a891e2,0.612038663552303,high,hasn't been refreshed in a while,0
content_f11e974ebf4b,client_8527a891e2,0.612013560306041,high,hasn't been refreshed in a while,1
content_d59fd5fe3b83,client_8527a891e2,0.6119458059774697,high,hasn't been refreshed in a while,1
content_45ae35901c09,client_f369cb89fc,0.6118378994585927,high,hasn't been refreshed in a while,1
content_6c2b2766da47,client_f369cb89fc,0.6118223665179032,high,hasn't been refreshed in a while,1
content_80d1246ba555,client_f369cb89fc,0.6118124931241273,high,hasn't been refreshed in a while,1
content_a9a4194566d0,client_f369cb89fc,0.6117877258276377,high,targets a highly competitive keyword,0
content_a7a69ddb717a,client_f369cb89fc,0.6117844852396919,high,hasn't been refreshed in a while,0
content_b0257e31e0c5,client_f369cb89fc,0.6117664817992686,high,hasn't been refreshed in a while,1
content_d4fb9c8391a0,client_f369cb89fc,0.6117605129247745,high,targets a highly competitive keyword,1
content_6361fbc431f2,client_8527a891e2,0.611694811604284,high,hasn't been refreshed in a while,0
content_3ffc8a7a40ee,client_8527a891e2,0.6116518279511,high,hasn't been refreshed in a while,0
content_001707c6d170,client_f369cb89fc,0.6116463256186686,high,hasn't been refreshed in a while,1
content_ca70c2173fbc,client_f369cb89fc,0.611643399786979,high,hasn't been refreshed in a while,1
content_ff7519d55881,client_f369cb89fc,0.6116376358695151,high,targets a highly competitive keyword,1
content_c7db49821748,client_f369cb89fc,0.6115849655998143,high,hasn't been refreshed in a while,1
content_77a1504fcf76,client_f369cb89fc,0.6115750977822072,high,hasn't been refreshed in a while,1
content_68815fc0cee8,client_8527a891e2,0.6115652046147663,high,hasn't been refreshed in a while,1
content_fe95a108e96a,client_f369cb89fc,0.6115620801869811,high,hasn't been refreshed in a while,1
content_0ba155fc6151,client_8527a891e2,0.611529397908742,high,hasn't been refreshed in a while,0
content_39a104f6d921,client_f369cb89fc,0.6114946983296412,high,hasn't been refreshed in a while,1
content_d9b26e252f36,client_f369cb89fc,0.6114756600976349,high,hasn't been refreshed in a while,0
content_4315e2ea3148,client_f369cb89fc,0.6114642306251478,high,hasn't been refreshed in a while,1
content_783e06a43f8c,client_8527a891e2,0.6114313976527991,high,hasn't been refreshed in a while,1
content_d833c807ccc4,client_f369cb89fc,0.6113817364850103,high,targets a highly competitive keyword,1
content_f5d25888aff9,client_8527a891e2,0.6113533347525983,high,hasn't been refreshed in a while,0
content_b6163eb31d41,client_f369cb89fc,0.6113384987164301,high,hasn't been refreshed in a while,0
content_81f571b6f52e,client_8527a891e2,0.6113286567483416,high,hasn't been refreshed in a while,1
content_4ea3bf51de39,client_f369cb89fc,0.6113130031610405,high,targets a highly competitive keyword,0
content_956c84e51f49,client_4e07408562,0.6112979463266656,high,hasn't been refreshed in a while,0
content_dd4364510947,client_f369cb89fc,0.6112529630272973,high,hasn't been refreshed in a while,1
content_ffc437abf31c,client_f369cb89fc,0.6112025525032182,high,targets a highly competitive keyword,1
content_18d02da422e6,client_8527a891e2,0.6111978493040795,high,hasn't been refreshed in a while,1
content_7457fe06f56d,client_f369cb89fc,0.6111832906898352,high,hasn't been refreshed in a while,1
content_94bfb13f7c09,client_f369cb89fc,0.611091622560619,high,targets a highly competitive keyword,0
content_a2656a6179ff,client_f369cb89fc,0.6110697683377315,high,hasn't been refreshed in a while,1
content_15a4a8732401,client_f369cb89fc,0.6110456967126301,high,hasn't been refreshed in a while,0
content_ca2662a68168,client_f369cb89fc,0.6110369874858378,high,targets a highly competitive keyword,1
content_d7717da18304,client_f369cb89fc,0.6109495445056208,high,targets a highly competitive keyword,0
content_79bf59875d0e,client_f369cb89fc,0.610930345296693,high,targets a highly competitive keyword,1
content_ac49ab98337b,client_f369cb89fc,0.6109003012791999,high,hasn't been refreshed in a while,1
content_a9a04ef4d084,client_f369cb89fc,0.6108770935760292,high,targets a highly competitive keyword,0
content_006f466746a7,client_8527a891e2,0.6108178009469505,high,hasn't been refreshed in a while,0
content_f0fcd963012f,client_8527a891e2,0.6108165668300142,high,hasn't been refreshed in a while,0
content_de7e7c07df81,client_8527a891e2,0.6107940615034044,high,hasn't been refreshed in a while,0
content_e4fa44b97c8d,client_f369cb89fc,0.6107915132823197,high,hasn't been refreshed in a while,1
content_728728c27503,client_f369cb89fc,0.6107469207828781,high,hasn't been refreshed in a while,0
content_208f24e28209,client_8527a891e2,0.6107414164990872,high,hasn't been refreshed in a while,0
content_6554f95afdd7,client_8527a891e2,0.6107245659498496,high,hasn't been refreshed in a while,1
content_a08589de571d,client_8527a891e2,0.6107058264648448,high,hasn't been refreshed in a while,1
content_4a6afe6d93cd,client_f369cb89fc,0.6106979240885478,high,hasn't been refreshed in a while,0
content_299ec9fd826c,client_f369cb89fc,0.610690918330169,high,hasn't been refreshed in a while,1
content_c135155d7fdc,client_f369cb89fc,0.6106445714276626,high,hasn't been refreshed in a while,1
content_55f2315999cd,client_f369cb89fc,0.6106317875767328,high,hasn't been refreshed in a while,0
content_0fc4e547c299,client_f369cb89fc,0.6106133400498566,high,hasn't been refreshed in a while,0
content_97f8471b8879,client_f369cb89fc,0.6106016444693053,high,targets a highly competitive keyword,1
content_ea06fbafff10,client_f369cb89fc,0.6105121887172278,high,hasn't been refreshed in a while,1
content_06b02c9b01a1,client_f369cb89fc,0.6104890930867412,high,hasn't been refreshed in a while,1
content_c9b10b7896a1,client_8527a891e2,0.6104553953329211,high,hasn't been refreshed in a while,1
content_85cef3cd023b,client_f369cb89fc,0.6104462579221869,high,hasn't been refreshed in a while,1
content_fd1a1fa2723e,client_f369cb89fc,0.6103894198736768,high,targets a highly competitive keyword,1
content_4dd642996c10,client_f369cb89fc,0.610385274692346,high,targets a highly competitive keyword,0
content_60bd44a91d5c,client_4e07408562,0.6103515933113678,high,hasn't been refreshed in a while,1
content_3f5cefdd2648,client_f369cb89fc,0.6102974601613808,high,hasn't been refreshed in a while,0
content_040cd062a4cd,client_8527a891e2,0.6102756181566831,high,hasn't been refreshed in a while,0
content_251661eb804d,client_f369cb89fc,0.610252411533458,high,hasn't been refreshed in a while,1
content_fa58e2744bd4,client_8527a891e2,0.6102229973712986,high,hasn't been refreshed in a while,0
content_cb005cbcbcb7,client_f369cb89fc,0.6102040176189195,high,targets a highly competitive keyword,1
content_1e717c1b5655,client_8527a891e2,0.6101804759256064,high,hasn't been refreshed in a while,1
content_c80c3f8587ae,client_f369cb89fc,0.6101652462903243,high,hasn't been refreshed in a while,1
content_d6dd255e10bc,client_f369cb89fc,0.6101221901830408,high,targets a highly competitive keyword,1
content_7fca9ecf75c0,client_f369cb89fc,0.6100904988740825,high,targets a highly competitive keyword,1
content_2b815ea36b6f,client_8527a891e2,0.6100617660299231,high,hasn't been refreshed in a while,1
content_92698ba603df,client_f369cb89fc,0.609999433323558,high,hasn't been refreshed in a while,1
content_ab56207ce530,client_f369cb89fc,0.6098036639707325,high,hasn't been refreshed in a while,0
content_496f4619c97a,client_8527a891e2,0.6097811652871029,high,hasn't been refreshed in a while,0
content_cdab2c92c3a2,client_f369cb89fc,0.6096992221929395,high,hasn't been refreshed in a while,1
content_28c3420d0a12,client_f369cb89fc,0.6096873140303583,high,hasn't been refreshed in a while,0
content_07165f9eb2a1,client_f369cb89fc,0.6095343897842762,high,hasn't been refreshed in a while,1
content_7886cb5e760f,client_f369cb89fc,0.6095045668583258,high,hasn't been refreshed in a while,0
content_20ee9a01718a,client_f369cb89fc,0.6094821046260542,high,hasn't been refreshed in a while,1
content_ff48c7c2225b,client_f369cb89fc,0.6094515089614727,high,hasn't been refreshed in a while,1
content_8d65431b49ac,client_f369cb89fc,0.6094118002921772,high,low prior search visibility,1
content_271e832920f9,client_f369cb89fc,0.6093870344703526,high,hasn't been refreshed in a while,0
content_e85fdb527b85,client_8527a891e2,0.6093550032891863,high,hasn't been refreshed in a while,0
content_33ec03adce0d,client_8527a891e2,0.6093203111869034,high,hasn't been refreshed in a while,0
content_5ed756f018b6,client_f369cb89fc,0.6092562064741972,high,hasn't been refreshed in a while,1
content_dd2be2fff168,client_f369cb89fc,0.6091461781731502,high,targets a highly competitive keyword,0
content_f86e97facebe,client_f369cb89fc,0.609137752982656,high,hasn't been refreshed in a while,0
content_f43fe5f66ac0,client_f369cb89fc,0.6090709598422137,high,targets a highly competitive keyword,1
content_79523354f68c,client_f369cb89fc,0.6090686138831506,high,hasn't been refreshed in a while,1
content_eacbef5e9c0a,client_f369cb89fc,0.6089611427975046,high,one of the older pages in the set,0
content_b874d85fb028,client_f369cb89fc,0.608929768308962,high,hasn't been refreshed in a while,0
content_cb04f30ff3a1,client_f369cb89fc,0.6088801304162413,high,one of the older pages in the set,0
content_cc797aa549c7,client_8527a891e2,0.608835991394066,high,hasn't been refreshed in a while,1
content_59096ebd4b04,client_8527a891e2,0.6088171777362104,high,hasn't been refreshed in a while,1
content_349dcc3424de,client_8527a891e2,0.6087591623166491,high,hasn't been refreshed in a while,0
content_13264f1d3998,client_f369cb89fc,0.6087337977650457,high,hasn't been refreshed in a while,0
content_8ebd59b1bdd6,client_f369cb89fc,0.6086064864091829,high,hasn't been refreshed in a while,1
content_f68fc903dd4f,client_f369cb89fc,0.6085034580233758,high,hasn't been refreshed in a while,1
content_ecfbe983a886,client_f369cb89fc,0.6084985645987331,high,targets a highly competitive keyword,1
content_3a510b962660,client_f369cb89fc,0.6084211490123866,high,hasn't been refreshed in a while,1
content_92dfd4fe1208,client_f369cb89fc,0.6084132274132393,high,hasn't been refreshed in a while,1
content_27a9abf3684f,client_f369cb89fc,0.6083586197077027,high,hasn't been refreshed in a while,1
content_63f1438cb612,client_f369cb89fc,0.6083230563248848,high,hasn't been refreshed in a while,1
content_ba43e8a32bb4,client_f369cb89fc,0.6083195198619974,high,hasn't been refreshed in a while,1
content_8fff64fc5401,client_8527a891e2,0.6082887913978097,high,hasn't been refreshed in a while,0
content_36d8ddaf2e53,client_f369cb89fc,0.6082874690335305,high,hasn't been refreshed in a while,1
content_e7596fea954a,client_8527a891e2,0.6082721782883634,high,hasn't been refreshed in a while,0
content_3efd1f7a5dde,client_f369cb89fc,0.6082092819868438,high,targets a highly competitive keyword,0
content_3e6ad72596c7,client_f369cb89fc,0.6081873021838977,high,hasn't been refreshed in a while,0
content_df91451c4b9d,client_f369cb89fc,0.6081834864574681,high,hasn't been refreshed in a while,0
content_1d8f7c4c3e3c,client_f369cb89fc,0.60806929642622,high,hasn't been refreshed in a while,1
content_a4dc39c5f8f9,client_434c9b5ae5,0.6080570724793717,high,one of the older pages in the set,1
content_97b7779b8c3c,client_f369cb89fc,0.6080270999680711,high,targets a highly competitive keyword,0
content_890e4beb286f,client_f369cb89fc,0.6080141811413957,high,hasn't been refreshed in a while,1
content_6a864c164e3a,client_f369cb89fc,0.6079999658303733,high,targets a highly competitive keyword,1
content_f6c47059137f,client_f369cb89fc,0.6079826474494594,high,targets a highly competitive keyword,1
content_3dd6a3675a90,client_f369cb89fc,0.6079350607168635,high,hasn't been refreshed in a while,1
content_c3071ba6b02b,client_f369cb89fc,0.6079240310340739,high,one of the older pages in the set,0
content_6d865ecb282a,client_8527a891e2,0.6078915922896542,high,hasn't been refreshed in a while,0
content_cadb2b699020,client_f369cb89fc,0.6078816068429557,high,hasn't been refreshed in a while,0
content_5161a9559cb2,client_434c9b5ae5,0.6078524001957538,high,one of the older pages in the set,1
content_ce7ef13c73e7,client_f369cb89fc,0.6078370343099471,high,hasn't been refreshed in a while,1
content_093761113c66,client_8527a891e2,0.6077556158943691,high,hasn't been refreshed in a while,0
content_9c94ce9a26b5,client_f369cb89fc,0.6077290124431116,high,hasn't been refreshed in a while,0
content_03ed3468f07e,client_f369cb89fc,0.6077000826924833,high,hasn't been refreshed in a while,1
content_077fa450ce2d,client_f369cb89fc,0.6076787481769775,high,hasn't been refreshed in a while,0
content_7b7226ed26a3,client_f369cb89fc,0.6076654864532405,high,hasn't been refreshed in a while,1
content_03452bf379ce,client_8527a891e2,0.6075355227042045,high,hasn't been refreshed in a while,1
content_49f71b7a8f19,client_f369cb89fc,0.607520468675944,high,hasn't been refreshed in a while,0
content_7f78f0279893,client_f369cb89fc,0.6075085280045124,high,hasn't been refreshed in a while,0
content_679828cc0bfe,client_f369cb89fc,0.6074720788976109,high,targets a highly competitive keyword,1
content_f1c5bafd094e,client_f369cb89fc,0.6074569008139892,high,hasn't been refreshed in a while,1
content_e54f6d06e493,client_f369cb89fc,0.6074558846969855,high,hasn't been refreshed in a while,1
content_fceefae1041d,client_8527a891e2,0.6074113945403311,high,hasn't been refreshed in a while,0
content_ea9dd79ca225,client_f369cb89fc,0.6073875114109034,high,hasn't been refreshed in a while,0
content_da33a53074bd,client_4e07408562,0.6073038811841596,high,hasn't been refreshed in a while,1
content_6f9b4c2b2615,client_8527a891e2,0.6072684169927641,high,hasn't been refreshed in a while,0
content_f3f6bdc23b51,client_4e07408562,0.6072485022996209,high,hasn't been refreshed in a while,0
content_8958ba0e63fc,client_f369cb89fc,0.6072383757968285,high,one of the older pages in the set,1
content_449f11ffe520,client_f369cb89fc,0.6072228807665296,high,hasn't been refreshed in a while,1
content_40182f222dc7,client_f369cb89fc,0.6071187117171069,high,one of the older pages in the set,1
content_a61f639a5927,client_f369cb89fc,0.6069050325358558,high,hasn't been refreshed in a while,1
content_eafdd316043c,client_f369cb89fc,0.606891670248045,high,hasn't been refreshed in a while,0
content_657004394056,client_f369cb89fc,0.6068663711065158,high,hasn't been refreshed in a while,0
content_d943715dfa7c,client_f369cb89fc,0.6068635394579764,high,hasn't been refreshed in a while,0
content_dbf29df094f9,client_4e07408562,0.6065146438564702,high,hasn't been refreshed in a while,1
content_278982959883,client_8527a891e2,0.6064578690202609,high,hasn't been refreshed in a while,0
content_98b2e844bc71,client_f369cb89fc,0.6063991302993222,high,hasn't been refreshed in a while,0
content_ad79628ea677,client_8527a891e2,0.6062472566664959,high,hasn't been refreshed in a while,0
content_b31d578ae5c8,client_f369cb89fc,0.6062460152961051,high,hasn't been refreshed in a while,0
content_3963f4800442,client_f369cb89fc,0.6061636064086391,high,targets a highly competitive keyword,1
content_aba566f57757,client_f369cb89fc,0.606140228934996,high,hasn't been refreshed in a while,0
content_aea4ae583fa0,client_f369cb89fc,0.6061287818526557,high,hasn't been refreshed in a while,0
content_696352d1b5c5,client_8527a891e2,0.6060387072640112,high,hasn't been refreshed in a while,1
content_d73b842a64e6,client_f369cb89fc,0.6059526863544914,high,hasn't been refreshed in a while,1
content_d23ae29575ef,client_4e07408562,0.6059268800553781,high,hasn't been refreshed in a while,1
content_9edc3c235345,client_8527a891e2,0.6059032455814398,high,hasn't been refreshed in a while,0
content_5fc851327097,client_4e07408562,0.6058140537284971,high,hasn't been refreshed in a while,0
content_1f3b8e699416,client_4e07408562,0.6057994584332759,high,hasn't been refreshed in a while,0
content_ec521b760d7c,client_8527a891e2,0.6057949752199917,high,hasn't been refreshed in a while,0
content_0f1abc94c6bc,client_f369cb89fc,0.6057679584121465,high,targets a highly competitive keyword,1
content_9bdcd789c811,client_f369cb89fc,0.6057454862655278,high,hasn't been refreshed in a while,1
content_3d008db75274,client_f369cb89fc,0.6056005525784093,high,hasn't been refreshed in a while,1
content_7182ce1ff27a,client_f369cb89fc,0.6055660854070216,high,targets a highly competitive keyword,1
content_ed831c57a3e8,client_f369cb89fc,0.6055421032194747,high,hasn't been refreshed in a while,1
content_8301ec0f2f68,client_4e07408562,0.605498953497631,high,hasn't been refreshed in a while,0
content_159ce14c65dc,client_f369cb89fc,0.6054871135054191,high,hasn't been refreshed in a while,0
content_41fff7a1aa8c,client_f369cb89fc,0.6054240927125474,high,hasn't been refreshed in a while,1
content_3f38d9d022e2,client_f369cb89fc,0.6053090709658534,high,low prior search visibility,1
content_9f0c88110232,client_8527a891e2,0.6052951867234727,high,hasn't been refreshed in a while,0
content_569475b335ab,client_4e07408562,0.6052640066523095,high,hasn't been refreshed in a while,1
content_83a21bfa1807,client_bdd2d3af3a,0.6052136255087025,high,hasn't been refreshed in a while,1
content_362b4a231f6a,client_8527a891e2,0.6051938721486458,high,one of the older pages in the set,0
content_5c603e31aa18,client_f369cb89fc,0.6051747514991448,high,targets a highly competitive keyword,0
content_67565df5500c,client_f369cb89fc,0.605148811294255,high,targets a highly competitive keyword,1
content_9db1d0588536,client_8527a891e2,0.6051148520357347,high,hasn't been refreshed in a while,0
content_783121d01890,client_f369cb89fc,0.6051042052688937,high,targets a highly competitive keyword,1
content_6b3e1ca20af7,client_f369cb89fc,0.6050800550271209,high,targets a highly competitive keyword,1
content_9f891a53f544,client_f369cb89fc,0.6050371971742499,high,hasn't been refreshed in a while,1
content_70bd0282ed65,client_f369cb89fc,0.6049434313602285,high,hasn't been refreshed in a while,1
content_29951869a199,client_f369cb89fc,0.6048972032179072,high,hasn't been refreshed in a while,1
content_df32c8c5c2ce,client_f369cb89fc,0.604834272964838,high,hasn't been refreshed in a while,1
content_38f7cf7073f0,client_f369cb89fc,0.6047184555116293,high,hasn't been refreshed in a while,0
content_6ab7fd4c71af,client_4e07408562,0.6047159672768444,high,hasn't been refreshed in a while,1
content_930f0a3aa87d,client_f369cb89fc,0.6046774750109317,high,hasn't been refreshed in a while,1
content_720bbfb9c4c9,client_f369cb89fc,0.6046313440206352,high,targets a highly competitive keyword,0
content_7c750052e015,client_f369cb89fc,0.6046201412606731,high,targets a highly competitive keyword,1
content_0fe2b5eda5c5,client_f369cb89fc,0.6045931774812267,high,targets a highly competitive keyword,1
content_57d6a744b837,client_8527a891e2,0.6045360217049514,high,hasn't been refreshed in a while,1
content_f7f6f3f8054e,client_8527a891e2,0.6045286179864783,high,hasn't been refreshed in a while,1
content_a1b22f60cfdd,client_4e07408562,0.6044356462923887,high,hasn't been refreshed in a while,0
content_0d03464929b5,client_4e07408562,0.6043393322810579,high,hasn't been refreshed in a while,1
content_79878d990b26,client_8527a891e2,0.6042783069271792,high,hasn't been refreshed in a while,0
content_04627e23b1fb,client_f369cb89fc,0.6042692380913044,high,hasn't been refreshed in a while,0
content_e37ac6e0380a,client_f369cb89fc,0.6041658268009285,high,hasn't been refreshed in a while,0
content_8ed8dc20f1a3,client_f369cb89fc,0.6041640765996715,high,one of the older pages in the set,1
content_fd290bdd9c91,client_8527a891e2,0.6041232622669512,high,hasn't been refreshed in a while,0
content_b7ab61937a1c,client_f369cb89fc,0.6040726758956497,high,char_count,1
content_69e07bfa6f0a,client_4e07408562,0.6039771060482073,high,hasn't been refreshed in a while,1
content_1583937d3411,client_f369cb89fc,0.6039668954288175,high,hasn't been refreshed in a while,0
content_925b5a08d70d,client_f369cb89fc,0.6039604129101056,high,targets a highly competitive keyword,0
content_2f4d4614a577,client_f369cb89fc,0.6038249536292796,high,hasn't been refreshed in a while,1
content_755ee703ed7a,client_f369cb89fc,0.6037744378937006,high,hasn't been refreshed in a while,1
content_b1012a045720,client_f369cb89fc,0.6037483696353811,high,hasn't been refreshed in a while,1
content_a557ce775151,client_8527a891e2,0.6037065951782123,high,hasn't been refreshed in a while,1
content_d7038fa9919c,client_f369cb89fc,0.6036709670982853,high,targets a highly competitive keyword,1
content_7448304bec7f,client_8b940be7fb,0.6034385655074281,high,hasn't been refreshed in a while,0
content_d7e2cf6d586d,client_f369cb89fc,0.6034255666412413,high,targets a highly competitive keyword,1
content_5ace8eec26ba,client_f369cb89fc,0.6033952070116211,high,hasn't been refreshed in a while,0
content_e053030b589a,client_f369cb89fc,0.6033535066720863,high,targets a highly competitive keyword,1
content_ccf99cdad6d1,client_8527a891e2,0.6033437818538786,high,hasn't been refreshed in a while,1
content_e2e11ebffe0b,client_f369cb89fc,0.6032945913655999,high,hasn't been refreshed in a while,1
content_033ae3e7aecf,client_f369cb89fc,0.603223349187296,high,targets a highly competitive keyword,1
content_3ee1a418a1ff,client_8527a891e2,0.6032168026592823,high,hasn't been refreshed in a while,0
content_6fe71b8e8e19,client_f369cb89fc,0.6030952019297431,high,targets a highly competitive keyword,0
content_62a83935e642,client_8527a891e2,0.6029857684003217,high,hasn't been refreshed in a while,1
content_f663c691f998,client_8527a891e2,0.6028530301973943,high,hasn't been refreshed in a while,0
content_0748fbd11749,client_4e07408562,0.6028529034708949,high,hasn't been refreshed in a while,0
content_17ca2437325a,client_f369cb89fc,0.6028246737477244,high,hasn't been refreshed in a while,0
content_306914716904,client_f369cb89fc,0.6026655221937647,high,hasn't been refreshed in a while,0
content_ccf887ee3581,client_4e07408562,0.6025852654338401,high,hasn't been refreshed in a while,1
content_961a949058a1,client_f369cb89fc,0.6024450915649429,high,hasn't been refreshed in a while,1
content_413c72b76f79,client_f369cb89fc,0.6024448865281571,high,targets a highly competitive keyword,1
content_054affecaba3,client_f369cb89fc,0.6024096715975875,high,hasn't been refreshed in a while,1
content_ed680797b687,client_f369cb89fc,0.6023355623266777,high,targets a highly competitive keyword,1
content_80c661c29540,client_f369cb89fc,0.6022164691934521,high,hasn't been refreshed in a while,0
content_dbb4dd20653e,client_f369cb89fc,0.6021447299900308,high,hasn't been refreshed in a while,0
content_7445048ec90b,client_8527a891e2,0.6021083191325196,high,hasn't been refreshed in a while,0
content_dda15944f84f,client_4e07408562,0.6019223688742482,high,hasn't been refreshed in a while,0
content_e3661ab45857,client_434c9b5ae5,0.6018968933702844,high,hasn't been refreshed in a while,1
content_9cb6785af36b,client_f369cb89fc,0.6018909674784033,high,hasn't been refreshed in a while,0
content_d67ed233baac,client_8527a891e2,0.6018711491382774,high,hasn't been refreshed in a while,0
content_a52c1485b2dd,client_f369cb89fc,0.6016871910695135,high,targets a highly competitive keyword,0
content_ef6e7d7cfe15,client_8527a891e2,0.6016530018439294,high,hasn't been refreshed in a while,0
content_b054abd6b94e,client_4e07408562,0.6016432375502795,high,hasn't been refreshed in a while,1
content_9bb9a0584cae,client_8527a891e2,0.6016220507966583,high,hasn't been refreshed in a while,1
content_d337d54366ae,client_8527a891e2,0.6015913212398202,high,hasn't been refreshed in a while,0
content_0d3a62dce5e3,client_f369cb89fc,0.6015861677215831,high,targets a highly competitive keyword,1
content_f9fe219721ca,client_f369cb89fc,0.6015014538510884,high,hasn't been refreshed in a while,0
content_6e890a4cc9f9,client_f369cb89fc,0.6014751991705998,high,hasn't been refreshed in a while,1
content_4695a276b1ea,client_f369cb89fc,0.60134083464444,high,hasn't been refreshed in a while,0
content_9b31b56f48b6,client_f369cb89fc,0.6012892745389017,high,targets a highly competitive keyword,0
content_434a511ae53e,client_f369cb89fc,0.6012686223782993,high,hasn't been refreshed in a while,0
content_d8bd68dc086f,client_f369cb89fc,0.6012034728278958,high,targets a highly competitive keyword,1
content_871212880c20,client_f369cb89fc,0.6012006704836909,high,hasn't been refreshed in a while,1
content_23c380f126ad,client_8527a891e2,0.6010186149233391,high,hasn't been refreshed in a while,0
content_8c564c96c5a3,client_f369cb89fc,0.6008907754036343,high,hasn't been refreshed in a while,1
content_25935a61ed55,client_f369cb89fc,0.6008675443856765,high,targets a highly competitive keyword,0
content_3cdb898f8e47,client_f369cb89fc,0.6007729638014824,high,targets a highly competitive keyword,1
content_8eb07931444b,client_4e07408562,0.6007190403522216,high,hasn't been refreshed in a while,0
content_0ab852b18db8,client_f369cb89fc,0.6006587900518894,high,hasn't been refreshed in a while,1
content_f45c1431686e,client_f369cb89fc,0.6006267623777446,high,targets a highly competitive keyword,1
content_17dde6e2a013,client_f369cb89fc,0.6006080388340237,high,targets a highly competitive keyword,0
content_b27db044b0e6,client_4e07408562,0.6005589317292505,high,hasn't been refreshed in a while,0
content_f1c00fa6fa67,client_f369cb89fc,0.6005448653463052,high,hasn't been refreshed in a while,1
content_86ed40f760d2,client_f369cb89fc,0.6005415837008555,high,hasn't been refreshed in a while,1
content_fe89530e5915,client_f369cb89fc,0.6005361280732611,high,hasn't been refreshed in a while,0
content_fef9ef17d5a8,client_f369cb89fc,0.6004918549786282,high,hasn't been refreshed in a while,1
content_8fa784e567ac,client_f369cb89fc,0.6003337373620443,high,hasn't been refreshed in a while,0
content_51e0c9b9c9f5,client_f369cb89fc,0.600290477878369,high,targets a highly competitive keyword,1
content_816d77e36e14,client_8527a891e2,0.6002410279636818,high,hasn't been refreshed in a while,0
content_ff4370afd49c,client_4e07408562,0.6002021223568038,high,hasn't been refreshed in a while,0
content_37428ab36250,client_4e07408562,0.6001645233447528,high,hasn't been refreshed in a while,1
content_d60098900ae0,client_f369cb89fc,0.6000373275892409,high,targets a highly competitive keyword,0
content_9e4a65fb4867,client_4e07408562,0.5999476282793945,medium,hasn't been refreshed in a while,0
content_42fbeef4da29,client_f369cb89fc,0.5997527018623804,medium,targets a highly competitive keyword,1
content_8bacb003a1aa,client_f369cb89fc,0.5996044031313712,medium,targets a highly competitive keyword,1
content_0d84c40b49c3,client_f369cb89fc,0.5995506595019767,medium,targets a highly competitive keyword,1
content_5dbb5efbc4cd,client_8527a891e2,0.5995197025898619,medium,hasn't been refreshed in a while,0
content_33a9399fb0ae,client_f369cb89fc,0.5994998146818344,medium,targets a highly competitive keyword,1
content_0e7efaeb2c67,client_4e07408562,0.599480056193371,medium,hasn't been refreshed in a while,0
content_a0777b0fd936,client_f369cb89fc,0.5994701655009947,medium,hasn't been refreshed in a while,0
content_68742c70d0fa,client_f369cb89fc,0.5994564815400845,medium,hasn't been refreshed in a while,0
content_6b87c3d0fc08,client_f369cb89fc,0.599448321420298,medium,hasn't been refreshed in a while,0
content_0afbee882cb3,client_f369cb89fc,0.5994111333774867,medium,targets a highly competitive keyword,1
content_1aa219431528,client_4e07408562,0.5992944078229787,medium,low prior search visibility,0
content_6a8c4838e1ae,client_8527a891e2,0.5992899793449233,medium,hasn't been refreshed in a while,1
content_5d8cc9246c52,client_4e07408562,0.5992801907521437,medium,hasn't been refreshed in a while,1
content_700de55b1459,client_4e07408562,0.5992447648021204,medium,hasn't been refreshed in a while,1
content_2dc97df1e8aa,client_f369cb89fc,0.5991640716886903,medium,targets a highly competitive keyword,1
content_8f71790b7333,client_f369cb89fc,0.5990970225808969,medium,targets a highly competitive keyword,1
content_534ea4f34824,client_f369cb89fc,0.5990145415459811,medium,targets a highly competitive keyword,0
content_9c897334f26f,client_f369cb89fc,0.5988949437261497,medium,hasn't been refreshed in a while,1
content_a0d2632eefb3,client_f369cb89fc,0.5988399668071321,medium,targets a highly competitive keyword,0
content_3ac4ee4605dc,client_f369cb89fc,0.5987811006318928,medium,targets a highly competitive keyword,1
content_ba260429079f,client_8527a891e2,0.5987718671136076,medium,hasn't been refreshed in a while,0
content_951b4e420191,client_f369cb89fc,0.5987167336158206,medium,targets a highly competitive keyword,1
content_3574a4e2ec88,client_f369cb89fc,0.5987105356307261,medium,hasn't been refreshed in a while,1
content_a4f8849b6605,client_f369cb89fc,0.5986918664475019,medium,targets a highly competitive keyword,0
content_f8b232498008,client_f369cb89fc,0.598632158355595,medium,hasn't been refreshed in a while,1
content_2bb1cc3be229,client_8527a891e2,0.5985841587100607,medium,hasn't been refreshed in a while,0
content_5c5c9a925d23,client_f369cb89fc,0.5985512602144704,medium,targets a highly competitive keyword,1
content_1044412fa6de,client_434c9b5ae5,0.5985062676312201,medium,one of the older pages in the set,0
content_5dbfd76e584f,client_4e07408562,0.5985027900572323,medium,hasn't been refreshed in a while,0
content_f777bcb4fdad,client_8527a891e2,0.5984453024629359,medium,hasn't been refreshed in a while,0
content_728e37c5c417,client_f369cb89fc,0.5984155854641428,medium,hasn't been refreshed in a while,0
content_1eb51bddfbde,client_8527a891e2,0.5981953714745539,medium,hasn't been refreshed in a while,0
content_4554da2c961a,client_f369cb89fc,0.5981927231721357,medium,targets a highly competitive keyword,1
content_db3e957e3665,client_f369cb89fc,0.5981691081882958,medium,targets a highly competitive keyword,0
content_dfb4af26b57b,client_f369cb89fc,0.5981404691556022,medium,targets a highly competitive keyword,1
content_36454dbe0dba,client_f369cb89fc,0.5981279744296631,medium,hasn't been refreshed in a while,0
content_7cddffe05038,client_8b940be7fb,0.5980505597795723,medium,hasn't been refreshed in a while,0
content_0d78cba0b985,client_f369cb89fc,0.5980290208663411,medium,targets a highly competitive keyword,1
content_83f5527f59b4,client_f369cb89fc,0.5980235934775701,medium,targets a highly competitive keyword,0
content_c60de3a2cf16,client_f369cb89fc,0.5979319979162186,medium,targets a highly competitive keyword,1
content_349a310f6db7,client_f369cb89fc,0.5978933349684696,medium,targets a highly competitive keyword,1
content_c857b94269c6,client_8527a891e2,0.5978896062405078,medium,hasn't been refreshed in a while,0
content_4c40e33aa12d,client_f369cb89fc,0.5978872608785941,medium,targets a highly competitive keyword,0
content_d9a1fd095a7f,client_f369cb89fc,0.5978673440304711,medium,targets a highly competitive keyword,1
content_4accaefeb6ed,client_f369cb89fc,0.5978215652623126,medium,targets a highly competitive keyword,1
content_37446a07e0f5,client_8527a891e2,0.5977627873261888,medium,hasn't been refreshed in a while,1
content_f563c3e6ea5d,client_f369cb89fc,0.5977091908969936,medium,targets a highly competitive keyword,1
content_3538e71354dc,client_4e07408562,0.5977060422821413,medium,hasn't been refreshed in a while,0
content_0c0d41e86269,client_f369cb89fc,0.5976189324198292,medium,targets a highly competitive keyword,1
content_c26a63209e39,client_f369cb89fc,0.5974761657052658,medium,targets a highly competitive keyword,1
content_aed00caec333,client_f369cb89fc,0.5973822032282192,medium,targets a highly competitive keyword,0
content_e6b69b74d3dc,client_f369cb89fc,0.5973405636413941,medium,targets a highly competitive keyword,0
content_f6037d96b81a,client_f369cb89fc,0.5973109616745474,medium,targets a highly competitive keyword,1
content_80c942af7ae6,client_f369cb89fc,0.5972353156804046,medium,targets a highly competitive keyword,1
content_b25d6a51fdda,client_f369cb89fc,0.5972237749921079,medium,hasn't been refreshed in a while,0
content_271062e724db,client_f369cb89fc,0.5972092673046234,medium,targets a highly competitive keyword,1
content_0e70a832cb7a,client_4e07408562,0.597036636941613,medium,low prior search visibility,0
content_6553f210db6d,client_8527a891e2,0.5968460035000958,medium,hasn't been refreshed in a while,1
content_ac2e5217e4f1,client_8527a891e2,0.5968143780042611,medium,hasn't been refreshed in a while,0
content_cc46276454a0,client_8527a891e2,0.596777222057606,medium,hasn't been refreshed in a while,0
content_3120486b0647,client_f369cb89fc,0.5967603699620163,medium,targets a highly competitive keyword,0
content_916773a56f03,client_f369cb89fc,0.5967041727613267,medium,targets a highly competitive keyword,1
content_7513d27c2d97,client_8527a891e2,0.5966824782353568,medium,hasn't been refreshed in a while,0
content_a7c9a38eb5f2,client_f369cb89fc,0.5966756854137926,medium,targets a highly competitive keyword,1
content_de0154a19027,client_f369cb89fc,0.5966622310298416,medium,targets a highly competitive keyword,1
content_637107baa450,client_f369cb89fc,0.5966331427159121,medium,hasn't been refreshed in a while,1
content_ad8987041ecb,client_f369cb89fc,0.5966048758453121,medium,hasn't been refreshed in a while,0
content_c2b6d4935838,client_f369cb89fc,0.5965500784464064,medium,targets a highly competitive keyword,1
content_b03ea7190aea,client_f369cb89fc,0.5965467361668522,medium,hasn't been refreshed in a while,1
content_04ff4a56bacf,client_f369cb89fc,0.5965068223400682,medium,targets a highly competitive keyword,1
content_5a8842185314,client_f369cb89fc,0.5964826449140277,medium,targets a highly competitive keyword,1
content_b76d7a9a5151,client_4e07408562,0.5963650996613613,medium,hasn't been refreshed in a while,1
content_1054588132f7,client_f369cb89fc,0.5963381134610856,medium,targets a highly competitive keyword,0
content_4a8ff0b56049,client_434c9b5ae5,0.5962962298968209,medium,hasn't been refreshed in a while,0
content_f0fe0faf8d39,client_f369cb89fc,0.5962951897014999,medium,hasn't been refreshed in a while,1
content_a8993d400016,client_f369cb89fc,0.5961990541249963,medium,hasn't been refreshed in a while,0
content_f852ec837892,client_f369cb89fc,0.5961211880076795,medium,hasn't been refreshed in a while,1
content_a698e76903a3,client_f369cb89fc,0.5961174164128671,medium,targets a highly competitive keyword,0
content_4beb70d19972,client_4e07408562,0.596047396813609,medium,hasn't been refreshed in a while,1
content_48dd1fd1c0bc,client_f369cb89fc,0.5960321139573792,medium,hasn't been refreshed in a while,0
content_4ff3d119662e,client_f369cb89fc,0.5958365758487228,medium,targets a highly competitive keyword,1
content_ec257d803f69,client_4e07408562,0.5957949613785501,medium,hasn't been refreshed in a while,1
content_cf5a10fe2674,client_f369cb89fc,0.5957328882280056,medium,targets a highly competitive keyword,1
content_734260a21750,client_8527a891e2,0.5956735519491594,medium,hasn't been refreshed in a while,0
content_9bbf99b4dc21,client_434c9b5ae5,0.5956432063887992,medium,hasn't been refreshed in a while,1
content_b53fc679e367,client_4e07408562,0.595631629691649,medium,hasn't been refreshed in a while,1
content_617ce64d3266,client_4e07408562,0.5956145788542725,medium,hasn't been refreshed in a while,1
content_1956a8699d64,client_f369cb89fc,0.5956077948542521,medium,hasn't been refreshed in a while,0
content_8eb7e7713256,client_4e07408562,0.5956049463608052,medium,hasn't been refreshed in a while,1
content_b97c5ddb8a21,client_4e07408562,0.5955783146004299,medium,hasn't been refreshed in a while,1
content_26d72e99775e,client_4e07408562,0.5955540179800871,medium,hasn't been refreshed in a while,1
content_d956330d0864,client_f369cb89fc,0.5955440070853965,medium,hasn't been refreshed in a while,0
content_7cd3d321a3ad,client_f369cb89fc,0.5955420448763232,medium,targets a highly competitive keyword,1
content_2efcee1621b9,client_8527a891e2,0.5954950549190146,medium,hasn't been refreshed in a while,1
content_8a12b4649424,client_f369cb89fc,0.5954873077499991,medium,hasn't been refreshed in a while,1
content_560658e4403a,client_f369cb89fc,0.5954668992919631,medium,targets a highly competitive keyword,1
content_01dd96037a80,client_f369cb89fc,0.5954235187726844,medium,hasn't been refreshed in a while,1
content_71db03c4c974,client_f369cb89fc,0.595344335279092,medium,targets a highly competitive keyword,1
content_2af097f4fae4,client_f369cb89fc,0.5953106587187679,medium,targets a highly competitive keyword,1
content_fc2cd6cb8533,client_4e07408562,0.5951648117040544,medium,hasn't been refreshed in a while,0
content_2e9a77d03f78,client_4e07408562,0.5951578413378577,medium,hasn't been refreshed in a while,1
content_ed4f3ec14a68,client_f369cb89fc,0.5951365305986801,medium,hasn't been refreshed in a while,0
content_c50b313c6bca,client_8527a891e2,0.5950935936803539,medium,hasn't been refreshed in a while,0
content_585479f94fe1,client_f369cb89fc,0.5950714323672676,medium,targets a highly competitive keyword,1
content_e7cc94f04d05,client_f369cb89fc,0.595012406771881,medium,targets a highly competitive keyword,1
content_c28d92fa2e85,client_4e07408562,0.5950112625176568,medium,hasn't been refreshed in a while,1
content_a18a8aaed4a6,client_f369cb89fc,0.5949518147919844,medium,targets a highly competitive keyword,1
content_e3ce3f8b5844,client_4e07408562,0.5949421789611962,medium,hasn't been refreshed in a while,1
content_b8300b053e43,client_4e07408562,0.5949147309586034,medium,hasn't been refreshed in a while,0
content_a90a92380af2,client_4e07408562,0.5948947269973105,medium,hasn't been refreshed in a while,0
content_0b50482209cd,client_bdd2d3af3a,0.5948603172145202,medium,hasn't been refreshed in a while,1
content_866a6f5de5e2,client_4e07408562,0.5948350558698442,medium,hasn't been refreshed in a while,1
content_f52c1308a6e3,client_4e07408562,0.5947472968739016,medium,hasn't been refreshed in a while,0
content_f69e3936c5ca,client_f369cb89fc,0.5946916722967294,medium,hasn't been refreshed in a while,1
content_16a73fa3a0e3,client_4e07408562,0.5946038336422396,medium,hasn't been refreshed in a while,1
content_43d80ec82589,client_f369cb89fc,0.5944587330948778,medium,hasn't been refreshed in a while,0
content_479f8ec909fe,client_4e07408562,0.594439880713003,medium,hasn't been refreshed in a while,0
content_def571363dbc,client_434c9b5ae5,0.5943946602797278,medium,hasn't been refreshed in a while,1
content_4f6a7e2f3eec,client_4e07408562,0.5942929458963698,medium,hasn't been refreshed in a while,0
content_d3a5200984de,client_4e07408562,0.5942848763722801,medium,hasn't been refreshed in a while,0
content_0f13b329aacb,client_4e07408562,0.5942578677786591,medium,hasn't been refreshed in a while,1
content_d8a23b5e10c5,client_f369cb89fc,0.5941622040768674,medium,hasn't been refreshed in a while,1
content_06f4bf7a9357,client_f369cb89fc,0.5941431177459167,medium,targets a highly competitive keyword,1
content_b902936750d5,client_4e07408562,0.5940774398602144,medium,hasn't been refreshed in a while,1
content_abb29e3b1f19,client_4e07408562,0.5940323152034593,medium,hasn't been refreshed in a while,0
content_ec9b8e7a0da6,client_4e07408562,0.594018091251125,medium,hasn't been refreshed in a while,1
content_2c5074e067a5,client_f369cb89fc,0.5939366942910365,medium,targets a highly competitive keyword,1
content_361736a1eea9,client_4e07408562,0.5937586901835888,medium,hasn't been refreshed in a while,1
content_dc55f7cfd39d,client_4e07408562,0.5937254394826085,medium,hasn't been refreshed in a while,0
content_e25f201f9014,client_4e07408562,0.5936866279504726,medium,hasn't been refreshed in a while,1
content_17e6df28a5d5,client_f369cb89fc,0.5936452214511232,medium,targets a highly competitive keyword,1
content_2ac5b691fa27,client_4e07408562,0.5935747866598314,medium,hasn't been refreshed in a while,1
content_6604ce9c6b65,client_4e07408562,0.5935173726924179,medium,hasn't been refreshed in a while,0
content_edd947dc0774,client_4e07408562,0.5935106570975937,medium,hasn't been refreshed in a while,1
content_d831e97bab46,client_4e07408562,0.5933716396869928,medium,hasn't been refreshed in a while,0
content_179cf283f9f5,client_4e07408562,0.593357460120705,medium,hasn't been refreshed in a while,1
content_f27ccdb9bb1f,client_f369cb89fc,0.5933326016344824,medium,hasn't been refreshed in a while,0
content_613cb54ed11e,client_f369cb89fc,0.5933267791265787,medium,hasn't been refreshed in a while,0
content_f71a6b4573d3,client_4e07408562,0.5932441802707341,medium,hasn't been refreshed in a while,0
content_54ddb72de5b2,client_f369cb89fc,0.5932120980414175,medium,targets a highly competitive keyword,0
content_5dbab5726d5e,client_4e07408562,0.5931777101370818,medium,hasn't been refreshed in a while,0
content_614f5408eab2,client_4e07408562,0.5931731891133747,medium,hasn't been refreshed in a while,0
content_bd5daccdde52,client_f369cb89fc,0.5931620671344215,medium,targets a highly competitive keyword,1
content_d8b9e818c1b9,client_f369cb89fc,0.5931312019257793,medium,hasn't been refreshed in a while,1
content_6ff53d928618,client_8527a891e2,0.5931302627060785,medium,hasn't been refreshed in a while,0
content_d206246bc207,client_8527a891e2,0.5931283940966073,medium,hasn't been refreshed in a while,1
content_60da5b50ebb9,client_f369cb89fc,0.5930620454366697,medium,targets a highly competitive keyword,1
content_9055e9ee61af,client_8527a891e2,0.5930376984302311,medium,hasn't been refreshed in a while,0
content_17a540c99ba9,client_f369cb89fc,0.5929252134527025,medium,hasn't been refreshed in a while,1
content_7e13c4bf098b,client_f369cb89fc,0.5928140239830383,medium,hasn't been refreshed in a while,0
content_8746651a8d7c,client_4e07408562,0.5927748074043415,medium,hasn't been refreshed in a while,1
content_dccf69297579,client_4e07408562,0.5927431219499768,medium,hasn't been refreshed in a while,0
content_f73e0ed1704e,client_4e07408562,0.5927243612096054,medium,hasn't been refreshed in a while,1
content_9d4244b01f77,client_4e07408562,0.5927008309130479,medium,hasn't been refreshed in a while,1
content_cc4b9034027c,client_8527a891e2,0.5926293027652351,medium,hasn't been refreshed in a while,0
content_94fa1e16f2b8,client_4e07408562,0.5926205858352526,medium,hasn't been refreshed in a while,0
content_9f7e7378070a,client_8527a891e2,0.5924913059057918,medium,hasn't been refreshed in a while,1
content_3def2ad70050,client_f369cb89fc,0.5924193513497706,medium,targets a highly competitive keyword,1
content_9d831af6618e,client_f369cb89fc,0.5924181558894255,medium,hasn't been refreshed in a while,0
content_a8178a8101ee,client_4e07408562,0.5924010982359751,medium,hasn't been refreshed in a while,1
content_03b2146a6662,client_4e07408562,0.5923962090219451,medium,hasn't been refreshed in a while,1
content_accceffe127e,client_4e07408562,0.5923561102544642,medium,hasn't been refreshed in a while,1
content_576a0f27a454,client_4e07408562,0.5923497731977806,medium,hasn't been refreshed in a while,0
content_f45787e64ac2,client_4e07408562,0.5923396067755926,medium,hasn't been refreshed in a while,0
content_885ea290764c,client_8527a891e2,0.5922790948278945,medium,hasn't been refreshed in a while,0
content_c79f04785d81,client_4e07408562,0.5922280684973203,medium,hasn't been refreshed in a while,0
content_f2508318df4b,client_f369cb89fc,0.5920885831651072,medium,hasn't been refreshed in a while,1
content_d857462cbbc0,client_f369cb89fc,0.592013666910407,medium,hasn't been refreshed in a while,0
content_8cdfce582697,client_f369cb89fc,0.5919556528002091,medium,hasn't been refreshed in a while,0
content_c053690e7e3a,client_f369cb89fc,0.5919346363990288,medium,targets a highly competitive keyword,1
content_438fb51507ea,client_4e07408562,0.5919342963283909,medium,hasn't been refreshed in a while,1
content_f710d08f195d,client_4e07408562,0.5917018622803039,medium,hasn't been refreshed in a while,1
content_12d060c367de,client_4e07408562,0.5916742596319351,medium,hasn't been refreshed in a while,0
content_79a9d81c2403,client_f369cb89fc,0.591635078684335,medium,hasn't been refreshed in a while,0
content_1b27d2642fda,client_8527a891e2,0.5915390281581172,medium,hasn't been refreshed in a while,0
content_d52640dd8dca,client_4e07408562,0.5914891228676861,medium,hasn't been refreshed in a while,1
content_a5d4fab37508,client_f369cb89fc,0.5913712738336417,medium,targets a highly competitive keyword,1
content_f14c84eb5c5e,client_8527a891e2,0.5913405220187509,medium,hasn't been refreshed in a while,1
content_5c70e097f613,client_4e07408562,0.5913068522224925,medium,hasn't been refreshed in a while,1
content_69e92ae08f64,client_8527a891e2,0.5911855365230065,medium,hasn't been refreshed in a while,1
content_7b3e020817ae,client_8527a891e2,0.5911332486109823,medium,hasn't been refreshed in a while,0
content_29a00d38e9d4,client_f369cb89fc,0.5910512585870975,medium,hasn't been refreshed in a while,0
content_f601e3a69412,client_4e07408562,0.5910345252339659,medium,hasn't been refreshed in a while,0
content_f696d77c96fd,client_f369cb89fc,0.5908591986521238,medium,hasn't been refreshed in a while,0
content_23b5cceed86f,client_f369cb89fc,0.5907573751308147,medium,targets a highly competitive keyword,1
content_2a42480087db,client_4e07408562,0.5907247738992699,medium,hasn't been refreshed in a while,1
content_f1f8a2a1c483,client_f369cb89fc,0.5906899538583795,medium,hasn't been refreshed in a while,1
content_4f8c16bcf0cd,client_f369cb89fc,0.5905471453840053,medium,hasn't been refreshed in a while,1
content_7422ecda04a6,client_f369cb89fc,0.5905342188161615,medium,hasn't been refreshed in a while,0
content_41b9387cdf24,client_f369cb89fc,0.5904658844407729,medium,targets a highly competitive keyword,0
content_d10f9ce1e0cd,client_4e07408562,0.5904592148224342,medium,hasn't been refreshed in a while,0
content_93d5f1ac34c8,client_f369cb89fc,0.5903990169301085,medium,hasn't been refreshed in a while,0
content_f05beee7738a,client_434c9b5ae5,0.5903773611763538,medium,hasn't been refreshed in a while,1
content_1b5b75de0be4,client_8527a891e2,0.5902306227457408,medium,hasn't been refreshed in a while,1
content_3769a1b69016,client_4e07408562,0.5901681703475229,medium,hasn't been refreshed in a while,0
content_f27aa3bffa47,client_4e07408562,0.5900888400878758,medium,hasn't been refreshed in a while,1
content_2869acd96e48,client_4e07408562,0.5900490914958968,medium,hasn't been refreshed in a while,1
content_8b88debf6d35,client_4e07408562,0.5899500218685462,medium,hasn't been refreshed in a while,0
content_a15c768760bd,client_f369cb89fc,0.5898960493001913,medium,hasn't been refreshed in a while,1
content_37db2a63c9c7,client_f369cb89fc,0.5896622635551428,medium,hasn't been refreshed in a while,1
content_6862d38c9b58,client_4e07408562,0.589639396375555,medium,hasn't been refreshed in a while,0
content_3a9fa1b4e069,client_4e07408562,0.5896320102104375,medium,hasn't been refreshed in a while,1
content_55139d0defae,client_4e07408562,0.5896298293309832,medium,hasn't been refreshed in a while,1
content_5a9d3d70cd90,client_8527a891e2,0.5895934096439476,medium,hasn't been refreshed in a while,0
content_ca8f273a3e0a,client_4e07408562,0.5895387337094709,medium,hasn't been refreshed in a while,1
content_2230586bb0c4,client_4e07408562,0.589466653890136,medium,hasn't been refreshed in a while,0
content_59ae69c1396f,client_4e07408562,0.5894565155937883,medium,hasn't been refreshed in a while,0
content_d09a405acf05,client_8527a891e2,0.5894440513241864,medium,hasn't been refreshed in a while,0
content_22f275f49f44,client_4e07408562,0.5891114605996084,medium,hasn't been refreshed in a while,1
content_e8a468328f1a,client_8527a891e2,0.5888832066862486,medium,hasn't been refreshed in a while,0
content_a2bcb8df0fc3,client_f369cb89fc,0.5888368329916609,medium,hasn't been refreshed in a while,1
content_1a47a3396608,client_8527a891e2,0.5887965179822148,medium,hasn't been refreshed in a while,1
content_180c8ec7003d,client_8527a891e2,0.588764836413223,medium,hasn't been refreshed in a while,1
content_8c9b4df92b7b,client_f369cb89fc,0.5887371652469745,medium,hasn't been refreshed in a while,1
content_14b00ef222c4,client_8527a891e2,0.588604090398465,medium,hasn't been refreshed in a while,1
content_1f998be42e43,client_8527a891e2,0.5885413517081195,medium,hasn't been refreshed in a while,1
content_8b12d7eb7b40,client_4e07408562,0.5885088738449634,medium,hasn't been refreshed in a while,1
content_de79be03fa06,client_8527a891e2,0.5884877958229234,medium,hasn't been refreshed in a while,0
content_6c4878bc9fe1,client_4e07408562,0.5884531669266025,medium,hasn't been refreshed in a while,1
content_4995288adcef,client_f369cb89fc,0.5883388537698931,medium,hasn't been refreshed in a while,1
content_3a4099af9765,client_434c9b5ae5,0.5883330281440952,medium,hasn't been refreshed in a while,1
content_3e0d4f33d0b8,client_8527a891e2,0.5882373636795171,medium,hasn't been refreshed in a while,0
content_c1fffa18961c,client_8527a891e2,0.5881979220034927,medium,hasn't been refreshed in a while,0
content_edf503934290,client_4e07408562,0.5881076469439401,medium,hasn't been refreshed in a while,0
content_0d8c3d947522,client_8527a891e2,0.5880855493951421,medium,hasn't been refreshed in a while,1
content_a869de96aa65,client_f369cb89fc,0.5880599477448033,medium,targets a highly competitive keyword,0
content_cba44f33db53,client_8527a891e2,0.587997561067935,medium,hasn't been refreshed in a while,0
content_e23a1f53cac0,client_f369cb89fc,0.5879690370614232,medium,targets a highly competitive keyword,1
content_f3464a853034,client_f369cb89fc,0.5879054888993774,medium,hasn't been refreshed in a while,1
content_3aec04992cd8,client_f369cb89fc,0.5879041022933624,medium,hasn't been refreshed in a while,1
content_906507ad95ce,client_8527a891e2,0.5878142932361415,medium,hasn't been refreshed in a while,0
content_c3b95e6baf84,client_4e07408562,0.5877615245589682,medium,hasn't been refreshed in a while,1
content_f0717373e86e,client_8527a891e2,0.5876326261495749,medium,hasn't been refreshed in a while,1
content_e85cf998e5d2,client_8527a891e2,0.5874635050993082,medium,hasn't been refreshed in a while,1
content_1884353791a8,client_8527a891e2,0.5873294995276636,medium,hasn't been refreshed in a while,0
content_3464adc98816,client_8527a891e2,0.5871175674707523,medium,hasn't been refreshed in a while,1
content_b79633beb5ba,client_f369cb89fc,0.5870157768591502,medium,one of the older pages in the set,0
content_ab5c69d8b3b1,client_f369cb89fc,0.5869320815440562,medium,targets a highly competitive keyword,1
content_461415b14c83,client_f369cb89fc,0.5868195368816026,medium,hasn't been refreshed in a while,0
content_c7c93b0f5df0,client_8527a891e2,0.5867604491670596,medium,hasn't been refreshed in a while,0
content_e1bf08881dc6,client_8527a891e2,0.5866465753986204,medium,hasn't been refreshed in a while,1
content_d8d9e5614b14,client_f369cb89fc,0.586543249893575,medium,hasn't been refreshed in a while,0
content_0ac4a4e97bd9,client_8527a891e2,0.5865125274931537,medium,hasn't been refreshed in a while,0
content_ed62f10eacd4,client_8527a891e2,0.5864129282489287,medium,hasn't been refreshed in a while,0
content_a35029d5d818,client_8527a891e2,0.5862962727301277,medium,hasn't been refreshed in a while,0
content_1f97c2c8f517,client_4e07408562,0.5862249688904911,medium,hasn't been refreshed in a while,1
content_557976e65608,client_f369cb89fc,0.5861925594977285,medium,hasn't been refreshed in a while,1
content_3be7fafe70b1,client_8527a891e2,0.5860668116572285,medium,hasn't been refreshed in a while,1
content_eb3f1d1ef2ea,client_8527a891e2,0.5860451512406334,medium,hasn't been refreshed in a while,0
content_62c82e9e70b8,client_8527a891e2,0.5859021977235171,medium,hasn't been refreshed in a while,0
content_1939180bfe36,client_8527a891e2,0.585864212182875,medium,hasn't been refreshed in a while,0
content_cde3ff473d77,client_8527a891e2,0.5857646209406412,medium,hasn't been refreshed in a while,1
content_ffffc9a0c08c,client_8527a891e2,0.58576127405867,medium,hasn't been refreshed in a while,0
content_c7bfb3fb5e53,client_8527a891e2,0.5856826731954898,medium,hasn't been refreshed in a while,1
content_945f106894f8,client_f369cb89fc,0.5855868486821367,medium,hasn't been refreshed in a while,0
content_225d4d660659,client_4e07408562,0.5855369304662136,medium,hasn't been refreshed in a while,0
content_72d42cc22e2c,client_4e07408562,0.585404378174403,medium,hasn't been refreshed in a while,1
content_2d22e0215964,client_8527a891e2,0.5853576741750269,medium,hasn't been refreshed in a while,0
content_9739b677eaa5,client_4e07408562,0.5852650990804577,medium,hasn't been refreshed in a while,1
content_9c917d971ad8,client_8527a891e2,0.5852556273280625,medium,hasn't been refreshed in a while,0
content_41ba077972d9,client_8527a891e2,0.5852461979421161,medium,hasn't been refreshed in a while,0
content_b3a1d8ac4964,client_8527a891e2,0.5850570166236331,medium,hasn't been refreshed in a while,1
content_896a19677baf,client_4e07408562,0.5849689917693298,medium,hasn't been refreshed in a while,0
content_372f87435947,client_f369cb89fc,0.584744459090622,medium,hasn't been refreshed in a while,1
content_a5d1c12af407,client_8527a891e2,0.584650569795784,medium,hasn't been refreshed in a while,0
content_3c334d156819,client_4e07408562,0.5845322621492031,medium,hasn't been refreshed in a while,0
content_a0d9819c4569,client_4e07408562,0.5844083594830051,medium,hasn't been refreshed in a while,0
content_94d1f783deed,client_4e07408562,0.5843339260195876,medium,hasn't been refreshed in a while,0
content_a537d99944b8,client_8527a891e2,0.5843083068546405,medium,hasn't been refreshed in a while,1
content_e34f363dbf39,client_4e07408562,0.5842605027453316,medium,hasn't been refreshed in a while,1
content_02e093500039,client_4e07408562,0.5841998316734072,medium,hasn't been refreshed in a while,1
content_ea865bea72fb,client_f369cb89fc,0.5840791973684661,medium,targets a highly competitive keyword,0
content_1aa08950fe0d,client_8527a891e2,0.5839871635208288,medium,hasn't been refreshed in a while,1
content_9399f5a1225e,client_f369cb89fc,0.5837108231972543,medium,hasn't been refreshed in a while,0
content_8693951b77ad,client_8527a891e2,0.5835451551012999,medium,hasn't been refreshed in a while,0
content_ae802e35d9a9,client_e629fa6598,0.5834166237544346,medium,hasn't been refreshed in a while,0
content_1bf0002f60cc,client_4e07408562,0.5834014319440844,medium,hasn't been refreshed in a while,1
content_a30c32196ac9,client_4e07408562,0.5833545785127038,medium,hasn't been refreshed in a while,1
content_7bad04a02737,client_8527a891e2,0.5832663527317914,medium,hasn't been refreshed in a while,0
content_cf8c1068af47,client_f369cb89fc,0.58325376700533,medium,hasn't been refreshed in a while,0
content_6fedd340cb01,client_4e07408562,0.5832126073543081,medium,hasn't been refreshed in a while,0
content_24d8b73697f6,client_4e07408562,0.5831838746500553,medium,hasn't been refreshed in a while,1
content_0be51c9e6cbd,client_f369cb89fc,0.5831584085872227,medium,hasn't been refreshed in a while,1
content_99aeeed59c45,client_f369cb89fc,0.5831153785091263,medium,targets a highly competitive keyword,0
content_9a1f2555b1eb,client_4e07408562,0.5827683855657212,medium,hasn't been refreshed in a while,0
content_7a84dac8961d,client_f369cb89fc,0.5826329954608723,medium,targets a highly competitive keyword,1
content_a6e263d9542e,client_f369cb89fc,0.5825610997749238,medium,hasn't been refreshed in a while,0
content_39b1e305e92b,client_f369cb89fc,0.5825400929362398,medium,hasn't been refreshed in a while,0
content_6adb914d0e05,client_8527a891e2,0.5823948345777231,medium,hasn't been refreshed in a while,0
content_725525d8378b,client_f369cb89fc,0.5822948033832237,medium,hasn't been refreshed in a while,1
content_b7e4fd5e6aa4,client_4e07408562,0.5822926213433987,medium,hasn't been refreshed in a while,1
content_3921a7d7066d,client_4e07408562,0.5819771766952273,medium,hasn't been refreshed in a while,0
content_a0744f34c5d8,client_e629fa6598,0.5819398219806057,medium,hasn't been refreshed in a while,1
content_1d0963b56227,client_4e07408562,0.5815546866738303,medium,hasn't been refreshed in a while,0
content_005d94fedb88,client_f369cb89fc,0.5813580917862983,medium,hasn't been refreshed in a while,1
content_7b4261f5afa3,client_4e07408562,0.5812582691661575,medium,hasn't been refreshed in a while,0
content_cf9f8ecdf9de,client_8527a891e2,0.5807488497051796,medium,hasn't been refreshed in a while,1
content_0d7f4fecb391,client_4e07408562,0.5807149184343788,medium,hasn't been refreshed in a while,1
content_1cc38b3f04d2,client_8527a891e2,0.580573928452803,medium,hasn't been refreshed in a while,1
content_5b427a81c0b2,client_f369cb89fc,0.5804635712854187,medium,hasn't been refreshed in a while,1
content_9432d8024b8e,client_4e07408562,0.5803802366861127,medium,hasn't been refreshed in a while,0
content_cbd542e4e064,client_4e07408562,0.5803644978619081,medium,hasn't been refreshed in a while,1
content_f78faba0af78,client_4e07408562,0.5803094123658691,medium,hasn't been refreshed in a while,0
content_0fd688a63532,client_4e07408562,0.5801367482122648,medium,hasn't been refreshed in a while,1
content_6cc2663a00ec,client_f369cb89fc,0.5800530008434798,medium,hasn't been refreshed in a while,1
content_cff1608c60c4,client_8527a891e2,0.5799512339657261,medium,hasn't been refreshed in a while,0
content_12865e681d4a,client_f369cb89fc,0.5799131945972278,medium,one of the older pages in the set,1
content_a159d40b38cd,client_8527a891e2,0.5798410974897894,medium,hasn't been refreshed in a while,1
content_983adc986531,client_4e07408562,0.5797321488179054,medium,hasn't been refreshed in a while,0
content_bc9233c49b68,client_4e07408562,0.5795139136505144,medium,hasn't been refreshed in a while,0
content_a6ca34ee4c5e,client_4e07408562,0.5794292484936859,medium,hasn't been refreshed in a while,1
content_dd9ab01faf99,client_f369cb89fc,0.5792696947900159,medium,hasn't been refreshed in a while,0
content_36ddf695beb7,client_4e07408562,0.5792616434310727,medium,hasn't been refreshed in a while,0
content_46d4b8ad705c,client_4e07408562,0.5792075010447031,medium,hasn't been refreshed in a while,1
content_5dcb74bcde1f,client_f369cb89fc,0.5791847220310055,medium,hasn't been refreshed in a while,0
content_9fecdbcad47a,client_f369cb89fc,0.5791652915973595,medium,hasn't been refreshed in a while,0
content_845548b95290,client_4e07408562,0.5788920325875457,medium,hasn't been refreshed in a while,1
content_2fa6a97a3c70,client_4e07408562,0.5787014897146994,medium,hasn't been refreshed in a while,1
content_b589cc886739,client_f369cb89fc,0.578696100157157,medium,hasn't been refreshed in a while,0
content_08eb507fdfc2,client_4e07408562,0.5786640294894054,medium,hasn't been refreshed in a while,0
content_856aca9a7224,client_4e07408562,0.5784801644928177,medium,hasn't been refreshed in a while,0
content_27e6ada72037,client_f369cb89fc,0.5783056694364946,medium,hasn't been refreshed in a while,1
content_3f0ec5aaeb3d,client_8b940be7fb,0.5782808565118496,medium,low prior click volume,0
content_11bc0410d988,client_4e07408562,0.5782136089358654,medium,hasn't been refreshed in a while,0
content_846bb4dd8b44,client_8527a891e2,0.5778572078000225,medium,hasn't been refreshed in a while,0
content_eed54a7e3211,client_434c9b5ae5,0.5776143260936542,medium,hasn't been refreshed in a while,0
content_145e3598d8fe,client_4e07408562,0.5775444384416665,medium,hasn't been refreshed in a while,0
content_eb183a3fdf61,client_f369cb89fc,0.5775366102479148,medium,hasn't been refreshed in a while,0
content_d7827558d408,client_4e07408562,0.5774626707687157,medium,hasn't been refreshed in a while,1
content_c7feeae9ce9b,client_4e07408562,0.577381161409976,medium,hasn't been refreshed in a while,0
content_5996be77a50e,client_f369cb89fc,0.5773692150731828,medium,hasn't been refreshed in a while,1
content_490609250ccd,client_8527a891e2,0.5772603913154527,medium,hasn't been refreshed in a while,0
content_bf69fff510ad,client_f369cb89fc,0.577208097753028,medium,hasn't been refreshed in a while,0
content_720edd4e1491,client_8527a891e2,0.5771221104978311,medium,hasn't been refreshed in a while,0
content_edae52c77f71,client_434c9b5ae5,0.5770188229544779,medium,hasn't been refreshed in a while,1
content_2b3baf9bf9df,client_4e07408562,0.5768395850777942,medium,hasn't been refreshed in a while,0
content_c56b05eb5257,client_4e07408562,0.5767807838353536,medium,hasn't been refreshed in a while,0
content_5fae218025f1,client_8527a891e2,0.576586923672217,medium,hasn't been refreshed in a while,1
content_6fc3e66c8c58,client_f369cb89fc,0.5764979920383032,medium,hasn't been refreshed in a while,1
content_3d6091dbb50e,client_8527a891e2,0.5764653746411273,medium,hasn't been refreshed in a while,1
content_42ce7d82d38d,client_4e07408562,0.5762485270986413,medium,hasn't been refreshed in a while,1
content_2a42f4cce9c6,client_4e07408562,0.5761929758107276,medium,hasn't been refreshed in a while,1
content_414de552cad7,client_4e07408562,0.575921876375647,medium,hasn't been refreshed in a while,1
content_cb317a98d402,client_4e07408562,0.5759119295191313,medium,hasn't been refreshed in a while,1
content_3b4f01eb6c70,client_4e07408562,0.5758853225992369,medium,hasn't been refreshed in a while,1
content_baa2b50f271a,client_4e07408562,0.575766864604419,medium,hasn't been refreshed in a while,0
content_8179b32b194b,client_4e07408562,0.575642411057693,medium,hasn't been refreshed in a while,0
content_85bf6763d5c5,client_4e07408562,0.5755088245830212,medium,hasn't been refreshed in a while,1
content_5d4f1744b4ea,client_f369cb89fc,0.5752319031593931,medium,hasn't been refreshed in a while,1
content_0477bd042ecd,client_f369cb89fc,0.5751144678093651,medium,hasn't been refreshed in a while,0
content_116108f97539,client_f369cb89fc,0.5748676904626377,medium,targets a highly competitive keyword,0
content_7bc32bc1df59,client_8527a891e2,0.5747887691089101,medium,hasn't been refreshed in a while,1
content_0919dd345d80,client_4e07408562,0.5747679960497928,medium,low prior search visibility,1
content_51240b821461,client_4e07408562,0.574684512544924,medium,hasn't been refreshed in a while,0
content_b64cc2aeb71b,client_4e07408562,0.5746632438040536,medium,hasn't been refreshed in a while,1
content_95d32ff9e7ae,client_4e07408562,0.5745732878961543,medium,hasn't been refreshed in a while,1
content_8ad4a25c246c,client_4e07408562,0.5742223107987062,medium,hasn't been refreshed in a while,1
content_4dbb75eecfdb,client_4e07408562,0.574191773907904,medium,hasn't been refreshed in a while,1
content_ff9d27a58b7b,client_4e07408562,0.5740285478185516,medium,hasn't been refreshed in a while,1
content_2e0b3dc70916,client_4e07408562,0.5739539183577694,medium,hasn't been refreshed in a while,0
content_def2f2195183,client_4e07408562,0.573773494385209,medium,hasn't been refreshed in a while,0
content_0be4977b4fcd,client_f369cb89fc,0.5735888775032724,medium,hasn't been refreshed in a while,0
content_1cd4d043f993,client_8527a891e2,0.5733706513451731,medium,hasn't been refreshed in a while,1
content_7af68c6f2598,client_4e07408562,0.5733580605602848,medium,hasn't been refreshed in a while,1
content_0371fc7cdb0a,client_4e07408562,0.5732390309923162,medium,hasn't been refreshed in a while,0
content_3f7dbbd55f0c,client_4e07408562,0.5730310939562927,medium,hasn't been refreshed in a while,1
content_15aefc83749a,client_4e07408562,0.5728360380620816,medium,hasn't been refreshed in a while,1
content_62abc4bd66be,client_4e07408562,0.5727801384079412,medium,hasn't been refreshed in a while,0
content_2cb87e388022,client_4e07408562,0.5724658044272264,medium,hasn't been refreshed in a while,0
content_7f7e453e77d5,client_f369cb89fc,0.5717633713382334,medium,hasn't been refreshed in a while,0
content_4f90f5799520,client_4e07408562,0.5716256290263317,medium,hasn't been refreshed in a while,1
content_d67d4369c4a3,client_f369cb89fc,0.5716005358645598,medium,one of the older pages in the set,0
content_74bb05d20f93,client_4e07408562,0.5715843362772257,medium,hasn't been refreshed in a while,0
content_dd6ae2827de8,client_f369cb89fc,0.5711768425090988,medium,hasn't been refreshed in a while,0
content_8047b55b63bd,client_f369cb89fc,0.5710353479303529,medium,hasn't been refreshed in a while,1
content_d376881f5bd0,client_4e07408562,0.5708285681625144,medium,hasn't been refreshed in a while,1
content_808b0748b38c,client_4e07408562,0.5708065490102924,medium,one of the older pages in the set,0
content_680f612e343a,client_4e07408562,0.5701985399809251,medium,hasn't been refreshed in a while,0
content_a4fd2c3517e7,client_e629fa6598,0.5699113737582715,medium,hasn't been refreshed in a while,1
content_04e97796ac4d,client_4e07408562,0.5696726507963312,medium,hasn't been refreshed in a while,1
content_833504301aed,client_f369cb89fc,0.5694871858490385,medium,hasn't been refreshed in a while,0
content_cf1423480af0,client_4e07408562,0.5692202849832745,medium,hasn't been refreshed in a while,1
content_dffc120c63ef,client_f369cb89fc,0.5689773879388256,medium,hasn't been refreshed in a while,0
content_6596b1355bab,client_4e07408562,0.5688907075884743,medium,hasn't been refreshed in a while,1
content_93f606bd517c,client_4e07408562,0.568843415377838,medium,hasn't been refreshed in a while,1
content_ed5667b58b1a,client_4e07408562,0.5686789640883854,medium,hasn't been refreshed in a while,0
content_60f6f7c82d6c,client_4e07408562,0.56838386390766,medium,hasn't been refreshed in a while,0
content_ca8a4b9161eb,client_4e07408562,0.5683708876758942,medium,hasn't been refreshed in a while,0
content_9b20894f75c1,client_4e07408562,0.5683626582331972,medium,hasn't been refreshed in a while,0
content_6fd9a41894ee,client_4e07408562,0.5681880313558397,medium,hasn't been refreshed in a while,0
content_e8f12f8191d3,client_f369cb89fc,0.5681086450061881,medium,hasn't been refreshed in a while,0
content_3672013e1d63,client_4e07408562,0.5678907720477883,medium,hasn't been refreshed in a while,0
content_9ecd60ff3bca,client_4e07408562,0.567710464733185,medium,hasn't been refreshed in a while,1
content_cb5611d87825,client_4e07408562,0.5673912600595187,medium,hasn't been refreshed in a while,1
content_fcfb13df26bf,client_4e07408562,0.5672597271975557,medium,hasn't been refreshed in a while,1
content_7d608decaea5,client_4e07408562,0.5670373330264346,medium,hasn't been refreshed in a while,0
content_ca17a024f90c,client_4e07408562,0.5669951784535454,medium,hasn't been refreshed in a while,1
content_01f07b38039c,client_e629fa6598,0.566746380749579,medium,hasn't been refreshed in a while,0
content_a56a1c89ab0a,client_4e07408562,0.5667203906420656,medium,hasn't been refreshed in a while,0
content_ad6aeae9e0a0,client_4e07408562,0.5665814476823356,medium,hasn't been refreshed in a while,1
content_83e19a9ce479,client_4e07408562,0.5663835344101136,medium,hasn't been refreshed in a while,0
content_cfc48d50b238,client_4e07408562,0.5662683390124164,medium,hasn't been refreshed in a while,0
content_deae03dc2d26,client_4e07408562,0.5661573629967012,medium,hasn't been refreshed in a while,1
content_5292478e83f6,client_4e07408562,0.5660412033870936,medium,hasn't been refreshed in a while,1
content_1f6909d0ba54,client_4e07408562,0.5658076852466076,medium,hasn't been refreshed in a while,1
content_c109f6284c24,client_8527a891e2,0.5655363855597539,medium,hasn't been refreshed in a while,1
content_26cf459dc4a6,client_f369cb89fc,0.5653511738939355,medium,hasn't been refreshed in a while,1
content_9ca7b8be5901,client_4e07408562,0.5653225508068321,medium,hasn't been refreshed in a while,1
content_7638b4f1674a,client_4e07408562,0.5647215101002951,medium,hasn't been refreshed in a while,0
content_7fa63804b8f1,client_4e07408562,0.5646406629717772,medium,hasn't been refreshed in a while,0
content_3e7893eabb81,client_e629fa6598,0.5645943697790734,medium,hasn't been refreshed in a while,1
content_95d1f3ddae61,client_8527a891e2,0.5644764642103846,medium,hasn't been refreshed in a while,0
content_a0bd500821a8,client_4e07408562,0.5643758559314499,medium,hasn't been refreshed in a while,0
content_f02a7e05a948,client_f369cb89fc,0.5643008390206713,medium,shorter than typical for this content type,1
content_1bfbc228161a,client_f369cb89fc,0.5642727147877769,medium,hasn't been refreshed in a while,1
content_d0a8a882c042,client_4e07408562,0.5642673410162563,medium,hasn't been refreshed in a while,0
content_756881a4736b,client_4e07408562,0.5642371387302724,medium,hasn't been refreshed in a while,1
content_c7481f76dd1e,client_f369cb89fc,0.564218002072965,medium,shorter than typical for this content type,0
content_8d0c7eec258a,client_4e07408562,0.5641038928720671,medium,hasn't been refreshed in a while,0
content_dbaf899fbd96,client_4e07408562,0.5639724144003798,medium,hasn't been refreshed in a while,1
content_eb299374f25e,client_e629fa6598,0.5638828206900306,medium,hasn't been refreshed in a while,1
content_827b209fa167,client_4e07408562,0.5638545595391611,medium,hasn't been refreshed in a while,1
content_bcf1b6a7a986,client_4e07408562,0.5638211134169058,medium,hasn't been refreshed in a while,1
content_15cfbe902e41,client_4e07408562,0.5636922664645059,medium,hasn't been refreshed in a while,1
content_a080bd4f0f51,client_4e07408562,0.5636126240181617,medium,hasn't been refreshed in a while,1
content_ff150bc51704,client_4e07408562,0.5636119138000574,medium,hasn't been refreshed in a while,0
content_6b5fb4940974,client_f369cb89fc,0.5635328215433204,medium,hasn't been refreshed in a while,1
content_8454508fb369,client_4e07408562,0.5634362007363952,medium,hasn't been refreshed in a while,0
content_c24703aeed68,client_4e07408562,0.5634036532199375,medium,hasn't been refreshed in a while,1
content_081c68229e69,client_4e07408562,0.563129610408418,medium,one of the older pages in the set,0
content_78b6f55b4f70,client_4e07408562,0.5629986424059124,medium,hasn't been refreshed in a while,1
content_3d216e1fd032,client_4e07408562,0.5629976741907831,medium,hasn't been refreshed in a while,0
content_bc805497f866,client_4e07408562,0.5628789804131156,medium,hasn't been refreshed in a while,1
content_7476a5fabd21,client_f369cb89fc,0.5627246472137549,medium,hasn't been refreshed in a while,1
content_c0272c14b2fd,client_f369cb89fc,0.5626928965380171,medium,hasn't been refreshed in a while,1
content_45a47b55f918,client_f369cb89fc,0.5626319843953865,medium,shorter than typical for this content type,0
content_dc7b81fd2fff,client_4e07408562,0.5625052622529666,medium,hasn't been refreshed in a while,1
content_c2dfd56f7149,client_4e07408562,0.562342924580518,medium,hasn't been refreshed in a while,1
content_95c980a35562,client_4e07408562,0.5620948940902816,medium,hasn't been refreshed in a while,1
content_bbfde34e9284,client_4e07408562,0.5620886409449928,medium,hasn't been refreshed in a while,0
content_594686bcfe8a,client_4e07408562,0.561976221792019,medium,hasn't been refreshed in a while,1
content_17a0fc02d9e7,client_4e07408562,0.5619625464819356,medium,hasn't been refreshed in a while,1
content_b2a61c74b647,client_4e07408562,0.5616994828574229,medium,hasn't been refreshed in a while,0
content_50b705edfd99,client_4e07408562,0.5616742002116477,medium,hasn't been refreshed in a while,1
content_d5914cd8c53e,client_f369cb89fc,0.5614674915728024,medium,hasn't been refreshed in a while,1
content_ed6385c45ca3,client_4e07408562,0.5614474719286872,medium,hasn't been refreshed in a while,1
content_51985aaaf937,client_4e07408562,0.5614240359450303,medium,hasn't been refreshed in a while,1
content_5c8315e9eb01,client_4e07408562,0.5611678668531574,medium,hasn't been refreshed in a while,1
content_d3911d52eb83,client_4e07408562,0.5610898195678604,medium,hasn't been refreshed in a while,0
content_fa84a88741eb,client_4e07408562,0.5609411097967321,medium,hasn't been refreshed in a while,0
content_63c5cd559eaf,client_4e07408562,0.5609046685934863,medium,hasn't been refreshed in a while,0
content_aef5bb94556b,client_f369cb89fc,0.5607371820638846,medium,hasn't been refreshed in a while,0
content_23ecaf05bdf0,client_f369cb89fc,0.5606380399420987,medium,shorter than typical for this content type,0
content_474b92beda6f,client_4e07408562,0.5605143339894201,medium,hasn't been refreshed in a while,0
content_c44f9a60ad62,client_4e07408562,0.5605075321832852,medium,hasn't been refreshed in a while,0
content_a5b1a25f5b80,client_4e07408562,0.5604875213000929,medium,hasn't been refreshed in a while,0
content_3a55fe05bade,client_f369cb89fc,0.5603430479094418,medium,shorter than typical for this content type,1
content_793c1449c556,client_4e07408562,0.5601346431069066,medium,hasn't been refreshed in a while,0
content_4e8fa9dda799,client_4e07408562,0.5600891705934585,medium,hasn't been refreshed in a while,0
content_20073d619610,client_4e07408562,0.559911873147571,medium,hasn't been refreshed in a while,1
content_2021dc8bd93e,client_4e07408562,0.5597519006069505,medium,hasn't been refreshed in a while,0
content_0d469af9a59a,client_f369cb89fc,0.5597289864617003,medium,hasn't been refreshed in a while,1
content_46e6383afd44,client_f369cb89fc,0.5595129532519164,medium,hasn't been refreshed in a while,0
content_4ccd43ea28b9,client_f369cb89fc,0.5594740093553467,medium,hasn't been refreshed in a while,1
content_429bcfe171c3,client_f369cb89fc,0.5594697445466749,medium,hasn't been refreshed in a while,0
content_5e387e075b1e,client_4e07408562,0.5594043509604888,medium,hasn't been refreshed in a while,1
content_6606686cb1dd,client_4e07408562,0.5591601566603515,medium,hasn't been refreshed in a while,1
content_a52f24b243fd,client_4e07408562,0.558977364207164,medium,hasn't been refreshed in a while,0
content_d5a4ba539dbc,client_4e07408562,0.5589007617996357,medium,hasn't been refreshed in a while,0
content_0422992eb963,client_f369cb89fc,0.5587932058154398,medium,hasn't been refreshed in a while,1
content_be4d32ea6848,client_f369cb89fc,0.5587523640287557,medium,hasn't been refreshed in a while,1
content_4d2355fcaed0,client_f369cb89fc,0.558688478097752,medium,hasn't been refreshed in a while,1
content_33f39767de6c,client_f369cb89fc,0.5584341497693084,medium,hasn't been refreshed in a while,0
content_5983f14e4266,client_4e07408562,0.5584031054043324,medium,hasn't been refreshed in a while,0
content_2958879823a8,client_f369cb89fc,0.5581807536739992,medium,hasn't been refreshed in a while,1
content_9d3f0b2e3be6,client_4e07408562,0.5581588802888677,medium,hasn't been refreshed in a while,1
content_127a10fafeb9,client_f369cb89fc,0.558057128446811,medium,hasn't been refreshed in a while,1
content_529a78e263c8,client_f369cb89fc,0.5579776601152591,medium,hasn't been refreshed in a while,0
content_8eb6dec91ada,client_4e07408562,0.5579215195349421,medium,hasn't been refreshed in a while,1
content_a0e5608803b6,client_f369cb89fc,0.5577936357617674,medium,hasn't been refreshed in a while,1
content_8dc1021270bf,client_4e07408562,0.5575804672635065,medium,hasn't been refreshed in a while,1
content_d16f344bb84b,client_4e07408562,0.5574452554671796,medium,hasn't been refreshed in a while,0
content_c4b138c22942,client_f369cb89fc,0.5573290519777708,medium,hasn't been refreshed in a while,1
content_4336310eb7f3,client_4e07408562,0.5572517428852497,medium,hasn't been refreshed in a while,0
content_d9786af0ac7b,client_f369cb89fc,0.5571137635074259,medium,hasn't been refreshed in a while,0
content_164f5bc59472,client_4e07408562,0.5566823362744339,medium,hasn't been refreshed in a while,0
content_6a56ebe835eb,client_f369cb89fc,0.5563934528663707,medium,hasn't been refreshed in a while,0
content_5607fec5d7db,client_f369cb89fc,0.5563324542060348,medium,hasn't been refreshed in a while,1
content_df80aa140eed,client_4e07408562,0.5562213115872837,medium,hasn't been refreshed in a while,0
content_d695c77deba2,client_4e07408562,0.556178698273193,medium,hasn't been refreshed in a while,1
content_27ed481de5d1,client_f369cb89fc,0.5561579497419852,medium,hasn't been refreshed in a while,1
content_925dd4890383,client_f369cb89fc,0.5559459015211289,medium,hasn't been refreshed in a while,0
content_16757dfdbd5d,client_f369cb89fc,0.5559289315475726,medium,hasn't been refreshed in a while,0
content_6a5c64af1faa,client_f369cb89fc,0.5558859201170375,medium,hasn't been refreshed in a while,1
content_3d49ab508c58,client_4e07408562,0.5558119220318541,medium,hasn't been refreshed in a while,1
content_8d7c1d704b43,client_f369cb89fc,0.5557733612820955,medium,hasn't been refreshed in a while,1
content_29851de826f8,client_4e07408562,0.5554408021169847,medium,hasn't been refreshed in a while,0
content_bcdc38cb4fc0,client_f369cb89fc,0.5553597243657447,medium,hasn't been refreshed in a while,0
content_86fe1bcebbdf,client_4e07408562,0.5551620100390696,medium,hasn't been refreshed in a while,0
content_ab5c80e503da,client_4e07408562,0.5551152216982672,medium,hasn't been refreshed in a while,1
content_3bbfc77a9e4f,client_f369cb89fc,0.5550311096248622,medium,hasn't been refreshed in a while,0
content_78964ea28e65,client_4e07408562,0.554835832833903,medium,hasn't been refreshed in a while,0
content_b45048bf83d0,client_4e07408562,0.5546813024196692,medium,one of the older pages in the set,1
content_5c8556c69135,client_e629fa6598,0.554646762959929,medium,hasn't been refreshed in a while,0
content_4d18563af8b9,client_f369cb89fc,0.5544236964699026,medium,hasn't been refreshed in a while,0
content_2bff67d1e32c,client_f369cb89fc,0.5544086809930923,medium,hasn't been refreshed in a while,1
content_b969b01c158e,client_4e07408562,0.5543199366193031,medium,hasn't been refreshed in a while,0
content_cf89cdf7de74,client_f369cb89fc,0.5542159594413054,medium,hasn't been refreshed in a while,0
content_cf1cca76949b,client_e629fa6598,0.5541286858289283,medium,hasn't been refreshed in a while,0
content_243eb4a5388e,client_f369cb89fc,0.5539505525023423,medium,targets a highly competitive keyword,0
content_ead020fd600b,client_f369cb89fc,0.5537949752993486,medium,hasn't been refreshed in a while,0
content_98c954aa0d49,client_f369cb89fc,0.5537641567738167,medium,hasn't been refreshed in a while,0
content_680d36e6f309,client_f369cb89fc,0.5537076721112779,medium,hasn't been refreshed in a while,0
content_3751d616fe31,client_4e07408562,0.5537042426901411,medium,hasn't been refreshed in a while,1
content_05331cba6ad3,client_f369cb89fc,0.5536845228298521,medium,hasn't been refreshed in a while,0
content_ec6b283c553e,client_f369cb89fc,0.5534991668432341,medium,hasn't been refreshed in a while,1
content_e70b7c3849dc,client_f369cb89fc,0.5532729094101674,medium,hasn't been refreshed in a while,0
content_c0078647bab2,client_f369cb89fc,0.5531277987867997,medium,hasn't been refreshed in a while,0
content_df014c059b19,client_f369cb89fc,0.552980889330307,medium,hasn't been refreshed in a while,1
content_3d1a10b227a0,client_4e07408562,0.5527608822387025,medium,hasn't been refreshed in a while,1
content_a6a2cf0626ad,client_f369cb89fc,0.5526634618429698,medium,hasn't been refreshed in a while,1
content_6bb4133ea8b7,client_f369cb89fc,0.5525487941501944,medium,hasn't been refreshed in a while,1
content_99aa6e14787a,client_4e07408562,0.5524423510797857,medium,hasn't been refreshed in a while,0
content_8b088301586d,client_4e07408562,0.5522612151591623,medium,one of the older pages in the set,1
content_d5c4f67a138c,client_4e07408562,0.5521393968320747,medium,one of the older pages in the set,0
content_7e3d9c85959b,client_4e07408562,0.5520504901104765,medium,hasn't been refreshed in a while,1
content_aa65fe944a87,client_4e07408562,0.5519763455704462,medium,hasn't been refreshed in a while,0
content_c5bf69f2eddc,client_f369cb89fc,0.5519180542456085,medium,hasn't been refreshed in a while,1
content_afaecdd092fb,client_f369cb89fc,0.5516930471249031,medium,hasn't been refreshed in a while,0
content_620e9c1f98e4,client_4e07408562,0.5515665698976796,medium,hasn't been refreshed in a while,0
content_64fbb70a9c18,client_e629fa6598,0.551429451846655,medium,hasn't been refreshed in a while,0
content_396019fec61a,client_4e07408562,0.5513598037147396,medium,hasn't been refreshed in a while,0
content_9d46a6de5e42,client_4e07408562,0.5511132905790594,medium,hasn't been refreshed in a while,1
content_7f89928335ae,client_f369cb89fc,0.5510064650824741,medium,hasn't been refreshed in a while,1
content_0103f50ac92e,client_f369cb89fc,0.5507072769847878,medium,hasn't been refreshed in a while,1
content_e95b2b9494b9,client_4e07408562,0.5506041476158203,medium,hasn't been refreshed in a while,1
content_515bb44a0009,client_4e07408562,0.5505532547627254,medium,one of the older pages in the set,0
content_6d6fd94f1cac,client_4e07408562,0.5504658729740994,medium,hasn't been refreshed in a while,0
content_ceaa28bba4ca,client_4e07408562,0.5503978030048359,medium,one of the older pages in the set,0
content_11e1b56eb703,client_4e07408562,0.5502601363072004,medium,hasn't been refreshed in a while,0
content_2b12869733c9,client_f369cb89fc,0.5497774010025018,medium,hasn't been refreshed in a while,1
content_0c44f8669d62,client_4e07408562,0.5497118571335293,medium,one of the older pages in the set,1
content_c4e5f95e129e,client_f369cb89fc,0.5494126707068893,medium,targets a highly competitive keyword,1
content_7c3eb1c41f29,client_f369cb89fc,0.549009315900957,medium,hasn't been refreshed in a while,0
content_d6aed460eac6,client_f369cb89fc,0.5487531801819026,medium,hasn't been refreshed in a while,1
content_79c84727d50d,client_4e07408562,0.5487469295605687,medium,hasn't been refreshed in a while,0
content_90e10153a72a,client_f369cb89fc,0.548609852911407,medium,hasn't been refreshed in a while,0
content_1ac5bfdf2cda,client_f369cb89fc,0.5485355247978558,medium,hasn't been refreshed in a while,0
content_0e3323cce5c4,client_f369cb89fc,0.5484301254510919,medium,targets a highly competitive keyword,1
content_670b08a87508,client_4e07408562,0.548200179654763,medium,one of the older pages in the set,0
content_1f3f98790021,client_e629fa6598,0.5481928644423992,medium,hasn't been refreshed in a while,0
content_78b1c955565a,client_e629fa6598,0.5479077458448744,medium,hasn't been refreshed in a while,1
content_9c1862fddbbb,client_f369cb89fc,0.5478536350345246,medium,targets a highly competitive keyword,1
content_f14e5d1984c9,client_4e07408562,0.5475434600050447,medium,one of the older pages in the set,0
content_9e6c26757e7b,client_4e07408562,0.5475176259883404,medium,hasn't been refreshed in a while,1
content_3d4f425c1828,client_4e07408562,0.5472429156195309,medium,hasn't been refreshed in a while,0
content_d2ee474d8489,client_4e07408562,0.5470494568293883,medium,one of the older pages in the set,0
content_08975e718b6d,client_f369cb89fc,0.5464989063969431,medium,targets a highly competitive keyword,0
content_3a60fa065442,client_4e07408562,0.5462939578194096,medium,hasn't been refreshed in a while,1
content_6da95ceaa9bb,client_4e07408562,0.5462305352221978,medium,hasn't been refreshed in a while,1
content_9e2f3f2d8b39,client_4e07408562,0.5460753403891526,medium,hasn't been refreshed in a while,1
content_1287402b44f4,client_4e07408562,0.5460600857095386,medium,hasn't been refreshed in a while,1
content_769a421d4a73,client_4e07408562,0.5460157309167699,medium,hasn't been refreshed in a while,0
content_e9e8c1c0840d,client_f369cb89fc,0.5458629053318762,medium,targets a highly competitive keyword,0
content_1c189411f713,client_4e07408562,0.5458004646615804,medium,one of the older pages in the set,0
content_e4d8e2c97976,client_4e07408562,0.5457798401422577,medium,hasn't been refreshed in a while,0
content_bce275871a25,client_f369cb89fc,0.5457208636000593,medium,hasn't been refreshed in a while,0
content_8b1bb60cf9a5,client_4e07408562,0.5456014318828086,medium,hasn't been refreshed in a while,1
content_854c9a6ae832,client_4e07408562,0.5454578376432637,medium,hasn't been refreshed in a while,1
content_22ce386dda2c,client_4e07408562,0.5453358012659062,medium,hasn't been refreshed in a while,1
content_1a6cb171bbc4,client_4e07408562,0.5448650923063096,medium,hasn't been refreshed in a while,1
content_28fdc9b17c26,client_4e07408562,0.5448179904343972,medium,hasn't been refreshed in a while,1
content_c66f2e695f40,client_f369cb89fc,0.5448151290793254,medium,targets a highly competitive keyword,0
content_76a30972876b,client_4e07408562,0.5445546654403374,medium,hasn't been refreshed in a while,1
content_20bc9a3dbbc8,client_4e07408562,0.5445184940708796,medium,hasn't been refreshed in a while,1
content_ced89f55ca12,client_f369cb89fc,0.5444819047030344,medium,targets a highly competitive keyword,1
content_de050828e96a,client_f369cb89fc,0.5444601700483545,medium,targets a highly competitive keyword,1
content_6363a3126c33,client_f369cb89fc,0.544455631328133,medium,targets a highly competitive keyword,0
content_85fc64b9979f,client_f369cb89fc,0.5441239021952544,medium,targets a highly competitive keyword,1
content_374e795aab68,client_f369cb89fc,0.5439775601441093,medium,targets a highly competitive keyword,0
content_3b25b95df47a,client_4e07408562,0.5438981819491734,medium,hasn't been refreshed in a while,0
content_4a147f223b0b,client_4e07408562,0.543690842530076,medium,one of the older pages in the set,1
content_35edaef5199e,client_4e07408562,0.5434272871548383,medium,one of the older pages in the set,1
content_5d6c8d441274,client_f369cb89fc,0.5433384764060316,medium,targets a highly competitive keyword,1
content_328de8c25c7c,client_4e07408562,0.5431965883449018,medium,hasn't been refreshed in a while,1
content_335f13ccec68,client_4e07408562,0.5431893247020082,medium,one of the older pages in the set,0
content_2a99104da82a,client_4e07408562,0.5429387872834448,medium,one of the older pages in the set,0
content_69dfd503ee88,client_4e07408562,0.5429206684700024,medium,one of the older pages in the set,0
content_ae8502b547de,client_4e07408562,0.5427101038674587,medium,hasn't been refreshed in a while,1
content_f430b0144820,client_f369cb89fc,0.542697411630442,medium,targets a highly competitive keyword,1
content_e61f3ae17a12,client_f369cb89fc,0.5426452502071792,medium,targets a highly competitive keyword,1
content_bf77f5dbe703,client_4e07408562,0.5423807130041821,medium,hasn't been refreshed in a while,0
content_73efbabd83af,client_f369cb89fc,0.5423379334411201,medium,targets a highly competitive keyword,0
content_371e6e08c996,client_4e07408562,0.542156665476801,medium,one of the older pages in the set,1
content_eb1633fa9519,client_4e07408562,0.5421471446736449,medium,one of the older pages in the set,1
content_bbb71bc9d167,client_f369cb89fc,0.5421159815983991,medium,targets a highly competitive keyword,1
content_37767b424074,client_f369cb89fc,0.5420973816193139,medium,targets a highly competitive keyword,1
content_e68936f45a7a,client_f369cb89fc,0.5420972410082682,medium,targets a highly competitive keyword,0
content_a2ea3d443492,client_f369cb89fc,0.5418730935017291,medium,targets a highly competitive keyword,1
content_d82e950a6d46,client_4e07408562,0.5418639187312743,medium,one of the older pages in the set,0
content_878993918fc2,client_4e07408562,0.5417588556368717,medium,one of the older pages in the set,1
content_3cdc1b30d728,client_f369cb89fc,0.5417526598006809,medium,targets a highly competitive keyword,1
content_5fa0d2041379,client_4e07408562,0.5417071178530818,medium,one of the older pages in the set,0
content_d72d7c2f021d,client_f369cb89fc,0.5416957296364298,medium,targets a highly competitive keyword,1
content_3df908376904,client_4e07408562,0.5415545741344673,medium,one of the older pages in the set,0
content_33da44cb09c9,client_4e07408562,0.5415047322234682,medium,low prior search visibility,1
content_0692208777c2,client_4e07408562,0.541471089479372,medium,one of the older pages in the set,1
content_5e0686a500c2,client_f369cb89fc,0.5413344113860208,medium,targets a highly competitive keyword,1
content_c3b109c7b1e3,client_4e07408562,0.5413205535502681,medium,one of the older pages in the set,0
content_82546ff63ded,client_4e07408562,0.5412630623417015,medium,hasn't been refreshed in a while,1
content_21372059d29f,client_f369cb89fc,0.5411553853368644,medium,targets a highly competitive keyword,1
content_672947e34836,client_4e07408562,0.5409933971311643,medium,one of the older pages in the set,0
content_6674ae339044,client_f369cb89fc,0.5409105194593511,medium,targets a highly competitive keyword,1
content_ac3d60f67cb8,client_4e07408562,0.5409016495883651,medium,one of the older pages in the set,0
content_35f8d6d44e84,client_f369cb89fc,0.5407050651445978,medium,targets a highly competitive keyword,0
content_1ec9f9f698a6,client_f369cb89fc,0.5406295966076056,medium,targets a highly competitive keyword,1
content_aec533ecc99f,client_4e07408562,0.5405784990857533,medium,hasn't been refreshed in a while,0
content_f7dee1b3c0b1,client_f369cb89fc,0.540578083885953,medium,targets a highly competitive keyword,0
content_efa9008475e6,client_f369cb89fc,0.5405644446998372,medium,targets a highly competitive keyword,1
content_1be1c6f083ce,client_4e07408562,0.5404872788817214,medium,hasn't been refreshed in a while,0
content_3e8b99272731,client_4e07408562,0.5404161811207433,medium,one of the older pages in the set,0
content_971fb2a30c56,client_f369cb89fc,0.5403950563929988,medium,targets a highly competitive keyword,1
content_76f2da3eff85,client_4e07408562,0.5403428465477091,medium,hasn't been refreshed in a while,0
content_0c9e88b28d11,client_4e07408562,0.5403340675673848,medium,one of the older pages in the set,1
content_1f61c05e5a94,client_4e07408562,0.5402305133562716,medium,one of the older pages in the set,1
content_5fdd3001da55,client_4e07408562,0.540160978602469,medium,one of the older pages in the set,0
content_8d2efba45f13,client_4e07408562,0.540160869272379,medium,one of the older pages in the set,1
content_19d8ec05394d,client_e629fa6598,0.5400741479557389,medium,hasn't been refreshed in a while,0
content_17976e270c5a,client_f369cb89fc,0.540072619117461,medium,targets a highly competitive keyword,1
content_452b4dcb2c2a,client_4e07408562,0.5400266870196184,medium,one of the older pages in the set,0
content_7119d5d9637d,client_4e07408562,0.5400259557357577,medium,one of the older pages in the set,1
content_2a890496afdb,client_4e07408562,0.5400146180459396,medium,one of the older pages in the set,0
content_019209346a55,client_4e07408562,0.5399890309671852,medium,one of the older pages in the set,0
content_962360eab780,client_4e07408562,0.5399445327820458,medium,hasn't been refreshed in a while,0
content_015287fce017,client_4e07408562,0.5399286856729759,medium,one of the older pages in the set,0
content_89de5e45f7aa,client_4e07408562,0.5399228015116346,medium,hasn't been refreshed in a while,1
content_a4e7c491c25f,client_4e07408562,0.5398338804499067,medium,hasn't been refreshed in a while,0
content_9ee9dadbd5d7,client_4e07408562,0.5398285571038467,medium,hasn't been refreshed in a while,0
content_68784a872d47,client_4e07408562,0.5397384196111035,medium,hasn't been refreshed in a while,0
content_c30c8488c0d1,client_4e07408562,0.5396960649864287,medium,hasn't been refreshed in a while,0
content_624b89ae5eba,client_f369cb89fc,0.5395965296808474,medium,targets a highly competitive keyword,0
content_6e1632efb058,client_f369cb89fc,0.5395217618963749,medium,hasn't been refreshed in a while,1
content_98873bc7ee8f,client_f369cb89fc,0.5394724621857313,medium,targets a highly competitive keyword,1
content_34cf15fab5ce,client_f369cb89fc,0.5394693060789048,medium,targets a highly competitive keyword,0
content_586775f69b06,client_4e07408562,0.5393766519053909,medium,hasn't been refreshed in a while,0
content_11bec72dc466,client_4e07408562,0.5393280309427411,medium,one of the older pages in the set,0
content_395a0b5c7287,client_4e07408562,0.5393185357573034,medium,one of the older pages in the set,0
content_cfbe919472e0,client_4e07408562,0.5392112639441942,medium,one of the older pages in the set,0
content_d70867535282,client_e629fa6598,0.539155471940559,medium,hasn't been refreshed in a while,1
content_da45ecf1bf77,client_4e07408562,0.5391493290404977,medium,one of the older pages in the set,1
content_ee7f28fec27a,client_4e07408562,0.5390535237975206,medium,one of the older pages in the set,1
content_bba155c5f227,client_4e07408562,0.5390535237975206,medium,one of the older pages in the set,0
content_57e4f4fdb677,client_f369cb89fc,0.5389085698193811,medium,targets a highly competitive keyword,1
content_12e3dbb55fb7,client_4e07408562,0.5388504889769267,medium,hasn't been refreshed in a while,0
content_092df0c6afc7,client_4e07408562,0.5387333133805109,medium,hasn't been refreshed in a while,1
content_c6254a2cbb2d,client_f369cb89fc,0.5387302469131424,medium,targets a highly competitive keyword,1
content_7a84a9b5bf05,client_4e07408562,0.5386880795088383,medium,hasn't been refreshed in a while,0
content_3c4dcf6dfc89,client_4e07408562,0.5386506186629096,medium,one of the older pages in the set,1
content_e8f2b01c3603,client_f369cb89fc,0.5386125570499902,medium,targets a highly competitive keyword,0
content_93a0ca28cfe2,client_f369cb89fc,0.5385718819713277,medium,targets a highly competitive keyword,0
content_f698f57c8375,client_f369cb89fc,0.5385073571040351,medium,targets a highly competitive keyword,1
content_5d8a509aff52,client_4e07408562,0.538507301747892,medium,one of the older pages in the set,0
content_a86137c029a4,client_4e07408562,0.5383013669172142,medium,hasn't been refreshed in a while,1
content_3e95d15844b7,client_4e07408562,0.5382968880292672,medium,hasn't been refreshed in a while,1
content_e5cbbc8ed6b2,client_4e07408562,0.5382046418170784,medium,hasn't been refreshed in a while,0
content_3644cb1007be,client_4e07408562,0.5381884388127951,medium,one of the older pages in the set,1
content_373ec112d46d,client_4e07408562,0.5380791089184428,medium,one of the older pages in the set,1
content_292efd8c2a22,client_e629fa6598,0.5380437075654593,medium,hasn't been refreshed in a while,0
content_ccd5e4c20eae,client_4e07408562,0.5379620459217971,medium,one of the older pages in the set,0
content_fefb4fa311f8,client_4e07408562,0.5377982940251381,medium,hasn't been refreshed in a while,1
content_df8e9474900c,client_4e07408562,0.5377611608780593,medium,one of the older pages in the set,0
content_243715096698,client_f369cb89fc,0.5376942780415606,medium,shorter than typical for this content type,0
content_d274ac4158ef,client_4e07408562,0.537539571985828,medium,low prior search visibility,0
content_f0f92eb79cec,client_4e07408562,0.5373240605452435,medium,one of the older pages in the set,1
content_ca35d6668c8e,client_4e07408562,0.5372292891125978,medium,one of the older pages in the set,1
content_3d0c269c0e8e,client_4e07408562,0.5371542365227161,medium,hasn't been refreshed in a while,1
content_d81c15506dff,client_4e07408562,0.537073012688729,medium,one of the older pages in the set,1
content_4989b0404949,client_4e07408562,0.5368653839474816,medium,one of the older pages in the set,0
content_dcda112812f6,client_4e07408562,0.5367910993553434,medium,one of the older pages in the set,1
content_fadc1b872839,client_f369cb89fc,0.5367886148412097,medium,hasn't been refreshed in a while,1
content_2b169d27d9e5,client_4e07408562,0.5365057807484944,medium,one of the older pages in the set,1
content_d5e5a318ca7c,client_4e07408562,0.5364692907984433,medium,hasn't been refreshed in a while,0
content_57e8be94618e,client_4e07408562,0.536386549145997,medium,one of the older pages in the set,0
content_5ece87ba64ec,client_f369cb89fc,0.5363533706234196,medium,targets a highly competitive keyword,1
content_66d0af18b66f,client_4e07408562,0.5362858002571391,medium,one of the older pages in the set,1
content_4c787e21d590,client_e629fa6598,0.5362428618390148,medium,hasn't been refreshed in a while,1
content_7a6746b30eee,client_f369cb89fc,0.5362160202502387,medium,targets a highly competitive keyword,0
content_81aacf180df3,client_4e07408562,0.5362050632345979,medium,one of the older pages in the set,0
content_fdab4c5e61d2,client_4e07408562,0.5360108884098584,medium,hasn't been refreshed in a while,0
content_07df47f48572,client_4e07408562,0.5358675648201962,medium,one of the older pages in the set,0
content_837b79ca14f9,client_4e07408562,0.535853037766344,medium,hasn't been refreshed in a while,0
content_ed042e51f683,client_4e07408562,0.5357530829152937,medium,one of the older pages in the set,0
content_ce9d0e4e4dd2,client_4e07408562,0.535731020563184,medium,hasn't been refreshed in a while,0
content_547fe06ec900,client_f369cb89fc,0.5354024663662378,medium,targets a highly competitive keyword,1
content_41bcf8c94876,client_4e07408562,0.5353658094627,medium,hasn't been refreshed in a while,1
content_83390968e32e,client_4e07408562,0.5352686915092646,medium,one of the older pages in the set,1
content_045784691835,client_4e07408562,0.5351662727823572,medium,one of the older pages in the set,0
content_db3fd75bd4fe,client_f369cb89fc,0.5351337446195156,medium,targets a highly competitive keyword,1
content_0a161787bb28,client_f369cb89fc,0.5348120904394702,medium,targets a highly competitive keyword,0
content_a20c25627ed7,client_4e07408562,0.5344764829125103,medium,low prior search visibility,1
content_0ba896169af5,client_4e07408562,0.5344596151589498,medium,one of the older pages in the set,1
content_6cbc4c3512a6,client_4e07408562,0.5342559152857891,medium,hasn't been refreshed in a while,0
content_527d09d905c6,client_4e07408562,0.5339996012360276,medium,hasn't been refreshed in a while,0
content_95ed71e365b1,client_8527a891e2,0.5339567193567085,medium,hasn't been refreshed in a while,0
content_2d73ab8136fa,client_f369cb89fc,0.5338981276554629,medium,targets a highly competitive keyword,1
content_58f93a020d56,client_e629fa6598,0.5338269441939706,medium,hasn't been refreshed in a while,0
content_c4a6fa4ffe22,client_e629fa6598,0.5337861110684624,medium,hasn't been refreshed in a while,1
content_82837d50572c,client_4e07408562,0.53358032974447,medium,hasn't been refreshed in a while,0
content_c9fc2aac0673,client_f369cb89fc,0.5332513763917185,medium,targets a highly competitive keyword,1
content_b8d3e0ffaf08,client_e629fa6598,0.5332168268562051,medium,hasn't been refreshed in a while,0
content_093ab3c24de7,client_4e07408562,0.5330676682982978,medium,hasn't been refreshed in a while,1
content_3743c215f207,client_4e07408562,0.5329450235441082,medium,hasn't been refreshed in a while,1
content_32ff84795595,client_4e07408562,0.5326678712060916,medium,one of the older pages in the set,0
content_e7af0b1db174,client_e629fa6598,0.532618427462021,medium,hasn't been refreshed in a while,0
content_f1923a73b444,client_e629fa6598,0.5325951322910094,medium,hasn't been refreshed in a while,1
content_b0b137336740,client_f369cb89fc,0.5325486780413473,medium,targets a highly competitive keyword,1
content_a138ab3bd14d,client_4e07408562,0.5324975035966489,medium,one of the older pages in the set,1
content_e6955a2c59dc,client_4e07408562,0.5324965434116125,medium,one of the older pages in the set,1
content_4a77f09bb322,client_e629fa6598,0.5323609521441329,medium,hasn't been refreshed in a while,1
content_fac19fcdfb85,client_4e07408562,0.5322569312652028,medium,low prior search visibility,0
content_bc626e22516b,client_e629fa6598,0.5319271748736039,medium,hasn't been refreshed in a while,0
content_0297643191af,client_f369cb89fc,0.5318561175688948,medium,targets a highly competitive keyword,0
content_d9cf8835e2a7,client_4e07408562,0.5318362575968145,medium,one of the older pages in the set,1
content_0b8d7cb09e68,client_4e07408562,0.5317053447032715,medium,hasn't been refreshed in a while,1
content_c9b099f3ff17,client_f369cb89fc,0.5313296516973125,medium,targets a highly competitive keyword,1
content_dac6074ec8c1,client_e629fa6598,0.5311060335033788,medium,hasn't been refreshed in a while,1
content_fd619c9a6c43,client_4e07408562,0.5309905139004208,medium,hasn't been refreshed in a while,0
content_4aeb7ad6d5d3,client_4e07408562,0.5308225759851937,medium,one of the older pages in the set,0
content_cb46cf928f85,client_4e07408562,0.5307943786436631,medium,hasn't been refreshed in a while,1
content_0588cb9e1922,client_f369cb89fc,0.5306591031637,medium,targets a highly competitive keyword,1
content_3ef6208d0f0e,client_f369cb89fc,0.5305142606218316,medium,targets a highly competitive keyword,0
content_ee31908da7e5,client_e629fa6598,0.5304926075470812,medium,hasn't been refreshed in a while,1
content_d272557fb582,client_f369cb89fc,0.5304851056914637,medium,targets a highly competitive keyword,1
content_312067cebcd8,client_f369cb89fc,0.5304593832100409,medium,targets a highly competitive keyword,0
content_306b690f0366,client_f369cb89fc,0.5300886069305688,medium,targets a highly competitive keyword,1
content_c19817a1ca36,client_f369cb89fc,0.5300115329011748,medium,targets a highly competitive keyword,1
content_33ff51dd343d,client_f369cb89fc,0.5299867601450864,medium,targets a highly competitive keyword,1
content_939cc377166b,client_f369cb89fc,0.5296723507274921,medium,targets a highly competitive keyword,1
content_298265fe153d,client_f369cb89fc,0.5295277803212605,medium,targets a highly competitive keyword,1
content_cff6fa6c172f,client_f369cb89fc,0.5294521056647353,medium,targets a highly competitive keyword,1
content_c22f0bebb1d1,client_4e07408562,0.5293729379564991,medium,hasn't been refreshed in a while,0
content_eafa38d2fa4c,client_f369cb89fc,0.5293615452990398,medium,targets a highly competitive keyword,1
content_e1cd979ce9e6,client_f369cb89fc,0.5292678225890257,medium,targets a highly competitive keyword,0
content_e02294474a4c,client_f369cb89fc,0.5290188218695802,medium,targets a highly competitive keyword,1
content_576d85a2a756,client_f369cb89fc,0.5288080177435355,medium,targets a highly competitive keyword,1
content_62e37736c612,client_f369cb89fc,0.5288079488361666,medium,targets a highly competitive keyword,0
content_01eab8520dfa,client_4e07408562,0.5287739632894248,medium,hasn't been refreshed in a while,0
content_0ee9b22a5999,client_4e07408562,0.5287736047763304,medium,one of the older pages in the set,1
content_89f943df59f1,client_f369cb89fc,0.5287643493660934,medium,targets a highly competitive keyword,1
content_3a49576fd0e1,client_4e07408562,0.5287028590480568,medium,hasn't been refreshed in a while,1
content_d02df0d34dd5,client_4e07408562,0.5286933577930365,medium,hasn't been refreshed in a while,0
content_d456f286e50f,client_8527a891e2,0.5286889449328828,medium,shorter than typical for this content type,1
content_5a431bfcc14f,client_f369cb89fc,0.5286710102562932,medium,targets a highly competitive keyword,1
content_ced08f8ea1ac,client_4e07408562,0.5286154259200865,medium,hasn't been refreshed in a while,0
content_724229f1cb24,client_4e07408562,0.5285564616867771,medium,hasn't been refreshed in a while,0
content_fd85da9a38d6,client_f369cb89fc,0.5284157041615846,medium,targets a highly competitive keyword,0
content_fc20dc014f77,client_4e07408562,0.5283915229626652,medium,hasn't been refreshed in a while,0
content_d83aae71922d,client_f369cb89fc,0.5281687187434524,medium,targets a highly competitive keyword,0
content_791a0ba510e4,client_f369cb89fc,0.5280938861797493,medium,hasn't been refreshed in a while,0
content_32f7e76c0924,client_f369cb89fc,0.5280135858123759,medium,targets a highly competitive keyword,0
content_8dd279f26d0c,client_4e07408562,0.5280097144271643,medium,hasn't been refreshed in a while,0
content_07b0988606b3,client_f369cb89fc,0.5278080355599524,medium,hasn't been refreshed in a while,1
content_cd03fd02ad0f,client_4e07408562,0.5277955965644054,medium,hasn't been refreshed in a while,1
content_d1a08ef06423,client_f369cb89fc,0.527676464734276,medium,targets a highly competitive keyword,0
content_f9e278aebf72,client_f369cb89fc,0.5276185171045801,medium,hasn't been refreshed in a while,1
content_94ff4ec6b6b5,client_4e07408562,0.5275730015932951,medium,hasn't been refreshed in a while,1
content_d03a54ef72a8,client_4e07408562,0.5275677175530924,medium,hasn't been refreshed in a while,0
content_ba8edc136162,client_4e07408562,0.5275315501609816,medium,hasn't been refreshed in a while,1
content_0a954f7270fd,client_f369cb89fc,0.5274943295275066,medium,targets a highly competitive keyword,0
content_079f12e2077e,client_f369cb89fc,0.5272773786163546,medium,targets a highly competitive keyword,1
content_9b0075a45056,client_f369cb89fc,0.527200891665249,medium,targets a highly competitive keyword,0
content_bd164997ed9b,client_f369cb89fc,0.526962842500356,medium,targets a highly competitive keyword,1
content_292059c0400f,client_f369cb89fc,0.5269365868851823,medium,targets a highly competitive keyword,1
content_d53208a3d2ae,client_f369cb89fc,0.5269360292263595,medium,targets a highly competitive keyword,0
content_db5a1e827e8b,client_f369cb89fc,0.5267999762343224,medium,targets a highly competitive keyword,1
content_43a70ba6b218,client_4e07408562,0.526740179108836,medium,one of the older pages in the set,1
content_77d69642e2cb,client_f369cb89fc,0.5266969020367921,medium,targets a highly competitive keyword,1
content_8bccdf8eab1a,client_f369cb89fc,0.5265952830322455,medium,targets a highly competitive keyword,0
content_931cf9e44e8a,client_4e07408562,0.5264600565069134,medium,hasn't been refreshed in a while,0
content_ddb8962b4353,client_f369cb89fc,0.5264080222825059,medium,targets a highly competitive keyword,1
content_ede4d2a70581,client_4e07408562,0.526385176803961,medium,hasn't been refreshed in a while,1
content_02e42982f154,client_f369cb89fc,0.5263784959657858,medium,targets a highly competitive keyword,0
content_47808e2c16d4,client_f369cb89fc,0.526350942188922,medium,targets a highly competitive keyword,1
content_754c0acf2e40,client_4e07408562,0.5263301111356951,medium,hasn't been refreshed in a while,1
content_24aafbba8fd5,client_f369cb89fc,0.5262753797951566,medium,hasn't been refreshed in a while,1
content_faa3719c835d,client_4e07408562,0.526180156312056,medium,one of the older pages in the set,0
content_cc830be9dae1,client_4e07408562,0.5261580854687273,medium,hasn't been refreshed in a while,1
content_47abc023a16a,client_f369cb89fc,0.5260433948933537,medium,targets a highly competitive keyword,0
content_be9ecc1ddd07,client_8527a891e2,0.5259469990920669,medium,shorter than typical for this content type,0
content_239c6dd5db4f,client_f369cb89fc,0.52589837780546,medium,targets a highly competitive keyword,1
content_5b4034650f3f,client_f369cb89fc,0.5258629165434439,medium,targets a highly competitive keyword,1
content_7b978a6bbf9f,client_f369cb89fc,0.5257686408595851,medium,targets a highly competitive keyword,0
content_93fda401256d,client_f369cb89fc,0.5256728807523675,medium,hasn't been refreshed in a while,1
content_90f84ecc4cca,client_4e07408562,0.5256051206976973,medium,hasn't been refreshed in a while,1
content_4870cf275fec,client_4e07408562,0.5255453517032814,medium,hasn't been refreshed in a while,0
content_48646ae101fe,client_f369cb89fc,0.5255397875858073,medium,targets a highly competitive keyword,1
content_56afb8453fdd,client_f369cb89fc,0.5254254840945434,medium,targets a highly competitive keyword,1
content_b40c643dc40b,client_f369cb89fc,0.5253165864689057,medium,targets a highly competitive keyword,0
content_ba327fc280e4,client_f369cb89fc,0.5251945147111493,medium,targets a highly competitive keyword,1
content_d56f7f74c15c,client_f369cb89fc,0.5250998315807989,medium,targets a highly competitive keyword,1
content_6e2f3780a39e,client_f369cb89fc,0.525025779053518,medium,targets a highly competitive keyword,1
content_bbcde7de697e,client_8527a891e2,0.5249581871638208,medium,shorter than typical for this content type,0
content_b2cb21940b47,client_f369cb89fc,0.5248909435456678,medium,targets a highly competitive keyword,1
content_9cf876e274c8,client_4e07408562,0.5248874625622488,medium,one of the older pages in the set,1
content_d65a65136d15,client_f369cb89fc,0.5248497539465755,medium,targets a highly competitive keyword,1
content_5551a4c5ed02,client_f369cb89fc,0.524811683913293,medium,targets a highly competitive keyword,1
content_d6ce4e17f464,client_f369cb89fc,0.5247721378369988,medium,targets a highly competitive keyword,0
content_f834aa112122,client_f369cb89fc,0.5247092844149778,medium,targets a highly competitive keyword,0
content_a5ee2196b6f9,client_4e07408562,0.5245530694945579,medium,hasn't been refreshed in a while,1
content_afc42ff6c1f7,client_f369cb89fc,0.5245017877151114,medium,targets a highly competitive keyword,1
content_8287d0133a5d,client_f369cb89fc,0.5244901706017286,medium,hasn't been refreshed in a while,1
content_475cb3299049,client_f369cb89fc,0.5244525933015588,medium,targets a highly competitive keyword,1
content_13ca6c99ef66,client_f369cb89fc,0.5244262136315722,medium,targets a highly competitive keyword,1
content_8b165f742450,client_8527a891e2,0.5241512343730035,medium,hasn't been refreshed in a while,0
content_f71b51242c56,client_f369cb89fc,0.5241114523656559,medium,targets a highly competitive keyword,1
content_e8729b6fec38,client_4e07408562,0.5240996612410379,medium,hasn't been refreshed in a while,0
content_291ee5797899,client_f369cb89fc,0.5240080993720602,medium,targets a highly competitive keyword,0
content_35aeed8caca0,client_f369cb89fc,0.5237843189646602,medium,targets a highly competitive keyword,1
content_9fc41e4ea334,client_8527a891e2,0.5235860290409468,medium,hasn't been refreshed in a while,1
content_45d3aa65f4df,client_f369cb89fc,0.5234289605902844,medium,targets a highly competitive keyword,1
content_8cdee3250626,client_f369cb89fc,0.5234228223328524,medium,targets a highly competitive keyword,0
content_06248e69dbfe,client_8527a891e2,0.5233051619738811,medium,hasn't been refreshed in a while,1
content_ada7dbd198ce,client_f369cb89fc,0.5231433461664341,medium,targets a highly competitive keyword,1
content_77c2de24ad94,client_f369cb89fc,0.5231218545418742,medium,hasn't been refreshed in a while,1
content_d92fe3883103,client_f369cb89fc,0.5230013636709855,medium,targets a highly competitive keyword,0
content_f41eae0e83eb,client_f369cb89fc,0.5229306573737009,medium,targets a highly competitive keyword,1
content_d3d05fa95de8,client_f369cb89fc,0.5229224744601663,medium,targets a highly competitive keyword,0
content_dc742294bac0,client_f369cb89fc,0.5227598462411595,medium,targets a highly competitive keyword,1
content_68b0421d0ae4,client_8527a891e2,0.5226603885636671,medium,hasn't been refreshed in a while,1
content_b662dbf2fbf3,client_f369cb89fc,0.5224189964931182,medium,targets a highly competitive keyword,1
content_707c7cffdb9e,client_f369cb89fc,0.5223840712168454,medium,targets a highly competitive keyword,0
content_af865035b328,client_f369cb89fc,0.5223620923604548,medium,targets a highly competitive keyword,1
content_42329a1ee0c7,client_f369cb89fc,0.5223231217464586,medium,targets a highly competitive keyword,1
content_8a541e403b7f,client_4e07408562,0.5223142644883446,medium,hasn't been refreshed in a while,0
content_d9904723962e,client_8527a891e2,0.5223124522084306,medium,shorter than typical for this content type,1
content_d1be24388003,client_4e07408562,0.5222924253191391,medium,hasn't been refreshed in a while,0
content_0ac90a7368b5,client_4e07408562,0.5222541278627371,medium,one of the older pages in the set,1
content_c1c66337d0ba,client_8527a891e2,0.5222015341850936,medium,hasn't been refreshed in a while,1
content_d91eb7d94d3f,client_4e07408562,0.5221307756272444,medium,hasn't been refreshed in a while,1
content_cdd4dfeea367,client_f369cb89fc,0.5219020271435498,medium,targets a highly competitive keyword,1
content_5c36584161ef,client_8527a891e2,0.5218861477732929,medium,hasn't been refreshed in a while,0
content_96f71db7aa78,client_f369cb89fc,0.5217359772125753,medium,targets a highly competitive keyword,1
content_ba663b76c64b,client_f369cb89fc,0.5217214716814995,medium,targets a highly competitive keyword,1
content_b5c4feda7c40,client_f369cb89fc,0.5216489857587633,medium,targets a highly competitive keyword,1
content_bd8a682b7e9d,client_8527a891e2,0.5215221860382585,medium,shorter than typical for this content type,1
content_ccbfd2913c5b,client_f369cb89fc,0.5214744588098114,medium,targets a highly competitive keyword,1
content_684d7808f894,client_f369cb89fc,0.5213025786288176,medium,targets a highly competitive keyword,1
content_064539f383aa,client_8527a891e2,0.5212961011434488,medium,hasn't been refreshed in a while,1
content_2e6dcf759a44,client_f369cb89fc,0.5212704195618189,medium,targets a highly competitive keyword,1
content_3d2aab459562,client_8527a891e2,0.521252049593219,medium,shorter than typical for this content type,1
content_a6b64150990e,client_4e07408562,0.5211071470549509,medium,hasn't been refreshed in a while,1
content_ac46699625cd,client_8527a891e2,0.5210364791805889,medium,hasn't been refreshed in a while,1
content_b60fd33115df,client_4e07408562,0.5210281261058352,medium,hasn't been refreshed in a while,0
content_444cb6541fc2,client_8527a891e2,0.5210218516770244,medium,hasn't been refreshed in a while,0
content_4fdcfe417b36,client_4e07408562,0.5209599483962367,medium,hasn't been refreshed in a while,1
content_7f145740b240,client_f369cb89fc,0.5209417071995965,medium,targets a highly competitive keyword,1
content_cbe05c25a612,client_f369cb89fc,0.5209373772448986,medium,hasn't been refreshed in a while,0
content_93736f8ade40,client_f369cb89fc,0.5209151225840863,medium,targets a highly competitive keyword,1
content_b914d613c73f,client_4e07408562,0.5206909440227666,medium,one of the older pages in the set,1
content_700061cecdf3,client_f369cb89fc,0.520675570641123,medium,targets a highly competitive keyword,1
content_b52e01ba950b,client_8527a891e2,0.5205967565255915,medium,shorter than typical for this content type,1
content_2e0483eb1960,client_4e07408562,0.5204338508291871,medium,hasn't been refreshed in a while,0
content_998108671821,client_f369cb89fc,0.520414667228837,medium,targets a highly competitive keyword,0
content_216e491cf375,client_f369cb89fc,0.5203686924715442,medium,targets a highly competitive keyword,1
content_92ad918a6cc5,client_f369cb89fc,0.5203464096127676,medium,targets a highly competitive keyword,0
content_b1bf3aa2c743,client_8527a891e2,0.5203262669883795,medium,hasn't been refreshed in a while,1
content_4e6d453b3583,client_f369cb89fc,0.5203221627509044,medium,targets a highly competitive keyword,1
content_284765acdafb,client_8527a891e2,0.5202886123905205,medium,hasn't been refreshed in a while,0
content_df33710fdefd,client_4e07408562,0.52028163485695,medium,one of the older pages in the set,0
content_ea65024247a2,client_4e07408562,0.5201792784954308,medium,one of the older pages in the set,0
content_d4452104084d,client_f369cb89fc,0.520156040704328,medium,targets a highly competitive keyword,0
content_7768e375a15e,client_4e07408562,0.5199957693191136,medium,one of the older pages in the set,1
content_ef634bab0226,client_f369cb89fc,0.5199794381763361,medium,targets a highly competitive keyword,1
content_4616b55fe88b,client_f369cb89fc,0.519975562873176,medium,targets a highly competitive keyword,0
content_245230354a4e,client_8527a891e2,0.5199032462440583,medium,shorter than typical for this content type,0
content_8a754b38aec3,client_f369cb89fc,0.5197401303312545,medium,targets a highly competitive keyword,0
content_d72fc05ccca7,client_8527a891e2,0.5195653222885368,medium,shorter than typical for this content type,0
content_84de392e7864,client_8527a891e2,0.5194615447210585,medium,hasn't been refreshed in a while,1
content_2d52b9444c90,client_f369cb89fc,0.5194376433245446,medium,targets a highly competitive keyword,1
content_a6280c3cc1ab,client_8527a891e2,0.5193981609032619,medium,hasn't been refreshed in a while,1
content_5d38d5f6a623,client_4e07408562,0.5193751875349675,medium,one of the older pages in the set,1
content_8573adbc32cc,client_f369cb89fc,0.5191207527061733,medium,targets a highly competitive keyword,0
content_17e92c02c970,client_8527a891e2,0.5189708422697124,medium,hasn't been refreshed in a while,1
content_9eeb75a6bf3b,client_8527a891e2,0.5188149632645632,medium,hasn't been refreshed in a while,0
content_753b597f5220,client_8527a891e2,0.5187839117059387,medium,shorter than typical for this content type,0
content_bd21a274a381,client_8527a891e2,0.5187110794178369,medium,hasn't been refreshed in a while,0
content_fd2d2b57f310,client_4e07408562,0.5186968836510236,medium,hasn't been refreshed in a while,0
content_a88192732159,client_4e07408562,0.5186571310980514,medium,hasn't been refreshed in a while,0
content_b05bf72d3ece,client_f369cb89fc,0.518630786466784,medium,targets a highly competitive keyword,1
content_4af6d609067b,client_f369cb89fc,0.5185935848718184,medium,targets a highly competitive keyword,0
content_ff3f7e86a221,client_8527a891e2,0.5185498027379978,medium,hasn't been refreshed in a while,0
content_49f3c8563f5e,client_f369cb89fc,0.5185349873515372,medium,targets a highly competitive keyword,1
content_10a4180682c1,client_4e07408562,0.5185201969599789,medium,low prior search visibility,1
content_e3bbb49f7641,client_8527a891e2,0.5184468114162523,medium,hasn't been refreshed in a while,1
content_875615513a2c,client_f369cb89fc,0.5184232548369091,medium,hasn't been refreshed in a while,1
content_77254cb8bf3f,client_8527a891e2,0.5184147377266489,medium,hasn't been refreshed in a while,1
content_9f6285e9de96,client_8527a891e2,0.5183908170507859,medium,hasn't been refreshed in a while,0
content_33715a7a40dd,client_4e07408562,0.5182800131158133,medium,hasn't been refreshed in a while,0
content_e073b1683880,client_f369cb89fc,0.518169057853979,medium,targets a highly competitive keyword,1
content_067ea1716caf,client_4e07408562,0.5181307043785954,medium,one of the older pages in the set,0
content_3da4f5c7b72e,client_8527a891e2,0.5180385904587994,medium,hasn't been refreshed in a while,1
content_9a0d8500dd3e,client_8527a891e2,0.5180092232542642,medium,hasn't been refreshed in a while,0
content_96edab39e5fb,client_f369cb89fc,0.5179912731697729,medium,hasn't been refreshed in a while,1
content_4935defa3607,client_8527a891e2,0.5179828966007437,medium,hasn't been refreshed in a while,1
content_47d1c96b333f,client_8527a891e2,0.5179470046842881,medium,hasn't been refreshed in a while,1
content_116c5be9609e,client_8527a891e2,0.5178984235048383,medium,hasn't been refreshed in a while,0
content_69b003d534fd,client_8527a891e2,0.5178685047970213,medium,hasn't been refreshed in a while,0
content_298174f9d037,client_f369cb89fc,0.5177794499556654,medium,hasn't been refreshed in a while,0
content_63d78f63087f,client_4e07408562,0.517779349759692,medium,hasn't been refreshed in a while,0
content_935e3a857b86,client_4e07408562,0.5175096186953186,medium,hasn't been refreshed in a while,0
content_6129bdf179ba,client_4e07408562,0.5173858856757935,medium,hasn't been refreshed in a while,0
content_d147fe67910a,client_8527a891e2,0.5172890559530475,medium,hasn't been refreshed in a while,0
content_42768733c331,client_4e07408562,0.5172486027036398,medium,one of the older pages in the set,0
content_a3a47d734b8a,client_8527a891e2,0.5171862432275284,medium,hasn't been refreshed in a while,0
content_2b7643543b19,client_8527a891e2,0.5171759755751426,medium,hasn't been refreshed in a while,0
content_50cd61b8e18d,client_4e07408562,0.5171595728773738,medium,hasn't been refreshed in a while,0
content_e098e0dd0032,client_8527a891e2,0.5171119446680617,medium,hasn't been refreshed in a while,1
content_d7a422362fe5,client_8527a891e2,0.5170553584588296,medium,hasn't been refreshed in a while,0
content_61f5643dedd8,client_4e07408562,0.5170365474531998,medium,one of the older pages in the set,0
content_8535cfede35b,client_8527a891e2,0.5169688977859249,medium,hasn't been refreshed in a while,1
content_a4ffa2f040ad,client_8527a891e2,0.516932725650068,medium,hasn't been refreshed in a while,0
content_a7da3b5b03ed,client_8527a891e2,0.5169043846163458,medium,hasn't been refreshed in a while,0
content_933e7954d22e,client_8527a891e2,0.5168416593972276,medium,hasn't been refreshed in a while,1
content_af6010d1a527,client_8527a891e2,0.5166979522741305,medium,hasn't been refreshed in a while,0
content_abc4bde782c9,client_8527a891e2,0.5166917167667938,medium,hasn't been refreshed in a while,0
content_5f60288fa383,client_4e07408562,0.5165638916099473,medium,one of the older pages in the set,0
content_4668ed45b73e,client_8527a891e2,0.516454623368929,medium,hasn't been refreshed in a while,0
content_3d0673949a94,client_4e07408562,0.5163871206558133,medium,hasn't been refreshed in a while,0
content_fb788de26cae,client_8527a891e2,0.5163790862024514,medium,hasn't been refreshed in a while,0
content_4d6c160998d8,client_f369cb89fc,0.5163712607661823,medium,targets a highly competitive keyword,1
content_545b4017d302,client_8527a891e2,0.5162627697161356,medium,hasn't been refreshed in a while,1
content_cc0fbd76e442,client_4e07408562,0.51625939026254,medium,hasn't been refreshed in a while,1
content_464f17868335,client_8527a891e2,0.5162289010049608,medium,hasn't been refreshed in a while,1
content_2725d2bcfac1,client_4e07408562,0.5161647721784938,medium,one of the older pages in the set,1
content_3ad79557bbdf,client_8527a891e2,0.5161234902531913,medium,hasn't been refreshed in a while,0
content_21b7a5699ae0,client_8527a891e2,0.5161058557744185,medium,hasn't been refreshed in a while,0
content_0a55ebc4234b,client_8527a891e2,0.5160445498485181,medium,hasn't been refreshed in a while,0
content_a235b8bfea91,client_8527a891e2,0.5160231651928215,medium,shorter than typical for this content type,1
content_440a8174f928,client_4e07408562,0.5159346466324959,medium,hasn't been refreshed in a while,1
content_e6c3998c24e8,client_8527a891e2,0.5158677048348337,medium,hasn't been refreshed in a while,0
content_97703a2d36b7,client_8527a891e2,0.5157909914793691,medium,hasn't been refreshed in a while,0
content_d8093280e426,client_8527a891e2,0.5156093007276461,medium,hasn't been refreshed in a while,0
content_634a50fa7fad,client_4e07408562,0.5155210899070062,medium,hasn't been refreshed in a while,0
content_bd55a3c4881b,client_8527a891e2,0.5152886998560767,medium,hasn't been refreshed in a while,0
content_aefd4fae2c86,client_8527a891e2,0.5152771142215982,medium,hasn't been refreshed in a while,1
content_b5735741b78d,client_f369cb89fc,0.5152284313531845,medium,targets a highly competitive keyword,1
content_3eb42026ac67,client_8527a891e2,0.515217262550973,medium,hasn't been refreshed in a while,1
content_a1a42ba58fbf,client_8527a891e2,0.5152057118588166,medium,hasn't been refreshed in a while,0
content_3ec53b0f33fc,client_8527a891e2,0.5151507304273039,medium,hasn't been refreshed in a while,0
content_0d0dd7fb1b11,client_8527a891e2,0.5151240196053386,medium,hasn't been refreshed in a while,1
content_9bffe222a0f6,client_f369cb89fc,0.5149931773547969,medium,targets a highly competitive keyword,1
content_271940834e91,client_4e07408562,0.5148612866184259,medium,hasn't been refreshed in a while,0
content_03311a103622,client_8527a891e2,0.5146905429810378,medium,hasn't been refreshed in a while,0
content_c79bfcc07824,client_4e07408562,0.5146766995466059,medium,hasn't been refreshed in a while,1
content_c9a8f7f9d050,client_f369cb89fc,0.514652054395725,medium,shorter than typical for this content type,0
content_d37b32691eb4,client_4e07408562,0.5145784595427764,medium,hasn't been refreshed in a while,0
content_2a8994c77797,client_8527a891e2,0.514529290490988,medium,hasn't been refreshed in a while,0
content_7af88fc634bb,client_8527a891e2,0.5144523148488402,medium,hasn't been refreshed in a while,1
content_fd15559290a1,client_f369cb89fc,0.5144336801642764,medium,hasn't been refreshed in a while,1
content_a011cbc303be,client_8527a891e2,0.5143941968202691,medium,hasn't been refreshed in a while,0
content_38a1fdd6b0f6,client_4e07408562,0.5143919254010287,medium,hasn't been refreshed in a while,0
content_5de502fdd86c,client_8527a891e2,0.5143905778719287,medium,hasn't been refreshed in a while,1
content_6d0fa302a283,client_8527a891e2,0.5143824115735769,medium,hasn't been refreshed in a while,0
content_7205560591f9,client_4e07408562,0.5142372531955958,medium,hasn't been refreshed in a while,1
content_7a999bea6a06,client_4e07408562,0.5142281100628552,medium,hasn't been refreshed in a while,1
content_79d69f0237c6,client_8527a891e2,0.5142245000287011,medium,hasn't been refreshed in a while,1
content_1e53b2d2300a,client_8527a891e2,0.5141852154742351,medium,hasn't been refreshed in a while,1
content_14d50a4ddc86,client_4e07408562,0.5141736652851039,medium,one of the older pages in the set,0
content_ce431e33ceeb,client_4e07408562,0.5141486591620579,medium,hasn't been refreshed in a while,0
content_eb394c77c762,client_f369cb89fc,0.5141377125155701,medium,targets a highly competitive keyword,0
content_43d0fe93a4a3,client_8527a891e2,0.5140440166877934,medium,hasn't been refreshed in a while,1
content_7cc7180fe735,client_8527a891e2,0.514030105350857,medium,hasn't been refreshed in a while,1
content_de917854fd2a,client_8527a891e2,0.5139382635723815,medium,hasn't been refreshed in a while,0
content_8528e47028ed,client_4e07408562,0.5138461209439292,medium,hasn't been refreshed in a while,0
content_ee139093527c,client_4e07408562,0.5138239618381181,medium,hasn't been refreshed in a while,1
content_d089619f78d7,client_8527a891e2,0.5138092249697188,medium,hasn't been refreshed in a while,0
content_eaaa9a5b3878,client_4e07408562,0.5137349697137094,medium,hasn't been refreshed in a while,1
content_de479c6d77d8,client_4e07408562,0.5137128028210377,medium,hasn't been refreshed in a while,0
content_23b6f939d30b,client_f369cb89fc,0.5136721081364601,medium,hasn't been refreshed in a while,0
content_2845ae788c61,client_4e07408562,0.5136238239164638,medium,hasn't been refreshed in a while,0
content_355c44a1ed2c,client_4e07408562,0.5135730640196735,medium,hasn't been refreshed in a while,1
content_9d511fbc89e3,client_f369cb89fc,0.5134677673271528,medium,targets a highly competitive keyword,1
content_dfc00ceb883d,client_4e07408562,0.5134647281437762,medium,hasn't been refreshed in a while,1
content_70ffd3d6e9c2,client_4e07408562,0.5134173819063452,medium,hasn't been refreshed in a while,0
content_ca6011795338,client_4e07408562,0.5134080760459176,medium,hasn't been refreshed in a while,1
content_e6ac4ef9f617,client_4e07408562,0.5133342770339286,medium,one of the older pages in the set,0
content_8c482a64a3df,client_8527a891e2,0.513233325873042,medium,hasn't been refreshed in a while,1
content_4f32a470ea32,client_4e07408562,0.5132030414103623,medium,hasn't been refreshed in a while,0
content_f315b1234f5e,client_8527a891e2,0.513025745606069,medium,hasn't been refreshed in a while,0
content_f57b0c6391fb,client_4e07408562,0.5128183149960203,medium,one of the older pages in the set,1
content_205796bdf030,client_8527a891e2,0.5127917457892841,medium,hasn't been refreshed in a while,1
content_cc52287cb9c2,client_4e07408562,0.5127631217554416,medium,hasn't been refreshed in a while,1
content_514356b21e2a,client_4e07408562,0.5126800296031192,medium,hasn't been refreshed in a while,1
content_7765c3246206,client_8527a891e2,0.512671012998354,medium,hasn't been refreshed in a while,0
content_d1e915d03c28,client_4e07408562,0.5124946224328651,medium,one of the older pages in the set,1
content_2a422938bbe1,client_4e07408562,0.5124612287032058,medium,hasn't been refreshed in a while,1
content_bf9940e614a3,client_f369cb89fc,0.5124255306333251,medium,targets a highly competitive keyword,0
content_a192435b13b6,client_4e07408562,0.5123859580403273,medium,hasn't been refreshed in a while,0
content_380fcdf9e1a8,client_8527a891e2,0.5123474151934225,medium,hasn't been refreshed in a while,0
content_f69861481e07,client_4e07408562,0.5121044598964605,medium,one of the older pages in the set,1
content_2f4d5fa274a0,client_f369cb89fc,0.5120316214631548,medium,hasn't been refreshed in a while,1
content_80dd61da7ce1,client_4e07408562,0.5117995353563052,medium,one of the older pages in the set,0
content_4af460eac501,client_8527a891e2,0.5117948073979529,medium,hasn't been refreshed in a while,1
content_4cace18c1bfd,client_4e07408562,0.5115768344938391,medium,hasn't been refreshed in a while,1
content_8ba922f82ace,client_4e07408562,0.5114814267799669,medium,hasn't been refreshed in a while,1
content_4502b805a249,client_4e07408562,0.5114769693181851,medium,hasn't been refreshed in a while,0
content_b01145d879b7,client_f369cb89fc,0.5114335897432075,medium,hasn't been refreshed in a while,1
content_a81639945303,client_8527a891e2,0.5114231506288665,medium,shorter than typical for this content type,0
content_d016173fedb8,client_4e07408562,0.5114112972768186,medium,hasn't been refreshed in a while,1
content_2976424d2242,client_8527a891e2,0.5113854791612079,medium,hasn't been refreshed in a while,0
content_05029401b9b1,client_8527a891e2,0.5113825686747514,medium,hasn't been refreshed in a while,0
content_b9104a222d01,client_f369cb89fc,0.5111214439798841,medium,targets a highly competitive keyword,1
content_7bd067d7f354,client_8527a891e2,0.5108466170709518,medium,hasn't been refreshed in a while,0
content_ac490f7df9fb,client_f369cb89fc,0.5108391193865676,medium,hasn't been refreshed in a while,1
content_483f5d0b409c,client_4e07408562,0.5108261407250927,medium,hasn't been refreshed in a while,1
content_57596b8c69ff,client_4e07408562,0.510783401722605,medium,hasn't been refreshed in a while,0
content_2d517e68e168,client_4e07408562,0.510665917423109,medium,one of the older pages in the set,0
content_101ecdbccedc,client_f369cb89fc,0.5105425546267998,medium,targets a highly competitive keyword,0
content_adb019dcde61,client_4e07408562,0.5104337017687972,medium,one of the older pages in the set,0
content_29f12ac3ad53,client_4e07408562,0.5103726937081335,medium,hasn't been refreshed in a while,1
content_ff89c97ac899,client_8527a891e2,0.5103295139087974,medium,hasn't been refreshed in a while,0
content_7750e901635d,client_4e07408562,0.5103145254680106,medium,hasn't been refreshed in a while,0
content_bb0f228c36d2,client_4e07408562,0.5102763024725615,medium,hasn't been refreshed in a while,1
content_8d0a8cbf9d1e,client_4e07408562,0.5102442301588852,medium,one of the older pages in the set,0
content_b8dab8a0987f,client_4e07408562,0.5102438870832451,medium,one of the older pages in the set,1
content_6a96ab0bd63c,client_4e07408562,0.5102051840197145,medium,one of the older pages in the set,1
content_455158d1a57c,client_8527a891e2,0.5100862731073108,medium,hasn't been refreshed in a while,1
content_50182d9d0505,client_4e07408562,0.5100172661082077,medium,one of the older pages in the set,1
content_73091035a5a4,client_8527a891e2,0.5100046263487685,medium,hasn't been refreshed in a while,1
content_0281fdd35705,client_f369cb89fc,0.5099285949573021,medium,hasn't been refreshed in a while,1
content_d2f02c272585,client_4e07408562,0.5099216698381374,medium,hasn't been refreshed in a while,1
content_76c727fa77d3,client_4e07408562,0.5098837065664131,medium,targets a highly competitive keyword,0
content_99f32aaf9234,client_4e07408562,0.5097768891251016,medium,one of the older pages in the set,0
content_07211ca13e10,client_4e07408562,0.5097229779701946,medium,hasn't been refreshed in a while,0
content_307faca13155,client_4e07408562,0.5096930958970017,medium,one of the older pages in the set,0
content_63dfb10d2ca8,client_4e07408562,0.509681813806676,medium,one of the older pages in the set,0
content_deabeb979acb,client_4e07408562,0.5096143588615418,medium,one of the older pages in the set,1
content_c9dc6a27c2a5,client_4e07408562,0.5094486324147177,medium,one of the older pages in the set,1
content_5c4c5c953552,client_8527a891e2,0.5094119791377832,medium,hasn't been refreshed in a while,0
content_f104e59fa27b,client_4e07408562,0.5092849972029415,medium,hasn't been refreshed in a while,1
content_b4c79208b569,client_4e07408562,0.5091651811794495,medium,one of the older pages in the set,1
content_fd3592295ab3,client_4e07408562,0.5091034309898522,medium,hasn't been refreshed in a while,0
content_e6e15ac13287,client_4e07408562,0.5090901490919987,medium,low prior click volume,0
content_f324b394c96f,client_f369cb89fc,0.5090843012242638,medium,hasn't been refreshed in a while,1
content_da8bb080012c,client_8527a891e2,0.5088963066527737,medium,hasn't been refreshed in a while,0
content_d73fe8925bbd,client_f369cb89fc,0.5088593909649821,medium,hasn't been refreshed in a while,0
content_ab3dcd0f960b,client_4e07408562,0.5087956414297121,medium,hasn't been refreshed in a while,1
content_689902381684,client_8527a891e2,0.5087646496151873,medium,shorter than typical for this content type,0
content_5b328cf43d53,client_4e07408562,0.5086601421312525,medium,one of the older pages in the set,1
content_a13924fb5eb3,client_4e07408562,0.508532244999087,medium,hasn't been refreshed in a while,0
content_3b6c23dcf568,client_4e07408562,0.5084925897612574,medium,hasn't been refreshed in a while,1
content_c55f5b73d663,client_4e07408562,0.5084757788040413,medium,hasn't been refreshed in a while,0
content_6b3f938f081e,client_8527a891e2,0.5084562954902114,medium,hasn't been refreshed in a while,0
content_3bed5e7f1d0f,client_f369cb89fc,0.5081898404364188,medium,hasn't been refreshed in a while,1
content_8e6a479b67c3,client_8527a891e2,0.5080163343859225,medium,shorter than typical for this content type,1
content_42452f42c008,client_f369cb89fc,0.5079686959616537,medium,hasn't been refreshed in a while,1
content_343e4608e829,client_4e07408562,0.5079427041520435,medium,one of the older pages in the set,1
content_41a872450dc5,client_f369cb89fc,0.5078231086006022,medium,hasn't been refreshed in a while,0
content_712f068958da,client_f369cb89fc,0.5078192473996741,medium,hasn't been refreshed in a while,1
content_cd850fb019b1,client_8527a891e2,0.5078002099941905,medium,shorter than typical for this content type,0
content_7fafa0ffde60,client_f369cb89fc,0.5077669139151325,medium,hasn't been refreshed in a while,0
content_def60a67e307,client_4e07408562,0.5077565060865258,medium,targets a highly competitive keyword,0
content_2d75bf10c4be,client_f369cb89fc,0.5077413434096063,medium,hasn't been refreshed in a while,0
content_bb1685e447da,client_8527a891e2,0.5075777067322601,medium,hasn't been refreshed in a while,1
content_d97106195640,client_f369cb89fc,0.5075032296640388,medium,hasn't been refreshed in a while,0
content_811829ad0de3,client_8527a891e2,0.5073458123238832,medium,hasn't been refreshed in a while,1
content_e1638e7a3cb9,client_4e07408562,0.5073021529990367,medium,one of the older pages in the set,0
content_cdec88cffa93,client_f369cb89fc,0.5072688016663284,medium,hasn't been refreshed in a while,1
content_cad6ddf10c7f,client_4e07408562,0.507191482621919,medium,one of the older pages in the set,1
content_372449a18879,client_4e07408562,0.5068770103423811,medium,hasn't been refreshed in a while,0
content_5bf25bc67ebd,client_4e07408562,0.5067412546691467,medium,hasn't been refreshed in a while,0
content_32e0398ac750,client_4e07408562,0.5066401497525524,medium,one of the older pages in the set,1
content_cd44b873369f,client_8527a891e2,0.5065869947121946,medium,hasn't been refreshed in a while,1
content_8304db4c5ccf,client_8527a891e2,0.5065836591878452,medium,hasn't been refreshed in a while,0
content_43900ff52cf5,client_8527a891e2,0.5065377680053511,medium,hasn't been refreshed in a while,0
content_1cb84e871aed,client_f369cb89fc,0.5063721553921987,medium,hasn't been refreshed in a while,0
content_7a883d489406,client_8527a891e2,0.5063633463817744,medium,shorter than typical for this content type,0
content_cdf12b9d21e0,client_4e07408562,0.506313601217465,medium,hasn't been refreshed in a while,0
content_724a2783045d,client_4e07408562,0.5061968158829945,medium,hasn't been refreshed in a while,1
content_3b8aad044ee2,client_4e07408562,0.5058050704842647,medium,hasn't been refreshed in a while,0
content_20f30ca9c2b1,client_f369cb89fc,0.5057701418034236,medium,hasn't been refreshed in a while,1
content_62f73707683b,client_4e07408562,0.505681951213506,medium,one of the older pages in the set,0
content_0d634dfc7731,client_f369cb89fc,0.5056763292346841,medium,hasn't been refreshed in a while,0
content_09c517a3b56d,client_4e07408562,0.5056338655914819,medium,one of the older pages in the set,1
content_3d8dbd98077e,client_4e07408562,0.5055256186546876,medium,one of the older pages in the set,0
content_a6ca0feab051,client_4e07408562,0.5054965089292874,medium,one of the older pages in the set,1
content_80ccd59a719f,client_4e07408562,0.5054172517789856,medium,one of the older pages in the set,0
content_d872af5e4d49,client_f369cb89fc,0.505417109628759,medium,hasn't been refreshed in a while,1
content_d5423ad8c4d2,client_4e07408562,0.5054082830950195,medium,hasn't been refreshed in a while,1
content_42605406bb2e,client_4e07408562,0.5053927571624324,medium,hasn't been refreshed in a while,0
content_34ac718715e7,client_f369cb89fc,0.5050488619167105,medium,hasn't been refreshed in a while,1
content_56bd4a2427ac,client_8527a891e2,0.5050154105894971,medium,shorter than typical for this content type,0
content_03610a21ae97,client_4e07408562,0.5048940040597542,medium,hasn't been refreshed in a while,0
content_03b07ca887ed,client_4e07408562,0.5047386939143836,medium,one of the older pages in the set,0
content_954cc45bd437,client_4e07408562,0.504738617385651,medium,hasn't been refreshed in a while,1
content_e65dfd783f8d,client_4e07408562,0.504613514156274,medium,hasn't been refreshed in a while,0
content_b5518d4f3fea,client_4e07408562,0.5045327200464413,medium,one of the older pages in the set,1
content_bd42ced1f902,client_4e07408562,0.5044950942020696,medium,hasn't been refreshed in a while,1
content_d2401f998575,client_4e07408562,0.5044768975644985,medium,hasn't been refreshed in a while,1
content_9be18970d557,client_8527a891e2,0.5044101400662077,medium,hasn't been refreshed in a while,0
content_a5114e80f6bb,client_8527a891e2,0.5042919798514132,medium,shorter than typical for this content type,0
content_e56b47d2847f,client_4e07408562,0.5042698149471787,medium,one of the older pages in the set,1
content_58cc82052f11,client_4e07408562,0.5042073927346469,medium,hasn't been refreshed in a while,1
content_c5a22862db5f,client_4e07408562,0.5041938715451905,medium,hasn't been refreshed in a while,1
content_186324addeed,client_8527a891e2,0.5039786127229943,medium,hasn't been refreshed in a while,0
content_64745a4ecadb,client_8527a891e2,0.5039009982013722,medium,shorter than typical for this content type,1
content_1edbc8c5de7a,client_4e07408562,0.5037484256450778,medium,one of the older pages in the set,1
content_5734a4695671,client_f369cb89fc,0.5036666411826932,medium,hasn't been refreshed in a while,0
content_c3deae21717a,client_8527a891e2,0.5035664215720562,medium,hasn't been refreshed in a while,0
content_1904715400d4,client_8527a891e2,0.5033838772722987,medium,hasn't been refreshed in a while,0
content_e523840da724,client_4e07408562,0.5033457799966669,medium,one of the older pages in the set,1
content_555b8d026295,client_4e07408562,0.5033316416947137,medium,hasn't been refreshed in a while,1
content_da5d26410ae1,client_4e07408562,0.5032757806660365,medium,one of the older pages in the set,0
content_24dc00e22625,client_f369cb89fc,0.5030313354679227,medium,hasn't been refreshed in a while,0
content_87a786960b75,client_4e07408562,0.5029739039254651,medium,hasn't been refreshed in a while,1
content_609902f4bc8c,client_4e07408562,0.5029514530773705,medium,one of the older pages in the set,1
content_02560826d24f,client_4e07408562,0.5026901262661351,medium,one of the older pages in the set,0
content_24abf98d3cf4,client_4e07408562,0.5026586314256076,medium,hasn't been refreshed in a while,0
content_f3fc70cb226d,client_4e07408562,0.5026537514188542,medium,one of the older pages in the set,1
content_93f25ee7d65d,client_4e07408562,0.5026141080633187,medium,hasn't been refreshed in a while,0
content_75a92952cd1d,client_4e07408562,0.5025079610007406,medium,one of the older pages in the set,0
content_16a6b1b4934e,client_8527a891e2,0.5023683076447869,medium,shorter than typical for this content type,1
content_b88c6b220b23,client_4e07408562,0.5022167904001731,medium,hasn't been refreshed in a while,1
content_64716cd1e961,client_4e07408562,0.5021784531303728,medium,hasn't been refreshed in a while,1
content_62d0407f1998,client_4e07408562,0.5021728767227556,medium,one of the older pages in the set,0
content_ec065688f94e,client_4e07408562,0.5021399778012184,medium,hasn't been refreshed in a while,1
content_0c7ff518816e,client_4e07408562,0.5019953869197948,medium,hasn't been refreshed in a while,1
content_d4e21a886ef8,client_4e07408562,0.5019085454869038,medium,hasn't been refreshed in a while,0
content_936f6af81f1f,client_4e07408562,0.5018038144711572,medium,one of the older pages in the set,0
content_38c564400f65,client_4e07408562,0.5016730202692271,medium,hasn't been refreshed in a while,1
content_25e671bfdca0,client_4e07408562,0.5016705487902526,medium,hasn't been refreshed in a while,0
content_d93380a7ba75,client_4e07408562,0.5016665050593474,medium,hasn't been refreshed in a while,1
content_2ac6d92eda6c,client_4e07408562,0.5016476411727023,medium,hasn't been refreshed in a while,1
content_e954c9e72773,client_4e07408562,0.5015808220503729,medium,hasn't been refreshed in a while,1
content_7928e72dd6d8,client_4e07408562,0.5011487119003996,medium,one of the older pages in the set,0
content_84f914748acc,client_4e07408562,0.501128140994802,medium,hasn't been refreshed in a while,1
content_c98a488df236,client_4e07408562,0.5008203112053873,medium,hasn't been refreshed in a while,1
content_8b34042b7a96,client_4e07408562,0.5007204521508458,medium,one of the older pages in the set,0
content_aa27d7969080,client_f369cb89fc,0.5006900366004646,medium,hasn't been refreshed in a while,0
content_cb372c0a7708,client_4e07408562,0.5006738880757441,medium,hasn't been refreshed in a while,1
content_3ee3ec52299c,client_4e07408562,0.5006086695107247,medium,hasn't been refreshed in a while,0
content_b02bb8123605,client_f369cb89fc,0.5005721212917172,medium,hasn't been refreshed in a while,1
content_eeffd7e71d7a,client_4e07408562,0.5001884393736482,medium,hasn't been refreshed in a while,1
content_ed3d1e0c4c93,client_8527a891e2,0.5001790546395903,medium,hasn't been refreshed in a while,0
content_424a5517925c,client_4e07408562,0.5000929855180095,medium,hasn't been refreshed in a while,1
content_33b25855b6d9,client_4e07408562,0.49974100595326665,medium,hasn't been refreshed in a while,1
content_29915df7a8d8,client_8527a891e2,0.49964590273592824,medium,hasn't been refreshed in a while,0
content_e3055c8ca910,client_4e07408562,0.4995952527284997,medium,hasn't been refreshed in a while,1
content_4f605060a428,client_4e07408562,0.4995848646270535,medium,hasn't been refreshed in a while,1
content_91f2041326a0,client_8527a891e2,0.49953272188315134,medium,hasn't been refreshed in a while,0
content_e12604d74081,client_4e07408562,0.4994367320825844,medium,hasn't been refreshed in a while,1
content_cd641f3210bd,client_4e07408562,0.499363110568139,medium,hasn't been refreshed in a while,0
content_eac627facfe5,client_4e07408562,0.4993018266776523,medium,one of the older pages in the set,1
content_0e1baeb3ecca,client_4e07408562,0.4993000173774989,medium,hasn't been refreshed in a while,1
content_43aa1cde48e3,client_4e07408562,0.4992717342197329,medium,hasn't been refreshed in a while,1
content_e9bc92689a75,client_8527a891e2,0.4990876659821681,medium,hasn't been refreshed in a while,1
content_05b68f8f80d4,client_4e07408562,0.4989629569913563,medium,one of the older pages in the set,1
content_c1236dadfa71,client_4e07408562,0.4988027733852373,medium,hasn't been refreshed in a while,1
content_2332fa52beae,client_4e07408562,0.4987705087095756,medium,hasn't been refreshed in a while,1
content_c90c7cab5965,client_8527a891e2,0.4987156313698029,medium,shorter than typical for this content type,1
content_872861322be4,client_4e07408562,0.4987112021859945,medium,one of the older pages in the set,1
content_000c896649cc,client_8527a891e2,0.4984433448543031,medium,hasn't been refreshed in a while,1
content_c68487838986,client_8527a891e2,0.4984149503320329,medium,hasn't been refreshed in a while,0
content_5fd9b6333fae,client_4e07408562,0.4983677814069208,medium,one of the older pages in the set,0
content_bf30ed96384d,client_4e07408562,0.4982357518833273,medium,one of the older pages in the set,0
content_7bffd6c03696,client_4e07408562,0.4981574928115816,medium,one of the older pages in the set,0
content_b954bc4acaad,client_4e07408562,0.4981564023678117,medium,one of the older pages in the set,1
content_a0ef8e0ff439,client_4e07408562,0.49804925732555194,medium,hasn't been refreshed in a while,0
content_823fd81e88da,client_4e07408562,0.4980344114955993,medium,hasn't been refreshed in a while,0
content_5283511a58e4,client_4e07408562,0.49789136252785404,medium,hasn't been refreshed in a while,1
content_cf77a963959c,client_4e07408562,0.49786856082578085,medium,hasn't been refreshed in a while,0
content_c46f3c60207c,client_8527a891e2,0.4977641253962555,medium,hasn't been refreshed in a while,0
content_2e71ee6eebc0,client_4e07408562,0.49768004822485395,medium,hasn't been refreshed in a while,1
content_19f92ceb8175,client_8527a891e2,0.4976228183533271,medium,hasn't been refreshed in a while,1
content_5dffb6753f7d,client_4e07408562,0.4973124373684717,medium,hasn't been refreshed in a while,1
content_a994696540be,client_4e07408562,0.49725547835297107,medium,one of the older pages in the set,1
content_9f9191609d84,client_4e07408562,0.4971889107794752,medium,one of the older pages in the set,0
content_e0666cdbf9c3,client_4e07408562,0.497131442191435,medium,hasn't been refreshed in a while,0
content_c0d32e8f4dc2,client_4e07408562,0.4970801068504042,medium,one of the older pages in the set,0
content_2d177700b7ae,client_4e07408562,0.4969592752652906,medium,one of the older pages in the set,0
content_dcdffbdd5995,client_8527a891e2,0.4969498568326318,medium,shorter than typical for this content type,0
content_0817e1920983,client_4e07408562,0.49687965345110785,medium,one of the older pages in the set,0
content_1338cdc6dd34,client_4e07408562,0.4966850005628582,medium,hasn't been refreshed in a while,1
content_ecdd7308565e,client_4e07408562,0.49660981141663163,medium,one of the older pages in the set,1
content_d73c27ee5e68,client_4e07408562,0.4966051341193551,medium,hasn't been refreshed in a while,0
content_50f959fda206,client_4e07408562,0.4964476565768535,medium,hasn't been refreshed in a while,0
content_6501dc199c51,client_4e07408562,0.4962880659934016,medium,one of the older pages in the set,1
content_19837b7f401b,client_8527a891e2,0.49626622375488333,medium,hasn't been refreshed in a while,0
content_b5848046fbb4,client_4e07408562,0.49623177980349853,medium,hasn't been refreshed in a while,1
content_3b36899453fe,client_4e07408562,0.49622832065238565,medium,hasn't been refreshed in a while,0
content_196499f19764,client_4e07408562,0.49618244272283096,medium,one of the older pages in the set,0
content_37e3e5682728,client_4e07408562,0.4960935878780464,medium,hasn't been refreshed in a while,0
content_e084d7507dab,client_4e07408562,0.4960239136763984,medium,one of the older pages in the set,0
content_b04d16f984c7,client_8527a891e2,0.4960199092738725,medium,hasn't been refreshed in a while,1
content_32febe41dd77,client_4e07408562,0.49597015437308717,medium,hasn't been refreshed in a while,1
content_8f9c1a24eab5,client_8527a891e2,0.49566168756891754,medium,hasn't been refreshed in a while,1
content_745198d8c5fa,client_4e07408562,0.49565547317720876,medium,hasn't been refreshed in a while,1
content_4daed47d4c91,client_4e07408562,0.4955963517295725,medium,hasn't been refreshed in a while,1
content_6a25547cf30b,client_4e07408562,0.49555638852025985,medium,one of the older pages in the set,1
content_4752844167a2,client_8527a891e2,0.495536375887591,medium,hasn't been refreshed in a while,0
content_b5efa0bd73ec,client_4e07408562,0.49542110289096847,medium,hasn't been refreshed in a while,0
content_ba44142db5a8,client_4e07408562,0.4953834919079918,medium,hasn't been refreshed in a while,0
content_c1f330d0aff3,client_4e07408562,0.49529604776526576,medium,one of the older pages in the set,0
content_ae19d5d1b63a,client_8527a891e2,0.4950987952256782,medium,hasn't been refreshed in a while,0
content_f799608fac33,client_4e07408562,0.4950251808822914,medium,hasn't been refreshed in a while,1
content_03e535eabfdc,client_8527a891e2,0.49474769662707285,medium,hasn't been refreshed in a while,1
content_2b1f32ead063,client_8527a891e2,0.4946208523444097,medium,hasn't been refreshed in a while,0
content_9bf359248199,client_4e07408562,0.49458996744102723,medium,hasn't been refreshed in a while,1
content_36af8e7cf843,client_4e07408562,0.494573288968115,medium,hasn't been refreshed in a while,1
content_77c30aa8260f,client_8527a891e2,0.49453676277136355,medium,hasn't been refreshed in a while,0
content_eac441c4b753,client_8527a891e2,0.4944675554580152,medium,hasn't been refreshed in a while,0
content_630f434b6951,client_8527a891e2,0.4944510482605446,medium,hasn't been refreshed in a while,1
content_c31c3add99f4,client_4e07408562,0.4944013648292586,medium,hasn't been refreshed in a while,1
content_6fd22c53a5e0,client_4e07408562,0.49438704733521527,medium,hasn't been refreshed in a while,1
content_0fa0a2c60cf9,client_4e07408562,0.49429605295757695,medium,targets a highly competitive keyword,1
content_eea87ba6f315,client_4e07408562,0.4941570598990306,medium,hasn't been refreshed in a while,0
content_3fb46bec4413,client_4e07408562,0.4940130122157923,medium,hasn't been refreshed in a while,1
content_65d9331f55fb,client_4e07408562,0.4939035128781702,medium,hasn't been refreshed in a while,1
content_96bfb39cfdf8,client_4e07408562,0.4939025867899564,medium,hasn't been refreshed in a while,1
content_ee3cfc4bb633,client_4e07408562,0.49389119096200235,medium,hasn't been refreshed in a while,1
content_bc16ae58b10d,client_8527a891e2,0.493714620041072,medium,hasn't been refreshed in a while,0
content_b9f24b9a4aba,client_4e07408562,0.4936800150098045,medium,one of the older pages in the set,0
content_63804e59025a,client_8527a891e2,0.4933852829590562,medium,hasn't been refreshed in a while,1
content_1742db057782,client_4e07408562,0.49326430971022717,medium,hasn't been refreshed in a while,0
content_e50a21ac4fd2,client_8527a891e2,0.49319129069649664,medium,hasn't been refreshed in a while,0
content_d80db987509f,client_4e07408562,0.4931443245530571,medium,hasn't been refreshed in a while,1
content_d2af61ee2a92,client_4e07408562,0.4931149786178995,medium,hasn't been refreshed in a while,1
content_9da19b2cac84,client_8527a891e2,0.49284838707926065,medium,shorter than typical for this content type,0
content_fb866148d629,client_4e07408562,0.49259409025266065,medium,hasn't been refreshed in a while,1
content_a1defa0ee34a,client_4e07408562,0.49257532640382007,medium,one of the older pages in the set,0
content_aa512432a9b2,client_4e07408562,0.492566309953003,medium,hasn't been refreshed in a while,0
content_94d56e0730af,client_8527a891e2,0.4925618949149852,medium,hasn't been refreshed in a while,1
content_49477c375c09,client_8527a891e2,0.49237176951770395,medium,hasn't been refreshed in a while,0
content_5c5fab9d41e7,client_4e07408562,0.4923157253858457,medium,one of the older pages in the set,0
content_287466584c52,client_4e07408562,0.4923152155568694,medium,hasn't been refreshed in a while,1
content_0c20d3d3237e,client_8527a891e2,0.4922554365541155,medium,hasn't been refreshed in a while,0
content_fdc4d9b36547,client_8527a891e2,0.49220018820693606,medium,hasn't been refreshed in a while,1
content_676240affafe,client_4e07408562,0.4921581543622042,medium,hasn't been refreshed in a while,0
content_3e460b87cff0,client_4e07408562,0.4920901011446324,medium,hasn't been refreshed in a while,1
content_1db1b15bf418,client_8527a891e2,0.49206433919578,medium,hasn't been refreshed in a while,0
content_1f37db922da1,client_4e07408562,0.4916066984764666,medium,one of the older pages in the set,1
content_403c76bb83b4,client_4e07408562,0.4914629121817852,medium,hasn't been refreshed in a while,1
content_d65aedae4975,client_8527a891e2,0.49134596978710876,medium,hasn't been refreshed in a while,0
content_05faa240bcc1,client_4e07408562,0.49130407251538966,medium,hasn't been refreshed in a while,1
content_961ce1c405e1,client_8527a891e2,0.49130291213102634,medium,hasn't been refreshed in a while,1
content_bfb0f696b1e3,client_4e07408562,0.49129824771645714,medium,one of the older pages in the set,1
content_c2fd16a452da,client_4e07408562,0.49128312486755726,medium,one of the older pages in the set,0
content_134637480bfe,client_4e07408562,0.4912795597803384,medium,hasn't been refreshed in a while,0
content_8f222654e93f,client_8527a891e2,0.4912318512393849,medium,hasn't been refreshed in a while,1
content_ee405fb5af9b,client_8527a891e2,0.4912279480222023,medium,hasn't been refreshed in a while,1
content_808ba8c29edb,client_4e07408562,0.4911616919672038,medium,one of the older pages in the set,1
content_4c81259a2c9a,client_8527a891e2,0.49111385480266984,medium,hasn't been refreshed in a while,0
content_479ce00a63b7,client_8527a891e2,0.49098032685828763,medium,hasn't been refreshed in a while,0
content_8533c9e2c066,client_8527a891e2,0.4909761444332217,medium,hasn't been refreshed in a while,0
content_9fef01942ba9,client_4e07408562,0.4907580786910897,medium,hasn't been refreshed in a while,0
content_4c7d1fedd4e6,client_8527a891e2,0.4907146915809843,medium,hasn't been refreshed in a while,0
content_684fb0eecd23,client_8527a891e2,0.490415066948916,medium,hasn't been refreshed in a while,0
content_4dd569ee33c9,client_8527a891e2,0.4901651394059039,medium,hasn't been refreshed in a while,0
content_2665bb7de609,client_4e07408562,0.4900753370186845,medium,hasn't been refreshed in a while,0
content_6aab4f66d067,client_4e07408562,0.4900620826145956,medium,one of the older pages in the set,1
content_da6a103cafcf,client_4e07408562,0.4899526673334779,medium,one of the older pages in the set,0
content_dea7e60a1339,client_8527a891e2,0.48988806683343744,medium,hasn't been refreshed in a while,0
content_9a333084ec7c,client_8527a891e2,0.4898756174231935,medium,hasn't been refreshed in a while,1
content_2847e276c475,client_8527a891e2,0.4898514377139711,medium,hasn't been refreshed in a while,1
content_43f5863e0909,client_8527a891e2,0.4898481217995241,medium,hasn't been refreshed in a while,0
content_a398152fa8e5,client_4e07408562,0.48982136444764335,medium,one of the older pages in the set,1
content_3437133c7ccf,client_4e07408562,0.4897278062284003,medium,low prior search visibility,1
content_f8b86708bbeb,client_8527a891e2,0.48969867567251835,medium,hasn't been refreshed in a while,0
content_b50209ec3c8f,client_4e07408562,0.48962832254869343,medium,hasn't been refreshed in a while,0
content_12f4c646de31,client_8527a891e2,0.48962495834640685,medium,hasn't been refreshed in a while,1
content_4cb8ceca114e,client_4e07408562,0.4895783138597727,medium,hasn't been refreshed in a while,0
content_f636be06f1c1,client_8527a891e2,0.48954191562450167,medium,hasn't been refreshed in a while,0
content_e59846c037ae,client_8527a891e2,0.48942913354705797,medium,hasn't been refreshed in a while,0
content_7ecc6be0a603,client_8527a891e2,0.4894069783781191,medium,hasn't been refreshed in a while,1
content_686fa08e4136,client_8527a891e2,0.4893887932172376,medium,hasn't been refreshed in a while,0
content_98ce9ef715b2,client_8527a891e2,0.48931569253134977,medium,hasn't been refreshed in a while,0
content_dcfe3a0f6933,client_8527a891e2,0.4892257324134567,medium,hasn't been refreshed in a while,1
content_c92241a22237,client_8527a891e2,0.4891236468077628,medium,hasn't been refreshed in a while,0
content_2da680724b8a,client_4e07408562,0.48903305997588353,medium,one of the older pages in the set,0
content_1f7b8d8897db,client_8527a891e2,0.4889226823521012,medium,hasn't been refreshed in a while,0
content_259a0c7bd5bd,client_4e07408562,0.488886052446056,medium,hasn't been refreshed in a while,0
content_47055dd56ef5,client_8527a891e2,0.48885272633144156,medium,hasn't been refreshed in a while,1
content_30d9c0ee83d1,client_8527a891e2,0.48883624474076953,medium,hasn't been refreshed in a while,0
content_1d653ea7148d,client_8527a891e2,0.4884696687533477,medium,hasn't been refreshed in a while,0
content_e0f8002cd9c8,client_4e07408562,0.4883473306923204,medium,hasn't been refreshed in a while,1
content_c68021bea098,client_8527a891e2,0.4882729929832495,medium,hasn't been refreshed in a while,0
content_cb0705899450,client_8527a891e2,0.48820137835984945,medium,hasn't been refreshed in a while,1
content_fbf920bdfd52,client_4e07408562,0.4881334614708343,medium,hasn't been refreshed in a while,1
content_658a39f88a25,client_4e07408562,0.48806596602238755,medium,one of the older pages in the set,0
content_3c97b2d97f82,client_4e07408562,0.4877946844548267,medium,hasn't been refreshed in a while,1
content_b15740b532b8,client_4e07408562,0.48771765665976136,medium,hasn't been refreshed in a while,1
content_3b450eb82457,client_8527a891e2,0.4876869661873204,medium,hasn't been refreshed in a while,0
content_77e2a54525b6,client_8527a891e2,0.48766441775055236,medium,hasn't been refreshed in a while,1
content_9e910c76fe4c,client_4e07408562,0.487636356318638,medium,one of the older pages in the set,0
content_3b98fbb45b26,client_8527a891e2,0.4875801099573478,medium,shorter than typical for this content type,1
content_5b9cd5b2818a,client_8527a891e2,0.48752416638424506,medium,hasn't been refreshed in a while,1
content_fd80316eb144,client_8527a891e2,0.4874420985028489,medium,hasn't been refreshed in a while,1
content_5b1a71c1e749,client_4e07408562,0.48743921865538564,medium,hasn't been refreshed in a while,1
content_d39a41ec2a0e,client_8527a891e2,0.48742149109799565,medium,hasn't been refreshed in a while,0
content_fb7473d654b8,client_8527a891e2,0.48732348772403505,medium,hasn't been refreshed in a while,0
content_ffc464755d07,client_8527a891e2,0.48724613545546536,medium,hasn't been refreshed in a while,0
content_2f99e0fa3453,client_4e07408562,0.48723305320975696,medium,one of the older pages in the set,0
content_2edb6f44e5d4,client_4e07408562,0.487178401698682,medium,hasn't been refreshed in a while,1
content_67e4b2c00ef9,client_4e07408562,0.4871294882896651,medium,one of the older pages in the set,1
content_3bf9bfbc3e88,client_8527a891e2,0.4869459661671634,medium,hasn't been refreshed in a while,0
content_eaf009f218cd,client_8527a891e2,0.4869307838630921,medium,hasn't been refreshed in a while,0
content_189586cf1186,client_4e07408562,0.4869130612159754,medium,hasn't been refreshed in a while,1
content_580d98a707e0,client_4e07408562,0.48681416345466405,medium,one of the older pages in the set,1
content_8a0e82cc099f,client_8527a891e2,0.48675138638968357,medium,hasn't been refreshed in a while,0
content_82cb4dd2ca6e,client_8527a891e2,0.4867351793478218,medium,hasn't been refreshed in a while,0
content_87cbed1ec54a,client_4e07408562,0.4866980873721979,medium,hasn't been refreshed in a while,1
content_4b125df758ad,client_8527a891e2,0.4866767098271115,medium,hasn't been refreshed in a while,1
content_ddbc717e06d3,client_8527a891e2,0.4865827169942382,medium,hasn't been refreshed in a while,0
content_a1ab96494b7e,client_4e07408562,0.4865711273726321,medium,hasn't been refreshed in a while,0
content_861e335e70fc,client_8527a891e2,0.4864897761527435,medium,hasn't been refreshed in a while,0
content_6f28f499edff,client_8527a891e2,0.48639920586543184,medium,hasn't been refreshed in a while,0
content_ca6dfbbaa5ec,client_8527a891e2,0.4862957861196551,medium,hasn't been refreshed in a while,0
content_2dc9930b0a26,client_4e07408562,0.4862670720948143,medium,one of the older pages in the set,0
content_fbe29bbd5001,client_4e07408562,0.48626159960710397,medium,hasn't been refreshed in a while,0
content_883e8d89903a,client_8527a891e2,0.486233411924008,medium,hasn't been refreshed in a while,0
content_2b0cee6eec3e,client_4e07408562,0.4862234181003451,medium,hasn't been refreshed in a while,1
content_ea6e74b671e3,client_4e07408562,0.48620487388426137,medium,one of the older pages in the set,0
content_c98f8ced72ac,client_8527a891e2,0.48614119545807394,medium,hasn't been refreshed in a while,1
content_41444315ad9d,client_8527a891e2,0.4861376486399286,medium,hasn't been refreshed in a while,1
content_c5cdd229c348,client_4e07408562,0.48609470682907974,medium,hasn't been refreshed in a while,1
content_fa81397b5422,client_4e07408562,0.4860445738043898,medium,hasn't been refreshed in a while,0
content_99e81d2d0de1,client_8527a891e2,0.4857518740533169,medium,hasn't been refreshed in a while,0
content_bc009cb0995a,client_4e07408562,0.4856425718974876,medium,one of the older pages in the set,0
content_191ccacae9fa,client_8527a891e2,0.48559395626091956,medium,hasn't been refreshed in a while,0
content_39eaae5bce4a,client_4e07408562,0.48559128112547223,medium,one of the older pages in the set,0
content_908524a6828a,client_4e07408562,0.4855104573779615,medium,hasn't been refreshed in a while,0
content_d643674bfdca,client_4e07408562,0.48546739542307304,medium,hasn't been refreshed in a while,1
content_74aa486106a1,client_4e07408562,0.48538605834902043,medium,one of the older pages in the set,1
content_b347aa43c377,client_8527a891e2,0.48536234527151345,medium,hasn't been refreshed in a while,0
content_3548657b4b4e,client_4e07408562,0.48534548217032203,medium,one of the older pages in the set,0
content_b9628815a443,client_8527a891e2,0.48531801998593604,medium,hasn't been refreshed in a while,1
content_b34230d48f8e,client_8527a891e2,0.48514872939074916,medium,hasn't been refreshed in a while,0
content_599f9c953f91,client_8527a891e2,0.48507923169541656,medium,shorter than typical for this content type,1
content_9f81f02fcc7c,client_8527a891e2,0.4850790151893097,medium,hasn't been refreshed in a while,0
content_e29a758c8e12,client_8527a891e2,0.48489759530158366,medium,hasn't been refreshed in a while,1
content_c76e5e55b95b,client_4e07408562,0.484866496479946,medium,one of the older pages in the set,1
content_797bb027e4a4,client_8527a891e2,0.484766033106209,medium,hasn't been refreshed in a while,1
content_311a6d5b0704,client_4e07408562,0.48464859761826234,medium,one of the older pages in the set,0
content_71b38cb18504,client_4e07408562,0.48453997274035654,medium,one of the older pages in the set,0
content_a4c38287770e,client_8527a891e2,0.4845030705013647,medium,hasn't been refreshed in a while,1
content_439ca5f518b3,client_8527a891e2,0.48441123808785774,medium,hasn't been refreshed in a while,0
content_e614e9244364,client_4e07408562,0.48428358538009963,medium,hasn't been refreshed in a while,1
content_ec8c9af6479a,client_8527a891e2,0.48422210332560195,medium,hasn't been refreshed in a while,0
content_97f118816812,client_4e07408562,0.484110404687458,medium,hasn't been refreshed in a while,1
content_0e6db7c58cd2,client_8527a891e2,0.48389735697570907,medium,hasn't been refreshed in a while,1
content_4dc2c9e3f748,client_4e07408562,0.48371411904284795,medium,hasn't been refreshed in a while,1
content_2f367b4cf4d1,client_8527a891e2,0.48362191612066596,medium,hasn't been refreshed in a while,1
content_79ea779b5fcc,client_8527a891e2,0.4835648993497826,medium,hasn't been refreshed in a while,0
content_b95e23d40b5d,client_4e07408562,0.4835585584586824,medium,one of the older pages in the set,0
content_c2d93e0c1e52,client_4e07408562,0.48346706878611956,medium,hasn't been refreshed in a while,0
content_7fb8a56336e1,client_4e07408562,0.48324424490931056,medium,one of the older pages in the set,0
content_9dfd7c62ed5c,client_4e07408562,0.48322043606512594,medium,hasn't been refreshed in a while,1
content_67d872c4a067,client_4e07408562,0.48315595035242015,medium,hasn't been refreshed in a while,0
content_c2e897c70cef,client_8527a891e2,0.4829616111532248,medium,shorter than typical for this content type,0
content_f85aa6e9bc6e,client_8527a891e2,0.4828853047871348,medium,hasn't been refreshed in a while,1
content_7f7d3a9330bd,client_8527a891e2,0.48278560044722485,medium,hasn't been refreshed in a while,1
content_b7fa2d76e5ae,client_4e07408562,0.482620254036296,medium,hasn't been refreshed in a while,0
content_dfbd76532fb8,client_8527a891e2,0.48260435730757273,medium,hasn't been refreshed in a while,1
content_1aef96f28d03,client_8527a891e2,0.4825222525455988,medium,hasn't been refreshed in a while,1
content_be180d34dddf,client_4e07408562,0.4824750872155964,medium,one of the older pages in the set,0
content_d9fd8bb80909,client_4e07408562,0.4824575364054642,medium,one of the older pages in the set,1
content_fecb3b1efda1,client_8527a891e2,0.4824190604473629,medium,hasn't been refreshed in a while,0
content_5c7dda288778,client_4e07408562,0.4823529328957373,medium,hasn't been refreshed in a while,0
content_9cbc771ec4d9,client_8527a891e2,0.48233055697681954,medium,hasn't been refreshed in a while,1
content_5e953735aba5,client_8527a891e2,0.4822686074955467,medium,hasn't been refreshed in a while,1
content_0235e0daa068,client_4e07408562,0.48203333330835896,medium,hasn't been refreshed in a while,1
content_131927c00278,client_4e07408562,0.4819394968712302,medium,one of the older pages in the set,1
content_fdbcf987fae1,client_4e07408562,0.48192860766183065,medium,one of the older pages in the set,0
content_5820260936ca,client_4e07408562,0.4819259525881063,medium,one of the older pages in the set,1
content_438de6fb2e89,client_4e07408562,0.48182714481611777,medium,hasn't been refreshed in a while,0
content_28591c5b87c7,client_4e07408562,0.4817753761700672,medium,one of the older pages in the set,0
content_931a4ddcbb47,client_4e07408562,0.4815914792649448,medium,one of the older pages in the set,0
content_23e2c21019bd,client_4e07408562,0.4814915715045759,medium,one of the older pages in the set,0
content_ee2303f5bdba,client_8527a891e2,0.48141947056469003,medium,shorter than typical for this content type,1
content_8fdf7d642814,client_4e07408562,0.48121184343978796,medium,one of the older pages in the set,0
content_3b65412af818,client_4e07408562,0.48112833140032657,medium,one of the older pages in the set,0
content_5252de544d98,client_8527a891e2,0.481069794174601,medium,hasn't been refreshed in a while,0
content_f70494633820,client_4e07408562,0.4809875378014984,medium,one of the older pages in the set,1
content_025344275bba,client_8527a891e2,0.48093872685494254,medium,hasn't been refreshed in a while,1
content_dc6c5df2f682,client_4e07408562,0.4808944695848502,medium,one of the older pages in the set,0
content_6df19f8eb4d4,client_4e07408562,0.4808638015282437,medium,one of the older pages in the set,0
content_b4a958cbe9eb,client_4e07408562,0.4806249118925026,medium,hasn't been refreshed in a while,0
content_7ea36c800544,client_4e07408562,0.4804765117192696,medium,one of the older pages in the set,1
content_66945e57b109,client_4e07408562,0.4803323344263939,medium,one of the older pages in the set,1
content_29e0a52ad77a,client_8527a891e2,0.4802608830087854,medium,shorter than typical for this content type,1
content_7a18ebbbb60a,client_8527a891e2,0.4801763803111214,medium,shorter than typical for this content type,0
content_b0b7697f8b78,client_4e07408562,0.48012051372266185,medium,one of the older pages in the set,0
content_da01e568d56b,client_4e07408562,0.48012049685225555,medium,one of the older pages in the set,0
content_dbaef7ab8871,client_8527a891e2,0.4800851963324877,medium,one of the older pages in the set,0
content_3a4141cd3e0f,client_4e07408562,0.48008216277891574,medium,hasn't been refreshed in a while,1
content_21612db808d2,client_4e07408562,0.48006190811457,medium,one of the older pages in the set,0
content_07d95a8976de,client_8527a891e2,0.48000079383775357,medium,hasn't been refreshed in a while,0
content_0bedb1ad4aca,client_4e07408562,0.48000041489117057,medium,hasn't been refreshed in a while,0
content_fe102fe99c2e,client_4e07408562,0.47997464982150084,medium,hasn't been refreshed in a while,0
content_fb872a887c75,client_4e07408562,0.4799090934971502,medium,hasn't been refreshed in a while,1
content_0ffb2129c7b0,client_8527a891e2,0.4799014917302688,medium,shorter than typical for this content type,0
content_fda3f9dbfd08,client_4e07408562,0.4798649807979919,medium,hasn't been refreshed in a while,0
content_25d4eaa6ee1f,client_4e07408562,0.47972936835340124,medium,one of the older pages in the set,1
content_4a05d299cf1b,client_4e07408562,0.47972936700401847,medium,one of the older pages in the set,0
content_1cf3f202273e,client_4e07408562,0.4796781806829239,medium,hasn't been refreshed in a while,0
content_d7175187ff12,client_4e07408562,0.4795648900292362,medium,hasn't been refreshed in a while,1
content_0d685d0e6c2a,client_4e07408562,0.47953163944672833,medium,one of the older pages in the set,0
content_51d04bff6a5e,client_4e07408562,0.47926491130208804,medium,hasn't been refreshed in a while,1
content_1d637966d2d2,client_4e07408562,0.4791914232434504,medium,one of the older pages in the set,0
content_4abe558a7264,client_4e07408562,0.4791873857166905,medium,one of the older pages in the set,0
content_d423fedf21f0,client_4e07408562,0.47913842571333626,medium,hasn't been refreshed in a while,1
content_015dd044ee9f,client_4e07408562,0.4789551081208731,medium,one of the older pages in the set,1
content_a0f2c6f4145c,client_4e07408562,0.4788556691695014,medium,hasn't been refreshed in a while,0
content_59c260251c82,client_4e07408562,0.4788410651354339,medium,one of the older pages in the set,0
content_520fe1dae737,client_8527a891e2,0.4787258123322865,medium,hasn't been refreshed in a while,0
content_bc30d6697d2b,client_8527a891e2,0.4787009172647068,medium,hasn't been refreshed in a while,1
content_ab2a4711117d,client_4e07408562,0.478644827619174,medium,one of the older pages in the set,0
content_793666136464,client_4e07408562,0.4785906460086151,medium,hasn't been refreshed in a while,0
content_b77fa82a63b8,client_4e07408562,0.4785606634435801,medium,hasn't been refreshed in a while,1
content_2cb8b923f6d8,client_4e07408562,0.47852015241563806,medium,one of the older pages in the set,1
content_e5304691e3cc,client_8527a891e2,0.4784663681249721,medium,hasn't been refreshed in a while,0
content_db499a36bfa5,client_4e07408562,0.4783883437131268,medium,hasn't been refreshed in a while,1
content_41e79436cdff,client_4e07408562,0.4782169060541317,medium,hasn't been refreshed in a while,0
content_159ea0a601d6,client_4e07408562,0.47813627705098066,medium,one of the older pages in the set,1
content_933e662b8973,client_8527a891e2,0.47810052040853956,medium,hasn't been refreshed in a while,0
content_630136406522,client_4e07408562,0.4779822727080526,medium,hasn't been refreshed in a while,1
content_e582f6082563,client_4e07408562,0.47793167834087336,medium,one of the older pages in the set,0
content_9e53e39d27c6,client_4e07408562,0.47791204334919296,medium,hasn't been refreshed in a while,0
content_178bd4fd50c3,client_8527a891e2,0.4775711455322798,medium,hasn't been refreshed in a while,1
content_9c141384124b,client_4e07408562,0.477537164896131,medium,one of the older pages in the set,0
content_c27faea1a02a,client_8527a891e2,0.47747307969994457,medium,hasn't been refreshed in a while,0
content_304f48230142,client_f369cb89fc,0.47740479834429267,medium,hasn't been refreshed in a while,1
content_a86f00a2e0ce,client_4e07408562,0.4773588230653918,medium,hasn't been refreshed in a while,0
content_a27cb3cc234c,client_4e07408562,0.47717472676893785,medium,hasn't been refreshed in a while,1
content_270b12878a60,client_4e07408562,0.4771665100867168,medium,hasn't been refreshed in a while,0
content_b40e32d5df10,client_4e07408562,0.47712586359612663,medium,one of the older pages in the set,0
content_11059b6cbd65,client_8527a891e2,0.4771242938968915,medium,shorter than typical for this content type,1
content_210e39dc2bb5,client_4e07408562,0.4765934647523941,medium,hasn't been refreshed in a while,1
content_b0981fa41b7a,client_4e07408562,0.47653803113795973,medium,one of the older pages in the set,0
content_9bb78e058f1d,client_8527a891e2,0.47649143232076,medium,hasn't been refreshed in a while,1
content_65ee5d8a33e6,client_8527a891e2,0.4764707449191145,medium,shorter than typical for this content type,0
content_c4ebfc5cead5,client_4e07408562,0.4763781217292406,medium,hasn't been refreshed in a while,0
content_6ce22054b9ee,client_4e07408562,0.4763428608568701,medium,hasn't been refreshed in a while,0
content_7385e90f8a18,client_4e07408562,0.4763102620829885,medium,one of the older pages in the set,0
content_a4188e703dee,client_4e07408562,0.47626621770256794,medium,hasn't been refreshed in a while,1
content_58012808e022,client_4e07408562,0.4761921443965134,medium,hasn't been refreshed in a while,1
content_a1c230882d7a,client_4e07408562,0.47604414074788165,medium,hasn't been refreshed in a while,0
content_52beab51fc39,client_4e07408562,0.4758044240245249,medium,one of the older pages in the set,0
content_bb878c56b949,client_8527a891e2,0.4757151211427461,medium,hasn't been refreshed in a while,1
content_73a547435602,client_8527a891e2,0.4754105581015954,medium,hasn't been refreshed in a while,1
content_831cc0a27ac2,client_4e07408562,0.4753921256138348,medium,hasn't been refreshed in a while,1
content_281444f1d71d,client_8527a891e2,0.47527920506215127,medium,hasn't been refreshed in a while,1
content_ee28deeee58f,client_4e07408562,0.4752717559229526,medium,one of the older pages in the set,0
content_384c96b54551,client_4e07408562,0.47521825318078076,medium,one of the older pages in the set,1
content_f8b502de2f79,client_4e07408562,0.4750775855048491,medium,one of the older pages in the set,1
content_a1fb4e703a9e,client_4e07408562,0.47501805660271934,medium,one of the older pages in the set,1
content_ed6d0c40cf19,client_4e07408562,0.4749232193454417,medium,one of the older pages in the set,1
content_4c3468a3efad,client_8527a891e2,0.4747763630308066,medium,hasn't been refreshed in a while,1
content_fb6a65a234fb,client_4e07408562,0.47470478248406006,medium,low prior search visibility,1
content_105301075b9a,client_4e07408562,0.47468302548571867,medium,hasn't been refreshed in a while,0
content_09f36a8feb8c,client_4e07408562,0.4745226273390233,medium,hasn't been refreshed in a while,1
content_9d8200c7004c,client_8527a891e2,0.47386873762147685,medium,shorter than typical for this content type,1
content_aa1b658b630d,client_4e07408562,0.47372331708660825,medium,hasn't been refreshed in a while,0
content_5e78fe1e1f35,client_8527a891e2,0.47331429699871563,medium,hasn't been refreshed in a while,1
content_c9189c302ff1,client_4e07408562,0.473022227762595,medium,hasn't been refreshed in a while,1
content_a1583c483d51,client_4e07408562,0.4729303624429497,medium,hasn't been refreshed in a while,1
content_0d64fda4cab6,client_4e07408562,0.47286291747089926,medium,hasn't been refreshed in a while,0
content_c47e82e01e20,client_4e07408562,0.4727538112425803,medium,one of the older pages in the set,1
content_ad361d0f210a,client_4e07408562,0.4726007838900091,medium,one of the older pages in the set,0
content_31c90b860ef8,client_4e07408562,0.4724483236821207,medium,one of the older pages in the set,0
content_a3faadb47222,client_4e07408562,0.4723794751495477,medium,hasn't been refreshed in a while,0
content_5f4c619283af,client_4e07408562,0.4723645673821493,medium,targets a highly competitive keyword,0
content_260e6ad0e62b,client_4e07408562,0.47236404571030766,medium,hasn't been refreshed in a while,1
content_039a9883f6ec,client_4e07408562,0.4722717027603367,medium,one of the older pages in the set,0
content_66d10fc43be7,client_8527a891e2,0.4722096304337278,medium,hasn't been refreshed in a while,0
content_90d5f9ecb7a9,client_4e07408562,0.47218288254907376,medium,hasn't been refreshed in a while,0
content_31c1845e0992,client_8527a891e2,0.4718991124796999,medium,hasn't been refreshed in a while,0
content_3e6203ac624d,client_8527a891e2,0.4718466844416675,medium,shorter than typical for this content type,1
content_2dc625dcdf98,client_4e07408562,0.471684036924462,medium,low prior search visibility,1
content_cb0b2b24814f,client_8527a891e2,0.47157380577326796,medium,hasn't been refreshed in a while,1
content_b440df3ca57a,client_8527a891e2,0.4714596674841047,medium,shorter than typical for this content type,0
content_a83ea5213bce,client_4e07408562,0.4713997415869717,medium,hasn't been refreshed in a while,0
content_9aad50bc4523,client_4e07408562,0.47139332826333813,medium,hasn't been refreshed in a while,1
content_799641a02d77,client_4e07408562,0.4713247274212758,medium,one of the older pages in the set,1
content_172a70b37b72,client_4e07408562,0.4712209489357602,medium,hasn't been refreshed in a while,1
content_e0453ee0769a,client_4e07408562,0.4712012344917078,medium,hasn't been refreshed in a while,1
content_659479bf8d74,client_4e07408562,0.4709607187861484,medium,one of the older pages in the set,0
content_385ad5955fc2,client_4e07408562,0.4709438956443154,medium,one of the older pages in the set,0
content_446c768072a4,client_8527a891e2,0.4707959602972622,medium,shorter than typical for this content type,1
content_30577c46e262,client_4e07408562,0.4707958691263292,medium,one of the older pages in the set,0
content_93a2b2c62298,client_4e07408562,0.47079410158783064,medium,one of the older pages in the set,0
content_56645f60b0d7,client_4e07408562,0.47075956433173005,medium,hasn't been refreshed in a while,0
content_c3e4231878b4,client_4e07408562,0.47061571331464,medium,hasn't been refreshed in a while,0
content_ab7e67e9480c,client_4e07408562,0.4704149798583654,medium,one of the older pages in the set,0
content_56632b41c725,client_4e07408562,0.4701766265052662,medium,one of the older pages in the set,0
content_7f11755b690f,client_8527a891e2,0.4700437363835985,medium,hasn't been refreshed in a while,1
content_5b764c7a6b7d,client_8527a891e2,0.47001690515523875,medium,shorter than typical for this content type,1
content_5a788c0cf88a,client_8527a891e2,0.4695008570578307,medium,hasn't been refreshed in a while,0
content_8ac7c6a503d5,client_4e07408562,0.46932377951663695,medium,hasn't been refreshed in a while,1
content_2fac394011e7,client_4e07408562,0.46931517501300296,medium,one of the older pages in the set,0
content_a2d42ee7ea97,client_4e07408562,0.46911422508562395,medium,hasn't been refreshed in a while,1
content_32ec692a6061,client_4e07408562,0.46906474354873406,medium,one of the older pages in the set,1
content_9d45a4710a9a,client_4e07408562,0.46903147200671036,medium,one of the older pages in the set,0
content_fd416252ca35,client_4e07408562,0.46900392366172894,medium,hasn't been refreshed in a while,0
content_4573953c8d54,client_8527a891e2,0.46888317362823567,medium,shorter than typical for this content type,1
content_749fea292449,client_4e07408562,0.46880023365220896,medium,one of the older pages in the set,0
content_2a04fe3892bc,client_4e07408562,0.46879902504393334,medium,hasn't been refreshed in a while,0
content_5031bfdb78e6,client_8527a891e2,0.4687786660260612,medium,hasn't been refreshed in a while,0
content_c6eaf20a0189,client_4e07408562,0.4687680654350075,medium,one of the older pages in the set,0
content_61f4a24677e0,client_4e07408562,0.46872823995132934,medium,hasn't been refreshed in a while,1
content_4c443177255c,client_4e07408562,0.46868842106583763,medium,hasn't been refreshed in a while,0
content_937a87e42eb4,client_8527a891e2,0.46859491728339364,medium,targets a highly competitive keyword,0
content_20333b30ef06,client_4e07408562,0.4685334247540633,medium,hasn't been refreshed in a while,1
content_824bd8704dd8,client_4e07408562,0.4685185456359504,medium,hasn't been refreshed in a while,1
content_b2ba04fe6f20,client_4e07408562,0.4683290700047848,medium,hasn't been refreshed in a while,1
content_3ad1d026a173,client_4e07408562,0.4682937563609407,medium,hasn't been refreshed in a while,1
content_f1268e501bb8,client_4e07408562,0.46824746409554785,medium,one of the older pages in the set,0
content_6a72195dffc0,client_4e07408562,0.46822551268531815,medium,hasn't been refreshed in a while,1
content_37d03b4246ba,client_4e07408562,0.46814333135225145,medium,one of the older pages in the set,0
content_7d03a05295b2,client_4e07408562,0.4681285512508789,medium,hasn't been refreshed in a while,0
content_9fb007756e5a,client_8527a891e2,0.4681077662060345,medium,targets a highly competitive keyword,1
content_f24e819d0999,client_4e07408562,0.4680528891344032,medium,hasn't been refreshed in a while,1
content_976d5deeab73,client_4e07408562,0.46792338710274844,medium,one of the older pages in the set,0
content_c50a1209df88,client_4e07408562,0.4678513497283946,medium,hasn't been refreshed in a while,1
content_997d693ed750,client_4e07408562,0.46782025948205164,medium,hasn't been refreshed in a while,0
content_f04368f05d48,client_4e07408562,0.4678077068288869,medium,hasn't been refreshed in a while,1
content_19350c591ec3,client_4e07408562,0.46774924637216186,medium,hasn't been refreshed in a while,1
content_8ddf24ab1d3a,client_4e07408562,0.46746475576810836,medium,hasn't been refreshed in a while,1
content_b028e7b30ae6,client_4e07408562,0.467297694071384,medium,one of the older pages in the set,0
content_1fd60831ce3e,client_4e07408562,0.4672408802775687,medium,one of the older pages in the set,1
content_b92a65abeeab,client_4e07408562,0.4672115097241556,medium,one of the older pages in the set,1
content_1a021e549b5d,client_4e07408562,0.46716376122580333,medium,hasn't been refreshed in a while,1
content_da7ad11e10c3,client_4e07408562,0.46707858903874977,medium,one of the older pages in the set,1
content_c18c914ed20c,client_4e07408562,0.4669124906516566,medium,targets a highly competitive keyword,0
content_e4ac3c6df79b,client_4e07408562,0.466852588925875,medium,one of the older pages in the set,1
content_47d62e68cd7a,client_8527a891e2,0.46664557891027497,medium,targets a highly competitive keyword,1
content_bbcfb606811c,client_4e07408562,0.4666094941189524,medium,hasn't been refreshed in a while,1
content_c7d02069ea9e,client_4e07408562,0.4664105727745458,medium,hasn't been refreshed in a while,1
content_4a8b3ceff582,client_4e07408562,0.46631341859469955,medium,hasn't been refreshed in a while,1
content_63eca8253329,client_4e07408562,0.46628781819386333,medium,hasn't been refreshed in a while,1
content_780059759ff5,client_4e07408562,0.4661369422824209,medium,one of the older pages in the set,1
content_7207683d060b,client_4e07408562,0.46607957976324466,medium,hasn't been refreshed in a while,1
content_85d1fb597319,client_4e07408562,0.46602970587061626,medium,one of the older pages in the set,0
content_ef1f45c34441,client_4e07408562,0.465907192301862,medium,hasn't been refreshed in a while,0
content_ea1f99ab1032,client_4e07408562,0.4658653286897421,medium,hasn't been refreshed in a while,1
content_d86be00d801c,client_4e07408562,0.4657402061805124,medium,hasn't been refreshed in a while,0
content_1e7e9344ae09,client_8527a891e2,0.4657177615771381,medium,hasn't been refreshed in a while,1
content_9501202d135f,client_4e07408562,0.46568602447096646,medium,hasn't been refreshed in a while,0
content_587596d045d3,client_4e07408562,0.4656828887358108,medium,hasn't been refreshed in a while,1
content_a60a1d127749,client_4e07408562,0.4656644869590431,medium,hasn't been refreshed in a while,0
content_fd945d13065f,client_4e07408562,0.46563870468714497,medium,one of the older pages in the set,0
content_27fb9892d000,client_4e07408562,0.46546651445582266,medium,hasn't been refreshed in a while,0
content_15cb6f57162b,client_4e07408562,0.46545712867517003,medium,hasn't been refreshed in a while,1
content_a060b47e2355,client_8527a891e2,0.4654399066426477,medium,hasn't been refreshed in a while,1
content_e9225d7f8f18,client_4e07408562,0.4654051499112505,medium,hasn't been refreshed in a while,1
content_72c5c2d73e5a,client_4e07408562,0.46528118288953846,medium,hasn't been refreshed in a while,0
content_a7a65d30b371,client_4e07408562,0.4652598153184947,medium,hasn't been refreshed in a while,1
content_94cf0ae7ea8f,client_4e07408562,0.4650276879342128,medium,one of the older pages in the set,1
content_be905335c59c,client_8527a891e2,0.4649945552939383,medium,hasn't been refreshed in a while,0
content_dcf5393a8df9,client_4e07408562,0.46494127333824015,medium,hasn't been refreshed in a while,0
content_d2cc2cd378a0,client_4e07408562,0.46493798981344153,medium,one of the older pages in the set,0
content_03ca1c3278cf,client_4e07408562,0.46478308514886474,medium,hasn't been refreshed in a while,1
content_de74413100cf,client_4e07408562,0.4645453274880449,medium,one of the older pages in the set,0
content_8bd4d2afaee3,client_4e07408562,0.4645254908948813,medium,hasn't been refreshed in a while,0
content_864fec53a163,client_4e07408562,0.4645118929938318,medium,hasn't been refreshed in a while,0
content_b39885a157fd,client_4e07408562,0.464465843784856,medium,one of the older pages in the set,1
content_a7452d4e5f24,client_4e07408562,0.4643810854541949,medium,one of the older pages in the set,0
content_4045ddbabca1,client_4e07408562,0.4643250443921459,medium,hasn't been refreshed in a while,1
content_9106f1ec4a21,client_4e07408562,0.46431122410040465,medium,one of the older pages in the set,0
content_670746e86425,client_4e07408562,0.46431047007747855,medium,hasn't been refreshed in a while,0
content_617c14bb6cfa,client_4e07408562,0.464243147656637,medium,one of the older pages in the set,1
content_7b3b6c08c78c,client_4e07408562,0.4642163062799143,medium,hasn't been refreshed in a while,1
content_430834d9caa6,client_4e07408562,0.46416661138497045,medium,one of the older pages in the set,1
content_46045de7025a,client_434c9b5ae5,0.4641521608312032,medium,navigational intent content,0
content_8161f4ec6442,client_4e07408562,0.4641027468709965,medium,hasn't been refreshed in a while,1
content_d645cfe66a78,client_8527a891e2,0.4641027242590572,medium,targets a highly competitive keyword,0
content_200a2f936288,client_4e07408562,0.46393583015304984,medium,hasn't been refreshed in a while,1
content_27c2ca193308,client_4e07408562,0.46391756562970704,medium,hasn't been refreshed in a while,1
content_c05562111bb2,client_4e07408562,0.46386395614411735,medium,one of the older pages in the set,0
content_2eab8676deaf,client_4e07408562,0.46372569035634265,medium,one of the older pages in the set,1
content_3cb81c72e3c4,client_4e07408562,0.46357560587508867,medium,one of the older pages in the set,0
content_6b6c0168bc79,client_4e07408562,0.4635749593813532,medium,hasn't been refreshed in a while,0
content_161c3cee3739,client_8527a891e2,0.4634445643820739,medium,hasn't been refreshed in a while,0
content_ee65fbaffa57,client_4e07408562,0.4632575905527077,medium,one of the older pages in the set,0
content_a3244ad461ce,client_4e07408562,0.46324275535445797,medium,one of the older pages in the set,1
content_b4aae044ca25,client_4e07408562,0.46319040552669777,medium,one of the older pages in the set,1
content_11997101ed2d,client_8527a891e2,0.46309725284056746,medium,hasn't been refreshed in a while,0
content_52f1e9ee9923,client_4e07408562,0.4630526925481444,medium,hasn't been refreshed in a while,0
content_a6cb5ab8b859,client_8527a891e2,0.46300440018634864,medium,hasn't been refreshed in a while,1
content_f2a9e5e1840d,client_4e07408562,0.46294432719159456,medium,hasn't been refreshed in a while,0
content_fe2a5f204cbd,client_8527a891e2,0.4628838665695355,medium,hasn't been refreshed in a while,0
content_b98072a1dfd2,client_8527a891e2,0.46282554237577844,medium,hasn't been refreshed in a while,1
content_d11aa36e122c,client_4e07408562,0.46269704604036654,medium,one of the older pages in the set,0
content_b8c3aaba4f8e,client_4e07408562,0.46263622701577045,medium,one of the older pages in the set,0
content_08dd19ebe332,client_4e07408562,0.4625737544121076,medium,one of the older pages in the set,0
content_fd330d2e6ac1,client_4e07408562,0.46238243528478584,medium,hasn't been refreshed in a while,1
content_e3a6a7d6736f,client_4e07408562,0.4623592989184152,medium,one of the older pages in the set,1
content_e2a573f2180b,client_4e07408562,0.4623330905159579,medium,hasn't been refreshed in a while,0
content_6f29337ddf5c,client_8527a891e2,0.46220587344191316,medium,hasn't been refreshed in a while,0
content_42cb3441f18d,client_4e07408562,0.46219449768576626,medium,hasn't been refreshed in a while,1
content_d8b40bc1326d,client_4e07408562,0.46213595304585353,medium,targets a highly competitive keyword,0
content_1e3803e3f3e1,client_4e07408562,0.46210037345753485,medium,hasn't been refreshed in a while,1
content_f7261959d3e4,client_4e07408562,0.46208738891999696,medium,hasn't been refreshed in a while,0
content_58f7da7d57fa,client_4e07408562,0.4618885390248953,medium,hasn't been refreshed in a while,1
content_e50271b2ab15,client_4e07408562,0.46182815457342197,medium,one of the older pages in the set,0
content_06954b8a7f8d,client_4e07408562,0.4616951985715059,medium,hasn't been refreshed in a while,1
content_35cfc6ab36a0,client_4e07408562,0.46159304626785475,medium,hasn't been refreshed in a while,1
content_ff4dac7dd334,client_4e07408562,0.4615510392625679,medium,targets a highly competitive keyword,1
content_46506cfa1b19,client_4e07408562,0.46140021378583873,medium,hasn't been refreshed in a while,1
content_918ef45edb9f,client_4e07408562,0.46137909674153976,medium,one of the older pages in the set,0
content_13609ca3013e,client_8527a891e2,0.46137349572612196,medium,hasn't been refreshed in a while,1
content_8173b7415aff,client_4e07408562,0.4607971021388014,medium,hasn't been refreshed in a while,1
content_612eeab9024b,client_4e07408562,0.4607886599799704,medium,one of the older pages in the set,0
content_6b0f184f1493,client_4e07408562,0.46076534163265115,medium,one of the older pages in the set,1
content_f8b8f0d7e315,client_8527a891e2,0.46074239021583185,medium,hasn't been refreshed in a while,0
content_a0f86b9cd7a5,client_8527a891e2,0.4605856679504938,medium,hasn't been refreshed in a while,0
content_2326b09b5e1f,client_4e07408562,0.4605372798064817,medium,one of the older pages in the set,0
content_f39c6a2b0a06,client_4e07408562,0.4605304146359328,medium,hasn't been refreshed in a while,0
content_0095046d0282,client_4e07408562,0.4604743813832225,medium,one of the older pages in the set,1
content_f5b35bbb42fc,client_4e07408562,0.4603817196948932,medium,hasn't been refreshed in a while,0
content_2702f1dcbd95,client_4e07408562,0.4603106665697942,medium,one of the older pages in the set,0
content_c5e109e0af90,client_4e07408562,0.46030195444283045,medium,one of the older pages in the set,1
content_33d1b80a149c,client_4e07408562,0.4602627877735973,medium,one of the older pages in the set,0
content_21d79c60f58d,client_4e07408562,0.4602160960603142,medium,one of the older pages in the set,1
content_823ed1f9a2fe,client_8527a891e2,0.46021372426416096,medium,hasn't been refreshed in a while,1
content_21451907bcab,client_434c9b5ae5,0.46004798147264697,medium,navigational intent content,0
content_92944be62613,client_4e07408562,0.4600279870395036,medium,hasn't been refreshed in a while,1
content_272dc2b8320d,client_4e07408562,0.46000428450660397,medium,hasn't been refreshed in a while,1
content_10f40939e637,client_4e07408562,0.4599581581675682,medium,hasn't been refreshed in a while,0
content_68d92897313d,client_8527a891e2,0.45990703616877393,medium,hasn't been refreshed in a while,0
content_fdf4d5b05e17,client_4e07408562,0.4597890107930003,medium,one of the older pages in the set,1
content_dba91922f9ea,client_4e07408562,0.45972211273078495,medium,one of the older pages in the set,0
content_4f4532d3e566,client_4e07408562,0.4596063953631253,medium,one of the older pages in the set,0
content_d266e425a2f3,client_4e07408562,0.459592509248084,medium,hasn't been refreshed in a while,1
content_9ec4229181f6,client_4e07408562,0.4595911535436207,medium,hasn't been refreshed in a while,0
content_6bcc05d40b17,client_4e07408562,0.45957693357434787,medium,one of the older pages in the set,0
content_5d5653c4eb4f,client_4e07408562,0.45942984145338234,medium,one of the older pages in the set,0
content_8d8eb914151b,client_4e07408562,0.4594199474516321,medium,targets a highly competitive keyword,0
content_ece893172ee5,client_4e07408562,0.4593721915520977,medium,hasn't been refreshed in a while,1
content_e4d33e5e54a6,client_4e07408562,0.45927753521920767,medium,hasn't been refreshed in a while,0
content_baffc5401eda,client_4e07408562,0.4592052739963686,medium,one of the older pages in the set,0
content_86f3362eefc9,client_8527a891e2,0.45920412850108533,medium,hasn't been refreshed in a while,1
content_53d444b9e788,client_4e07408562,0.45919812439269814,medium,hasn't been refreshed in a while,1
content_edbf8a7109de,client_4e07408562,0.4590981784458978,medium,one of the older pages in the set,0
content_363341185eb0,client_4e07408562,0.45908275040625157,medium,one of the older pages in the set,1
content_2511d3d4a6f9,client_4e07408562,0.45904365115541645,medium,hasn't been refreshed in a while,0
content_1f76ff378fde,client_4e07408562,0.4589837002628748,medium,one of the older pages in the set,0
content_6989c356365e,client_4e07408562,0.458851805050813,medium,one of the older pages in the set,1
content_6953531682aa,client_8527a891e2,0.45884681604136235,medium,hasn't been refreshed in a while,0
content_17ca7a51731c,client_4e07408562,0.4588339921395048,medium,one of the older pages in the set,0
content_d5a7049e8dcd,client_4e07408562,0.4588333804945517,medium,hasn't been refreshed in a while,0
content_cb68dbec7d3d,client_4e07408562,0.4588318007489062,medium,one of the older pages in the set,0
content_9de9afdada19,client_8527a891e2,0.45870004989001484,medium,shorter than typical for this content type,1
content_556c5e4eb2de,client_4e07408562,0.45867831698631584,medium,hasn't been refreshed in a while,1
content_b80b0230d0a9,client_4e07408562,0.4586733021460287,medium,one of the older pages in the set,1
content_5d4048cb5ff4,client_4e07408562,0.4586727251351351,medium,one of the older pages in the set,0
content_a8054ef7fc19,client_4e07408562,0.4585176047896445,medium,hasn't been refreshed in a while,1
content_467db1d7f145,client_4e07408562,0.4585018593698862,medium,one of the older pages in the set,1
content_c213697430c0,client_4e07408562,0.45847733080655095,medium,hasn't been refreshed in a while,0
content_c773390751fd,client_4e07408562,0.4584616585771542,medium,hasn't been refreshed in a while,0
content_dcb66bc3eea4,client_4e07408562,0.45831245516855135,medium,one of the older pages in the set,1
content_56b0727d6509,client_8527a891e2,0.458255451917799,medium,hasn't been refreshed in a while,1
content_c2710bb91ff3,client_4e07408562,0.4581850479714833,medium,hasn't been refreshed in a while,0
content_2ffa4b556dc3,client_4e07408562,0.4581242489972301,medium,hasn't been refreshed in a while,0
content_d263c7f4f8c0,client_4e07408562,0.45782631113435895,medium,hasn't been refreshed in a while,0
content_d3a29df5b1e4,client_4e07408562,0.4578037707651863,medium,hasn't been refreshed in a while,1
content_451118cef0ac,client_4e07408562,0.4577661404228281,medium,hasn't been refreshed in a while,1
content_f924f7e00676,client_4e07408562,0.4577283487386178,medium,hasn't been refreshed in a while,0
content_ad5f9478d603,client_4e07408562,0.45768644656711527,medium,hasn't been refreshed in a while,1
content_b8ba5925257a,client_4e07408562,0.45761487367503395,medium,hasn't been refreshed in a while,1
content_6e348eb06763,client_4e07408562,0.45756610848994,medium,hasn't been refreshed in a while,0
content_eace48a195da,client_4e07408562,0.45748358685365864,medium,one of the older pages in the set,0
content_09b9a4d97410,client_4e07408562,0.45741527065346144,medium,hasn't been refreshed in a while,1
content_b1bc831deff1,client_4e07408562,0.4573499194267714,medium,one of the older pages in the set,1
content_b707d8ef5fd3,client_4e07408562,0.4572876977013937,medium,hasn't been refreshed in a while,0
content_05688a1937fe,client_4e07408562,0.4571997833057413,medium,hasn't been refreshed in a while,0
content_f64da6f9371a,client_4e07408562,0.4571947365452694,medium,hasn't been refreshed in a while,1
content_f74385cef4cf,client_4e07408562,0.4570078639156984,medium,hasn't been refreshed in a while,0
content_38083c7ee912,client_4e07408562,0.45693860749772913,medium,one of the older pages in the set,0
content_e7b4e9967ffa,client_4e07408562,0.4567588266363976,medium,one of the older pages in the set,1
content_e66dd89749be,client_4e07408562,0.4567447823594947,medium,hasn't been refreshed in a while,1
content_ed4f9ab58560,client_4e07408562,0.45670934011504105,medium,one of the older pages in the set,1
content_17e62c7661d8,client_4e07408562,0.45668425016828124,medium,one of the older pages in the set,0
content_7995b28bf42b,client_4e07408562,0.45657411146586313,medium,one of the older pages in the set,0
content_7e0ec17bcdca,client_4e07408562,0.45656256832505426,medium,one of the older pages in the set,1
content_7c92e86bf407,client_4e07408562,0.4564627131722851,medium,one of the older pages in the set,1
content_bfe827636ec1,client_8527a891e2,0.45640562547201297,medium,hasn't been refreshed in a while,1
content_d84a04fb1ebf,client_4e07408562,0.45632538459295546,medium,hasn't been refreshed in a while,1
content_8d8538e7cbbf,client_4e07408562,0.45631018939412743,medium,hasn't been refreshed in a while,1
content_abe60b93d50e,client_4e07408562,0.45627775113705865,medium,hasn't been refreshed in a while,0
content_905daf4b6ccc,client_4e07408562,0.4562658145946083,medium,one of the older pages in the set,0
content_c41622fe1359,client_8527a891e2,0.45623971267296687,medium,hasn't been refreshed in a while,0
content_df1a21acd69c,client_4e07408562,0.45623637558208674,medium,hasn't been refreshed in a while,0
content_882555fb1b4a,client_4e07408562,0.45623598673899096,medium,one of the older pages in the set,0
content_d7bf08e6602a,client_4e07408562,0.45605319958363677,medium,hasn't been refreshed in a while,1
content_f3a4a0cd98cc,client_4e07408562,0.45600949789855816,medium,hasn't been refreshed in a while,1
content_ec2de6e5b2c9,client_4e07408562,0.45597395210432456,medium,hasn't been refreshed in a while,1
content_059abcdaf2f2,client_4e07408562,0.4558571694687379,medium,hasn't been refreshed in a while,0
content_fa37cba3a692,client_4e07408562,0.4557836392467762,medium,one of the older pages in the set,1
content_4092ad6d1f71,client_4e07408562,0.4557763792368627,medium,hasn't been refreshed in a while,1
content_a8a2c6189790,client_4e07408562,0.45561433791208716,medium,one of the older pages in the set,0
content_8350242b2df4,client_4e07408562,0.45560226342022525,medium,one of the older pages in the set,0
content_4221cd0e0176,client_4e07408562,0.45553910939169373,medium,hasn't been refreshed in a while,0
content_0afe3d55f4dc,client_4e07408562,0.455516187914973,medium,hasn't been refreshed in a while,1
content_ada4f0b8bc65,client_4e07408562,0.4553827077099795,medium,one of the older pages in the set,0
content_8883df6fc98b,client_4e07408562,0.4553756975877091,medium,hasn't been refreshed in a while,0
content_4a57b073f66c,client_4e07408562,0.4553593926692652,medium,hasn't been refreshed in a while,1
content_291e5716005f,client_4e07408562,0.4552159356742588,medium,one of the older pages in the set,1
content_f80f7bed7545,client_4e07408562,0.45517533234950003,medium,hasn't been refreshed in a while,1
content_201e6fa0676c,client_4e07408562,0.45509911809650705,medium,targets a highly competitive keyword,1
content_632fb68f9191,client_4e07408562,0.45500936084112975,medium,one of the older pages in the set,0
content_6cb53d8fe521,client_4e07408562,0.4549282530226285,medium,hasn't been refreshed in a while,1
content_344ddf4c03d6,client_4e07408562,0.4549236783726179,medium,one of the older pages in the set,0
content_79c56d57697d,client_4e07408562,0.45488281826586546,medium,hasn't been refreshed in a while,1
content_0b689c5667de,client_4e07408562,0.4548252135656489,medium,one of the older pages in the set,0
content_cec88fea7a4f,client_4e07408562,0.4547816015462282,medium,hasn't been refreshed in a while,1
content_6d93bc61c73d,client_4e07408562,0.4547651187695004,medium,hasn't been refreshed in a while,0
content_e12868d1f396,client_4e07408562,0.454715833458021,medium,one of the older pages in the set,0
content_59d53da68015,client_4e07408562,0.4546232786650936,medium,one of the older pages in the set,0
content_1853f4c1d3b6,client_4e07408562,0.4545995462145886,medium,hasn't been refreshed in a while,0
content_261dc1c0fb9c,client_4e07408562,0.45453314074676604,medium,one of the older pages in the set,0
content_93de0089bfe5,client_4e07408562,0.45448394537071923,medium,one of the older pages in the set,0
content_7c9b3e0182d1,client_4e07408562,0.45429832246795576,medium,one of the older pages in the set,1
content_cc1426618cb6,client_4e07408562,0.4542725441556263,medium,hasn't been refreshed in a while,0
content_36684976be1f,client_4e07408562,0.45424384577033816,medium,one of the older pages in the set,1
content_2fca178eb6f6,client_4e07408562,0.4541552236387035,medium,targets a highly competitive keyword,0
content_0da78e231915,client_4e07408562,0.4541393328189595,medium,hasn't been refreshed in a while,1
content_c789a815d8bb,client_4e07408562,0.4541322780084243,medium,one of the older pages in the set,1
content_945104091464,client_8527a891e2,0.4540480002844621,medium,shorter than typical for this content type,0
content_0bd63ac7a76b,client_4e07408562,0.4539716325728241,medium,hasn't been refreshed in a while,1
content_7b721c50ff02,client_4e07408562,0.4537996281574992,medium,hasn't been refreshed in a while,1
content_387c447c4e95,client_4e07408562,0.45374904414612943,medium,one of the older pages in the set,1
content_e1d07bb09232,client_4e07408562,0.45373707066141866,medium,one of the older pages in the set,0
content_8fb3cacf624f,client_4e07408562,0.4536643088670869,medium,one of the older pages in the set,1
content_576f7cb282da,client_4e07408562,0.4536243750727911,medium,hasn't been refreshed in a while,1
content_5cbcdc58b3d4,client_4e07408562,0.4535935267037444,medium,hasn't been refreshed in a while,0
content_32f3f365f9d5,client_4e07408562,0.45358878526308816,medium,hasn't been refreshed in a while,0
content_fc0d096e1ae0,client_4e07408562,0.45358873318317755,medium,hasn't been refreshed in a while,0
content_529f37482797,client_4e07408562,0.45358554132785317,medium,hasn't been refreshed in a while,0
content_f60f1e8bd3aa,client_4e07408562,0.45358257892602066,medium,hasn't been refreshed in a while,0
content_8bf4f84d54cc,client_4e07408562,0.45357643822433164,medium,targets a highly competitive keyword,0
content_c1fef945a63f,client_4e07408562,0.453472285993065,medium,hasn't been refreshed in a while,0
content_fc815a8369f5,client_4e07408562,0.4534073929177286,medium,hasn't been refreshed in a while,1
content_82f54bb9c586,client_4e07408562,0.45334346061921826,medium,one of the older pages in the set,1
content_044135b038e6,client_4e07408562,0.4533428174308501,medium,hasn't been refreshed in a while,0
content_5eda48e9e42e,client_4e07408562,0.45313571462643676,medium,one of the older pages in the set,1
content_c4ea8ed01996,client_4e07408562,0.4531078680401504,medium,one of the older pages in the set,0
content_348434e40ce7,client_4e07408562,0.4530495502415929,medium,hasn't been refreshed in a while,1
content_e7ad40523cbc,client_4e07408562,0.45280603880618187,medium,hasn't been refreshed in a while,0
content_6c720cb9fbe0,client_4e07408562,0.45278323945465404,medium,hasn't been refreshed in a while,1
content_0978243e4aa3,client_4e07408562,0.4527607528007357,medium,hasn't been refreshed in a while,0
content_b27403c7d35e,client_4e07408562,0.45268636010911023,medium,hasn't been refreshed in a while,0
content_eac9815a500f,client_4e07408562,0.45262082577395374,medium,one of the older pages in the set,1
content_67b7450f085b,client_4e07408562,0.45215720267588905,medium,one of the older pages in the set,0
content_392ed6711025,client_4e07408562,0.45203668199707986,medium,hasn't been refreshed in a while,0
content_b85bf0f7330b,client_4e07408562,0.4519983073644299,medium,one of the older pages in the set,1
content_378e77671f51,client_4e07408562,0.45195952690379143,medium,hasn't been refreshed in a while,1
content_f5884b3c1784,client_4e07408562,0.45186675684380995,medium,one of the older pages in the set,0
content_302f011d542c,client_8527a891e2,0.4518625135877464,medium,one of the older pages in the set,0
content_864a936a3532,client_4e07408562,0.45182968509991545,medium,hasn't been refreshed in a while,1
content_a3548d64df7d,client_4e07408562,0.45180432921563113,medium,hasn't been refreshed in a while,1
content_449bd374c824,client_4e07408562,0.4516292067047897,medium,hasn't been refreshed in a while,1
content_16bd8ad6a2a1,client_4e07408562,0.4515302782424639,medium,hasn't been refreshed in a while,0
content_761859531bb8,client_4e07408562,0.4514433878192175,medium,hasn't been refreshed in a while,0
content_b4755fa1bacc,client_4e07408562,0.45140386511549474,medium,hasn't been refreshed in a while,0
content_88d98058e66e,client_8527a891e2,0.45137309996448854,medium,shorter than typical for this content type,0
content_aea31198122f,client_4e07408562,0.4513664791189755,medium,hasn't been refreshed in a while,0
content_f58e588951ba,client_4e07408562,0.4513464021078708,medium,hasn't been refreshed in a while,1
content_e3393b0b5359,client_4e07408562,0.4513281729977877,medium,hasn't been refreshed in a while,0
content_d943da81dc4e,client_4e07408562,0.45123302737368676,medium,hasn't been refreshed in a while,0
content_e8be9cd2e1fe,client_8527a891e2,0.45122601645436167,medium,hasn't been refreshed in a while,1
content_ec7b8098875c,client_4e07408562,0.4512080928571331,medium,hasn't been refreshed in a while,0
content_bfe7c8113aed,client_4e07408562,0.4511763168230075,medium,hasn't been refreshed in a while,0
content_a498b30af4f7,client_4e07408562,0.4511537534700933,medium,hasn't been refreshed in a while,0
content_466386c747aa,client_4e07408562,0.4511134537682102,medium,one of the older pages in the set,0
content_55e155d5dddd,client_4e07408562,0.4510269249813949,medium,hasn't been refreshed in a while,0
content_a82df1afd767,client_4e07408562,0.45097849229837245,medium,one of the older pages in the set,0
content_8b9d2f4109de,client_4e07408562,0.45097624423047705,medium,hasn't been refreshed in a while,1
content_0a47ded24495,client_4e07408562,0.4509380254339887,medium,hasn't been refreshed in a while,0
content_b2b48d24f7d0,client_4e07408562,0.45089070259711567,medium,hasn't been refreshed in a while,0
content_8fe57443675e,client_4e07408562,0.4507949792050685,medium,one of the older pages in the set,0
content_73d19517bd77,client_4e07408562,0.4507645905947079,medium,hasn't been refreshed in a while,1
content_b5a67fbd43b7,client_4e07408562,0.4506189943635663,medium,hasn't been refreshed in a while,1
content_9483a12a1ecc,client_4e07408562,0.4505302713407082,medium,hasn't been refreshed in a while,1
content_279959931918,client_4e07408562,0.4505271564421458,medium,hasn't been refreshed in a while,1
content_6f46e07fe3d9,client_4e07408562,0.4503529602788941,medium,hasn't been refreshed in a while,1
content_93edea54a28f,client_4e07408562,0.4503090435188468,medium,hasn't been refreshed in a while,1
content_b918aa98486b,client_4e07408562,0.45027584298196044,medium,hasn't been refreshed in a while,0
content_5b7267c26cc2,client_4e07408562,0.45022661451762547,medium,hasn't been refreshed in a while,0
content_a341b59acbac,client_4e07408562,0.4501598564362978,medium,hasn't been refreshed in a while,1
content_c2f9a9a48cc4,client_4e07408562,0.4501566133663992,medium,hasn't been refreshed in a while,0
content_5393f44a4c0c,client_4e07408562,0.45012173919770243,medium,hasn't been refreshed in a while,1
content_735fb136742e,client_4e07408562,0.4501090049768814,medium,hasn't been refreshed in a while,1
content_5240ab05dc75,client_4e07408562,0.45009023126803066,medium,hasn't been refreshed in a while,1
content_d46d85035ad2,client_4e07408562,0.44999724794826707,medium,hasn't been refreshed in a while,0
content_8c4071232533,client_4e07408562,0.4499546889739122,medium,one of the older pages in the set,0
content_6882583fb48d,client_4e07408562,0.44992872108360793,medium,hasn't been refreshed in a while,0
content_79fe2665cb9d,client_4e07408562,0.4498679548714269,medium,one of the older pages in the set,1
content_f309ff5ddc25,client_4e07408562,0.44977984986694447,medium,hasn't been refreshed in a while,1
content_98104c021ff2,client_4e07408562,0.4495205845454323,medium,hasn't been refreshed in a while,0
content_5f2bd2ed76fd,client_4e07408562,0.44949265107990294,medium,hasn't been refreshed in a while,0
content_c9666ca71957,client_4e07408562,0.44947561982434675,medium,one of the older pages in the set,0
content_322ac9c5f39f,client_4e07408562,0.44942588708835346,medium,one of the older pages in the set,0
content_e38ce65f50a8,client_4e07408562,0.44938901175461793,medium,one of the older pages in the set,0
content_e76294ac1955,client_4e07408562,0.4493856557254254,medium,hasn't been refreshed in a while,0
content_17582f51a0f6,client_4e07408562,0.4492579655633638,medium,hasn't been refreshed in a while,1
content_2388ea11be57,client_4e07408562,0.4491722091712471,medium,hasn't been refreshed in a while,0
content_99c842680c4e,client_4e07408562,0.44915680963869964,medium,hasn't been refreshed in a while,1
content_b6e0c24b198f,client_4e07408562,0.44915389383009635,medium,hasn't been refreshed in a while,0
content_85d021f0a213,client_4e07408562,0.449002681082167,medium,hasn't been refreshed in a while,1
content_7270758c1e78,client_4e07408562,0.448909586602628,medium,hasn't been refreshed in a while,0
content_53d6fdc534bc,client_4e07408562,0.4489045150185092,medium,hasn't been refreshed in a while,0
content_5a288ec6e8c2,client_4e07408562,0.4488137619757862,medium,hasn't been refreshed in a while,1
content_7e69b13d445e,client_4e07408562,0.44877665305755654,medium,hasn't been refreshed in a while,1
content_6b91347ea965,client_4e07408562,0.4487121709051911,medium,targets a highly competitive keyword,1
content_231c10e69d17,client_4e07408562,0.44870728225419015,medium,hasn't been refreshed in a while,0
content_cec7e5c712ef,client_4e07408562,0.4485973308027117,medium,one of the older pages in the set,0
content_2e2195595695,client_4e07408562,0.4485337583507471,medium,one of the older pages in the set,1
content_cd185509429c,client_4e07408562,0.4484088333108341,medium,hasn't been refreshed in a while,1
content_e4986c40c63f,client_4e07408562,0.4482860382417272,medium,hasn't been refreshed in a while,1
content_f7f7b664724b,client_4e07408562,0.448232705874134,medium,one of the older pages in the set,0
content_f346692204a7,client_4e07408562,0.4482184128588293,medium,hasn't been refreshed in a while,1
content_277879fdcbcd,client_4e07408562,0.4481938520807524,medium,hasn't been refreshed in a while,1
content_e428bc59072f,client_4e07408562,0.44812275411350255,medium,hasn't been refreshed in a while,0
content_f2b426905e8c,client_e629fa6598,0.4479783240399905,medium,hasn't been refreshed in a while,1
content_db6b1352e51c,client_4e07408562,0.4478781523477018,medium,hasn't been refreshed in a while,1
content_e68467f4f883,client_4e07408562,0.4478720944448681,medium,hasn't been refreshed in a while,0
content_7eb94099059e,client_4e07408562,0.4478565684124277,medium,hasn't been refreshed in a while,0
content_755581bf4f86,client_8527a891e2,0.44779212131351803,medium,one of the older pages in the set,1
content_c40391b61a4e,client_4e07408562,0.44772730535851857,medium,hasn't been refreshed in a while,1
content_ead17e13e806,client_4e07408562,0.44768866150210623,medium,one of the older pages in the set,0
content_9740b2c319a7,client_4e07408562,0.4476612125491052,medium,hasn't been refreshed in a while,0
content_ea397586b6f4,client_4e07408562,0.44761234744446443,medium,hasn't been refreshed in a while,1
content_06b9fe7fa146,client_4e07408562,0.4475454373346385,medium,hasn't been refreshed in a while,0
content_a05de90216c2,client_4e07408562,0.4475370110823047,medium,hasn't been refreshed in a while,1
content_f783272376bf,client_4e07408562,0.447473535570026,medium,hasn't been refreshed in a while,0
content_6bdf69aa45ec,client_4e07408562,0.4474347850756466,medium,hasn't been refreshed in a while,1
content_5af4c93ae18a,client_4e07408562,0.4472959633167395,medium,hasn't been refreshed in a while,0
content_c3ddd2a3a284,client_4e07408562,0.44721799149155594,medium,hasn't been refreshed in a while,0
content_8c05feed3339,client_4e07408562,0.44710178311209076,medium,hasn't been refreshed in a while,0
content_fc8c21563057,client_4e07408562,0.4470827970291957,medium,one of the older pages in the set,1
content_e4ef2cbd84c9,client_4e07408562,0.4467991026597157,medium,one of the older pages in the set,1
content_c1ae3265aed4,client_4e07408562,0.44661318533929784,medium,hasn't been refreshed in a while,1
content_b3152ebe9e7e,client_4e07408562,0.4466065955853178,medium,one of the older pages in the set,0
content_a5f41d4af8c3,client_4e07408562,0.4465444520487726,medium,hasn't been refreshed in a while,0
content_204d81c4117d,client_4e07408562,0.4464863538146176,medium,one of the older pages in the set,0
content_b770da13569d,client_4e07408562,0.4464219384545665,medium,hasn't been refreshed in a while,0
content_3fe9924209db,client_4e07408562,0.4463993525340784,medium,hasn't been refreshed in a while,0
content_97ac3ef99651,client_4e07408562,0.4461501257765872,medium,hasn't been refreshed in a while,0
content_d50a0cf19bc3,client_4e07408562,0.4460936521116262,medium,one of the older pages in the set,1
content_57a3f0ed6641,client_4e07408562,0.44601274074795716,medium,hasn't been refreshed in a while,1
content_a025f0314b16,client_4e07408562,0.44597966058925814,medium,one of the older pages in the set,0
content_ce83293c6615,client_4e07408562,0.44596615614026225,medium,one of the older pages in the set,0
content_9fdeb7a636e7,client_4e07408562,0.4459635833023863,medium,hasn't been refreshed in a while,0
content_2a0400a50c04,client_4e07408562,0.44589686993699773,medium,one of the older pages in the set,1
content_9da46b4fea6e,client_4e07408562,0.44570011042526836,medium,hasn't been refreshed in a while,0
content_2851eb1b0839,client_4e07408562,0.44548021805110805,medium,one of the older pages in the set,1
content_609c24246177,client_4e07408562,0.4453913774571561,medium,hasn't been refreshed in a while,1
content_10c8915d426e,client_4e07408562,0.4452673206489154,medium,hasn't been refreshed in a while,0
content_f5334f59cc82,client_4e07408562,0.44526070177867455,medium,one of the older pages in the set,0
content_9e390d63ef52,client_4e07408562,0.44523591850624616,medium,hasn't been refreshed in a while,1
content_eee936f70d76,client_4e07408562,0.4452251071475776,medium,hasn't been refreshed in a while,1
content_f94c8457d590,client_4e07408562,0.44522284942718704,medium,hasn't been refreshed in a while,0
content_0cf9e335a07c,client_4e07408562,0.4451033666205129,medium,one of the older pages in the set,1
content_8b8d92de4642,client_4e07408562,0.44507589354062826,medium,hasn't been refreshed in a while,0
content_a0fff30c920a,client_4e07408562,0.4450380611865713,medium,one of the older pages in the set,1
content_9d393029065a,client_4e07408562,0.44486881465793604,medium,one of the older pages in the set,0
content_99fb3a5b96a6,client_4e07408562,0.4448430325693131,medium,hasn't been refreshed in a while,1
content_adbb688a2223,client_4e07408562,0.4446555827094329,medium,hasn't been refreshed in a while,0
content_b303d8f83f33,client_4e07408562,0.44457725033257306,medium,hasn't been refreshed in a while,1
content_bfefd747bdff,client_8527a891e2,0.4444897313932563,medium,targets a highly competitive keyword,0
content_71c7b5968117,client_4e07408562,0.44447266069465435,medium,one of the older pages in the set,1
content_a69a7896a1cb,client_4e07408562,0.4444356822315202,medium,hasn't been refreshed in a while,1
content_575a423f570e,client_4e07408562,0.44428564715203206,medium,one of the older pages in the set,0
content_03625cd1150b,client_4e07408562,0.44411605636146,medium,one of the older pages in the set,1
content_e0b08ad65f5b,client_4e07408562,0.4441099162424513,medium,one of the older pages in the set,1
content_4a1694ef8899,client_4e07408562,0.4440555722489179,medium,hasn't been refreshed in a while,1
content_62d1c8c930d1,client_4e07408562,0.44403728727459524,medium,one of the older pages in the set,0
content_f0f639eb2f80,client_4e07408562,0.44403015529386075,medium,hasn't been refreshed in a while,0
content_0db1804a6bea,client_4e07408562,0.443976558942037,medium,one of the older pages in the set,0
content_d6d6981499b6,client_4e07408562,0.44392662253016385,medium,one of the older pages in the set,1
content_0929b60950cb,client_4e07408562,0.44387199154197166,medium,one of the older pages in the set,0
content_e55da9707bf5,client_4e07408562,0.4437040499467207,medium,one of the older pages in the set,1
content_4c4d1c64b58e,client_4e07408562,0.44368188771503286,medium,one of the older pages in the set,1
content_490c19f4dfce,client_4e07408562,0.4436616433111974,medium,hasn't been refreshed in a while,1
content_f757709ea42f,client_4e07408562,0.44359861108807813,medium,one of the older pages in the set,0
content_0d1bee747e48,client_4e07408562,0.44352067280907564,medium,hasn't been refreshed in a while,1
content_ab7a3d0acf37,client_4e07408562,0.44351124726475455,medium,hasn't been refreshed in a while,1
content_63ccce1a850e,client_4e07408562,0.443414645329264,medium,hasn't been refreshed in a while,1
content_ea52aa5790c1,client_4e07408562,0.44340900167027447,medium,one of the older pages in the set,1
content_cd444afadcc6,client_4e07408562,0.4433357285135213,medium,one of the older pages in the set,0
content_6f24984bd099,client_4e07408562,0.4432980736176826,medium,hasn't been refreshed in a while,1
content_5ad0732245eb,client_4e07408562,0.443285860308287,medium,one of the older pages in the set,1
content_06c9e43d1287,client_4e07408562,0.4432719961682503,medium,hasn't been refreshed in a while,1
content_4427dc2e32a1,client_4e07408562,0.4432387458090495,medium,hasn't been refreshed in a while,1
content_d52d69802c75,client_4e07408562,0.4431450572619675,medium,hasn't been refreshed in a while,0
content_c9147cda01f0,client_4e07408562,0.44303089805763507,medium,one of the older pages in the set,1
content_e7cb53c0f89e,client_4e07408562,0.4429871695548196,medium,one of the older pages in the set,1
content_601668f3aabe,client_4e07408562,0.4428857592941412,medium,hasn't been refreshed in a while,1
content_8b2001e96132,client_4e07408562,0.44285059954672373,medium,hasn't been refreshed in a while,1
content_0aef7080e0ce,client_4e07408562,0.4428026789719269,medium,one of the older pages in the set,0
content_8e2937f1645f,client_4e07408562,0.44275072751141675,medium,hasn't been refreshed in a while,1
content_1559ee264f78,client_4e07408562,0.4425545479282518,medium,one of the older pages in the set,0
content_c3cef2b615f9,client_4e07408562,0.4423903900974494,medium,one of the older pages in the set,0
content_3aa51c5df66b,client_4e07408562,0.4423760149741688,medium,hasn't been refreshed in a while,1
content_5b4202c5f7f0,client_4e07408562,0.4423172558023306,medium,one of the older pages in the set,1
content_2fbf317387d5,client_4e07408562,0.44225889299432103,medium,one of the older pages in the set,0
content_b553e6af4fb1,client_4e07408562,0.44220367871453536,medium,one of the older pages in the set,0
content_0ce7d363d317,client_4e07408562,0.44220182675489733,medium,hasn't been refreshed in a while,0
content_53e38ea20dcd,client_4e07408562,0.44213642092413646,medium,one of the older pages in the set,0
content_228971770cc3,client_4e07408562,0.4421190684759349,medium,one of the older pages in the set,0
content_5a6e508b7597,client_4e07408562,0.4420808710632122,medium,one of the older pages in the set,1
content_c81b352b270b,client_4e07408562,0.44194855302999153,medium,one of the older pages in the set,0
content_17e8b736fca7,client_8527a891e2,0.4419338562659697,medium,hasn't been refreshed in a while,1
content_b45b7246ed2a,client_4e07408562,0.44193254203559557,medium,one of the older pages in the set,0
content_7469fe7380c5,client_4e07408562,0.44187321458306866,medium,targets a highly competitive keyword,0
content_2ea7554a4b89,client_4e07408562,0.4418666778901888,medium,hasn't been refreshed in a while,1
content_5dfc8a15db06,client_8527a891e2,0.4417902218332293,medium,hasn't been refreshed in a while,1
content_42b72b0d61f0,client_4e07408562,0.44165987898403675,medium,hasn't been refreshed in a while,0
content_595dcb4d74d3,client_4e07408562,0.44158105630307093,medium,one of the older pages in the set,0
content_dbc0b153ac65,client_8527a891e2,0.441532716442677,medium,hasn't been refreshed in a while,1
content_ba6b0284b1e0,client_4e07408562,0.4415014841097643,medium,hasn't been refreshed in a while,1
content_221bbee82734,client_4e07408562,0.4414052747851469,medium,hasn't been refreshed in a while,0
content_d9adbf211a24,client_4e07408562,0.44136113711933644,medium,one of the older pages in the set,0
content_f615d968944f,client_4e07408562,0.4412460056801973,medium,one of the older pages in the set,1
content_e04b14da018b,client_4e07408562,0.4411017892753132,medium,one of the older pages in the set,0
content_7d81d9f7d639,client_4e07408562,0.44109849252449096,medium,hasn't been refreshed in a while,0
content_212375a53741,client_4e07408562,0.4410978988403334,medium,hasn't been refreshed in a while,1
content_98f736f745a6,client_4e07408562,0.44096795559492247,medium,hasn't been refreshed in a while,1
content_1687fc6734e2,client_e629fa6598,0.44089429342739883,medium,hasn't been refreshed in a while,0
content_ffe8ee872237,client_4e07408562,0.4408531936241218,medium,hasn't been refreshed in a while,0
content_8f5c5451afb1,client_4e07408562,0.4408263749594094,medium,one of the older pages in the set,1
content_118a6a1ab0f8,client_4e07408562,0.44080102209279265,medium,hasn't been refreshed in a while,0
content_014eefb7eeac,client_4e07408562,0.44079311823534,medium,hasn't been refreshed in a while,1
content_b9cad3fb2eb1,client_4e07408562,0.4407487894746192,medium,hasn't been refreshed in a while,0
content_8f6b2d2420ed,client_4e07408562,0.44052974952203666,medium,hasn't been refreshed in a while,0
content_011ba6714bb6,client_4e07408562,0.44052407966366425,medium,one of the older pages in the set,0
content_6383ca5adafb,client_4e07408562,0.4404324625209329,medium,hasn't been refreshed in a while,0
content_8202c37e994f,client_4e07408562,0.440400555830547,medium,one of the older pages in the set,1
content_16f38acf0f26,client_e629fa6598,0.440387100176375,medium,hasn't been refreshed in a while,1
content_54e54c775717,client_4e07408562,0.44025111984604864,medium,one of the older pages in the set,0
content_8a4f4f22c861,client_4e07408562,0.44016945487078313,medium,hasn't been refreshed in a while,0
content_00603386e331,client_4e07408562,0.44014674509432533,medium,one of the older pages in the set,1
content_4a8ed6268c17,client_4e07408562,0.4400759793452589,medium,one of the older pages in the set,1
content_8eaf3790d9c7,client_4e07408562,0.4399635902821951,medium,targets a highly competitive keyword,0
content_db5989a78dd3,client_4e07408562,0.43980223136553254,medium,one of the older pages in the set,0
content_0507a9ef3210,client_4e07408562,0.43976618626965236,medium,hasn't been refreshed in a while,1
content_08038bd6b9b0,client_4e07408562,0.4397654766040935,medium,one of the older pages in the set,0
content_d39c538aae1d,client_4e07408562,0.43973634892290053,medium,hasn't been refreshed in a while,1
content_542ad143087e,client_4e07408562,0.4395325394448207,medium,hasn't been refreshed in a while,1
content_461eb9f35e52,client_4e07408562,0.43935824783038346,medium,hasn't been refreshed in a while,1
content_577a45908bb7,client_4e07408562,0.4393339130283829,medium,hasn't been refreshed in a while,0
content_d63c11c0e82c,client_e629fa6598,0.439269461219159,medium,one of the older pages in the set,1
content_c170ab55d53b,client_4e07408562,0.43912901716887776,medium,one of the older pages in the set,1
content_cc0f20917ee0,client_4e07408562,0.43909368857188613,medium,one of the older pages in the set,0
content_2ad1d9248424,client_4e07408562,0.43903705359283324,medium,hasn't been refreshed in a while,1
content_e53329c90dca,client_4e07408562,0.4390236038787741,medium,hasn't been refreshed in a while,1
content_665727ccadb3,client_4e07408562,0.43899474692110224,medium,one of the older pages in the set,0
content_2340513245dd,client_4e07408562,0.4389615284889028,medium,hasn't been refreshed in a while,1
content_4c17a0b47c68,client_4e07408562,0.43893156367620584,medium,hasn't been refreshed in a while,0
content_256a6c212300,client_4e07408562,0.438742964513985,medium,one of the older pages in the set,1
content_5b2e9cafaa50,client_4e07408562,0.43867270305481887,medium,hasn't been refreshed in a while,1
content_f9b44af81656,client_e629fa6598,0.43865607005244583,medium,hasn't been refreshed in a while,1
content_2c2e7ab15ae6,client_4e07408562,0.43862295230284426,medium,hasn't been refreshed in a while,1
content_7446b0b2cec2,client_4e07408562,0.43856262027063947,medium,hasn't been refreshed in a while,1
content_7180e5f9adcd,client_8527a891e2,0.438437772710491,medium,hasn't been refreshed in a while,0
content_9f2ca3ad3165,client_4e07408562,0.43841242524572366,medium,one of the older pages in the set,1
content_a77bd5e6de66,client_4e07408562,0.4383964417516489,medium,one of the older pages in the set,0
content_45b8c3850ec7,client_8527a891e2,0.4381211558149967,medium,shorter than typical for this content type,1
content_71c43128de8e,client_4e07408562,0.43794048909653255,medium,hasn't been refreshed in a while,1
content_c3b4f551e745,client_4e07408562,0.4377927089047201,medium,one of the older pages in the set,0
content_acec32b9a99f,client_4e07408562,0.4377909456710951,medium,one of the older pages in the set,1
content_e540f63bc134,client_4e07408562,0.4377062577307852,medium,hasn't been refreshed in a while,1
content_5c8b57a6b009,client_4e07408562,0.4377061702010723,medium,hasn't been refreshed in a while,1
content_8af12b14fe26,client_4e07408562,0.437482720463717,medium,hasn't been refreshed in a while,1
content_74e5927a9ac1,client_4e07408562,0.4373668405233912,medium,one of the older pages in the set,0
content_09a0dcb0bb26,client_4e07408562,0.4372719759824743,medium,one of the older pages in the set,0
content_b4d966e03d6b,client_4e07408562,0.4372645520404315,medium,hasn't been refreshed in a while,0
content_f223bccd09b2,client_4e07408562,0.43724557051361634,medium,hasn't been refreshed in a while,0
content_c0056697354c,client_8527a891e2,0.43723569798581174,medium,hasn't been refreshed in a while,1
content_490978694374,client_4e07408562,0.43717756607841535,medium,hasn't been refreshed in a while,1
content_72dbc1d0c990,client_4e07408562,0.4371676909721311,medium,one of the older pages in the set,1
content_f6d6279d84be,client_4e07408562,0.4371388903028465,medium,hasn't been refreshed in a while,1
content_ba740deaf550,client_4e07408562,0.4369682157326182,medium,one of the older pages in the set,1
content_ea03fc0ede4f,client_4e07408562,0.4368624427279724,medium,hasn't been refreshed in a while,0
content_abba884411e3,client_4e07408562,0.4368418112301018,medium,hasn't been refreshed in a while,1
content_784818021864,client_4e07408562,0.4368367789881799,medium,one of the older pages in the set,1
content_9de8749fb755,client_4e07408562,0.43672963938036136,medium,hasn't been refreshed in a while,1
content_aa522a6beecb,client_4e07408562,0.43669599433068484,medium,one of the older pages in the set,1
content_1a93903d60fb,client_4e07408562,0.4366877817227289,medium,hasn't been refreshed in a while,0
content_a16c79f3a714,client_4e07408562,0.4366735578053173,medium,one of the older pages in the set,1
content_7ccd303329e2,client_4e07408562,0.4366480057456545,medium,targets a highly competitive keyword,0
content_9ae5157e9941,client_4e07408562,0.43664598657330783,medium,hasn't been refreshed in a while,1
content_5d935a36c301,client_4e07408562,0.4366143523761884,medium,one of the older pages in the set,0
content_e78170eca8ef,client_e629fa6598,0.43653667251070427,medium,one of the older pages in the set,0
content_760586482668,client_4e07408562,0.4365321003787262,medium,hasn't been refreshed in a while,1
content_1d00ce3850e6,client_4e07408562,0.4363774155342991,medium,one of the older pages in the set,1
content_6352ef618f56,client_4e07408562,0.4363582668247299,medium,one of the older pages in the set,1
content_d6b4de74b2c2,client_4e07408562,0.43630876100456656,medium,one of the older pages in the set,0
content_45819ccc9554,client_4e07408562,0.4362871019740166,medium,targets a highly competitive keyword,0
content_7e5ae8620fc5,client_4e07408562,0.436222655964321,medium,one of the older pages in the set,0
content_36991252f44a,client_4e07408562,0.43611644316153647,medium,hasn't been refreshed in a while,0
content_08500acfbe7c,client_4e07408562,0.4358098092300301,medium,one of the older pages in the set,1
content_935cf71f6fe5,client_8527a891e2,0.43579212774775666,medium,hasn't been refreshed in a while,1
content_358b2b10f5b6,client_4e07408562,0.43560597862404093,medium,one of the older pages in the set,1
content_337aed6750c0,client_4e07408562,0.43551303511459344,medium,one of the older pages in the set,0
content_2692ad4b0ec3,client_4e07408562,0.43547412614767966,medium,hasn't been refreshed in a while,1
content_830b63c8dbac,client_4e07408562,0.43539910358756023,medium,hasn't been refreshed in a while,0
content_f8f308d0b776,client_4e07408562,0.43528697922122384,medium,one of the older pages in the set,0
content_4409c919f040,client_4e07408562,0.43520961053137014,medium,one of the older pages in the set,0
content_520c30e40873,client_e629fa6598,0.4352044255030613,medium,one of the older pages in the set,0
content_e72e6c56f0a3,client_8527a891e2,0.4351707625288411,medium,hasn't been refreshed in a while,1
content_ed130d02c76d,client_4e07408562,0.4351186237736968,medium,low prior search visibility,1
content_4baabeaad579,client_4e07408562,0.43501688759126617,medium,one of the older pages in the set,0
content_0474319403e9,client_4e07408562,0.4349894187652886,medium,one of the older pages in the set,0
content_d677f029a39e,client_4e07408562,0.43493899798165137,medium,one of the older pages in the set,0
content_a07e64a2cea4,client_4e07408562,0.4349271724847165,medium,one of the older pages in the set,0
content_3653151b7ac7,client_4e07408562,0.43487749846929946,medium,one of the older pages in the set,1
content_485a5eb0adf0,client_4e07408562,0.43483345689099673,medium,one of the older pages in the set,0
content_0073196442b4,client_4e07408562,0.43476537064280396,medium,low prior click volume,0
content_cb99c825e293,client_4e07408562,0.4347568361047599,medium,hasn't been refreshed in a while,0
content_39687f105016,client_4e07408562,0.4347454565140489,medium,one of the older pages in the set,1
content_32b64e0bf487,client_4e07408562,0.43470089713719984,medium,hasn't been refreshed in a while,1
content_e1d5ae8705bf,client_4e07408562,0.4346296679728013,medium,hasn't been refreshed in a while,0
content_15e922d2d8a0,client_4e07408562,0.4345776326994627,medium,one of the older pages in the set,1
content_804f6fedf09c,client_4e07408562,0.4345059311551325,medium,hasn't been refreshed in a while,0
content_61503690505f,client_4e07408562,0.4344890239730087,medium,one of the older pages in the set,0
content_8a6c6eaff6c1,client_4e07408562,0.4344123226644413,medium,hasn't been refreshed in a while,0
content_e3258a34514b,client_4e07408562,0.43414222579433415,medium,one of the older pages in the set,0
content_a78a64d5caf8,client_4e07408562,0.43413530500958686,medium,one of the older pages in the set,1
content_9f127b1f663f,client_4e07408562,0.4340612952813753,medium,hasn't been refreshed in a while,0
content_4734618e1abb,client_4e07408562,0.4340511274856808,medium,hasn't been refreshed in a while,0
content_453f3a68e535,client_4e07408562,0.4339669457609099,medium,one of the older pages in the set,0
content_4db4da60384e,client_4e07408562,0.43375267486832864,medium,one of the older pages in the set,0
content_a6b316cab1a8,client_4e07408562,0.4337314112251669,medium,one of the older pages in the set,0
content_86e83855c103,client_4e07408562,0.433728316501568,medium,one of the older pages in the set,1
content_2204f2f125c2,client_4e07408562,0.4336809222409707,medium,one of the older pages in the set,1
content_95d3a6437b56,client_4e07408562,0.43363582149127416,medium,one of the older pages in the set,1
content_3b66ce5fb84c,client_4e07408562,0.43359104115907815,medium,one of the older pages in the set,0
content_e2e22643adae,client_4e07408562,0.43357941487862384,medium,one of the older pages in the set,1
content_e172e24d3024,client_4e07408562,0.43352724737494935,medium,one of the older pages in the set,1
content_07915fe7c4d1,client_4e07408562,0.43351775588025093,medium,one of the older pages in the set,0
content_7d147b1c4115,client_4e07408562,0.43348798048325643,medium,one of the older pages in the set,1
content_2bde19bfd8f8,client_4e07408562,0.43341741395603806,medium,one of the older pages in the set,0
content_584e6896455d,client_4e07408562,0.43341377200651177,medium,hasn't been refreshed in a while,1
content_ed73cc77ea29,client_4e07408562,0.4333406415258869,medium,one of the older pages in the set,1
content_3cf1dc2271b5,client_4e07408562,0.43333158371942043,medium,hasn't been refreshed in a while,0
content_46daac72bec3,client_4e07408562,0.4333276587945348,medium,hasn't been refreshed in a while,0
content_7ffc04e52e2e,client_4e07408562,0.4332512923358868,medium,one of the older pages in the set,1
content_5f2ad4dd4806,client_4e07408562,0.43323830859201146,medium,targets a highly competitive keyword,0
content_885a25cd5e18,client_4e07408562,0.43322286945914773,medium,hasn't been refreshed in a while,0
content_dc4aa707636e,client_4e07408562,0.43320593808734803,medium,one of the older pages in the set,1
content_1cf48271e12d,client_4e07408562,0.43305497218125205,medium,one of the older pages in the set,0
content_51761c4f95a3,client_4e07408562,0.4330199837614458,medium,hasn't been refreshed in a while,0
content_28319e608567,client_4e07408562,0.43300648516503426,medium,one of the older pages in the set,0
content_206b16537b0e,client_4e07408562,0.43300068150982784,medium,one of the older pages in the set,0
content_c4b6fe20fadf,client_4e07408562,0.4329816926024017,medium,one of the older pages in the set,1
content_3ba982075eba,client_4e07408562,0.4329296850486712,medium,one of the older pages in the set,1
content_b8b445ba5ddc,client_4e07408562,0.432902413176567,medium,one of the older pages in the set,1
content_1089c7c8b99b,client_4e07408562,0.4328375998737283,medium,one of the older pages in the set,1
content_84a4de62123b,client_4e07408562,0.43280356355360206,medium,one of the older pages in the set,1
content_2293091e01f7,client_4e07408562,0.432783645689051,medium,one of the older pages in the set,0
content_fba37ae0d72e,client_4e07408562,0.43269778123136154,medium,one of the older pages in the set,1
content_64373b8be1b4,client_4e07408562,0.4326050369042283,medium,one of the older pages in the set,0
content_fbd329c69d26,client_e629fa6598,0.43257607107800694,medium,one of the older pages in the set,0
content_7c2f3a6ac0f4,client_4e07408562,0.4324859326978934,medium,hasn't been refreshed in a while,0
content_d239687e2c85,client_4e07408562,0.4324558279264348,medium,hasn't been refreshed in a while,1
content_d2436405f394,client_4e07408562,0.4324277359322204,medium,hasn't been refreshed in a while,1
content_2d6c50388f53,client_4e07408562,0.43233963934624614,medium,one of the older pages in the set,1
content_6db3a80d1145,client_4e07408562,0.43230881037937,medium,one of the older pages in the set,1
content_c6bf8be3e38a,client_4e07408562,0.4321986692299028,medium,hasn't been refreshed in a while,1
content_fa014137b3ea,client_4e07408562,0.4317938737141178,medium,one of the older pages in the set,1
content_91938c472d20,client_4e07408562,0.43179237743369314,medium,hasn't been refreshed in a while,1
content_e9c39bb6170f,client_4e07408562,0.431626975890501,medium,hasn't been refreshed in a while,0
content_77ac7d024218,client_4e07408562,0.43157774022780326,medium,one of the older pages in the set,1
content_962972165d6a,client_4e07408562,0.4314776852422253,medium,hasn't been refreshed in a while,1
content_04ff14276199,client_4e07408562,0.43144719861195424,medium,one of the older pages in the set,1
content_6f35a935faca,client_4e07408562,0.4314205977754166,medium,hasn't been refreshed in a while,1
content_1a5b585a87b4,client_4e07408562,0.43141258525799747,medium,one of the older pages in the set,1
content_d411f89a60c9,client_4e07408562,0.43134894552948,medium,hasn't been refreshed in a while,1
content_b43d011aff4f,client_4e07408562,0.43132090855026994,medium,one of the older pages in the set,0
content_7a08dc784d80,client_4e07408562,0.43121258649736716,medium,hasn't been refreshed in a while,1
content_957a5bd57448,client_4e07408562,0.4312086100519141,medium,one of the older pages in the set,1
content_204a8a98fd4f,client_4e07408562,0.43117555674027547,medium,hasn't been refreshed in a while,1
content_6847b41c8804,client_4e07408562,0.4311038464603798,medium,hasn't been refreshed in a while,1
content_026916bfa9ab,client_4e07408562,0.431078697941672,medium,one of the older pages in the set,0
content_d0ea28283d46,client_4e07408562,0.4310674954572793,medium,one of the older pages in the set,1
content_6a9cd9678ddf,client_4e07408562,0.4309738370780326,medium,hasn't been refreshed in a while,1
content_f34a56ef21b0,client_4e07408562,0.4309597110892133,medium,one of the older pages in the set,1
content_848779dc2781,client_4e07408562,0.4309385865844646,medium,one of the older pages in the set,1
content_39e71545d840,client_4e07408562,0.4309214494261253,medium,one of the older pages in the set,0
content_1fc27b966881,client_4e07408562,0.4309137601008792,medium,hasn't been refreshed in a while,1
content_122dc46282c0,client_4e07408562,0.43078406857194074,medium,hasn't been refreshed in a while,0
content_d6882ad218ce,client_4e07408562,0.43065730873971314,medium,one of the older pages in the set,0
content_701340c88f73,client_4e07408562,0.4306292900542103,medium,one of the older pages in the set,0
content_1b5a245cf579,client_4e07408562,0.43049079046158395,medium,one of the older pages in the set,0
content_ad92ece81563,client_4e07408562,0.43045102728161894,medium,hasn't been refreshed in a while,0
content_21b65e455525,client_4e07408562,0.43044803505986773,medium,one of the older pages in the set,0
content_43908979b8b2,client_4e07408562,0.4303424471515119,medium,one of the older pages in the set,0
content_caa6a0f78b21,client_4e07408562,0.430171529117665,medium,one of the older pages in the set,1
content_073d53bacb8f,client_4e07408562,0.4301392776423845,medium,one of the older pages in the set,0
content_6d0b62b434bb,client_4e07408562,0.4299506369057179,medium,hasn't been refreshed in a while,1
content_fad0a4a335ba,client_4e07408562,0.42994270448902955,medium,hasn't been refreshed in a while,0
content_cd0666cdd7ce,client_4e07408562,0.42991862637610484,medium,one of the older pages in the set,1
content_691548b1ea0a,client_4e07408562,0.4298711906518901,medium,hasn't been refreshed in a while,1
content_e446ed72b5c1,client_4e07408562,0.42978906219228785,medium,one of the older pages in the set,0
content_21dc27c85117,client_4e07408562,0.42978130030999917,medium,hasn't been refreshed in a while,0
content_cde9fc17927f,client_4e07408562,0.42959677045359307,medium,hasn't been refreshed in a while,0
content_8ed210418ee8,client_4e07408562,0.42950502432168686,medium,hasn't been refreshed in a while,1
content_c4ac5b91b3d9,client_4e07408562,0.42948748536419223,medium,one of the older pages in the set,1
content_868447a1b9c7,client_4e07408562,0.4294084147336134,medium,one of the older pages in the set,0
content_d4155589b206,client_4e07408562,0.42910054924507457,medium,hasn't been refreshed in a while,0
content_6499b59bdc70,client_4e07408562,0.42908241189402185,medium,hasn't been refreshed in a while,1
content_63a7db0259ce,client_4e07408562,0.4290500736872632,medium,one of the older pages in the set,1
content_7e7f437c608b,client_4e07408562,0.4289902381004897,medium,hasn't been refreshed in a while,0
content_74b2102682b9,client_e629fa6598,0.42897391262201806,medium,one of the older pages in the set,1
content_dcd0ea5b0fea,client_4e07408562,0.4289598768404142,medium,one of the older pages in the set,1
content_530cf22df65f,client_4e07408562,0.42894458057095547,medium,hasn't been refreshed in a while,1
content_90a2b42a44c7,client_4e07408562,0.42879296521888116,medium,hasn't been refreshed in a while,1
content_919c68ff757c,client_4e07408562,0.42877993188001984,medium,one of the older pages in the set,0
content_2acee0ce6421,client_4e07408562,0.4286718361492285,medium,one of the older pages in the set,1
content_406db3266689,client_4e07408562,0.4286392396263674,medium,one of the older pages in the set,1
content_ecb80fffef19,client_4e07408562,0.4284396677884893,medium,one of the older pages in the set,1
content_c26f81d804cc,client_4e07408562,0.4282052745288187,medium,hasn't been refreshed in a while,0
content_1fc9c8f39bfa,client_4e07408562,0.42815782183371176,medium,hasn't been refreshed in a while,0
content_0ee95e1b4aa2,client_4e07408562,0.428132031822704,medium,one of the older pages in the set,0
content_8ce337f96d83,client_e629fa6598,0.42789245351047234,medium,one of the older pages in the set,0
content_886b73d4b098,client_4e07408562,0.42789152708317835,medium,one of the older pages in the set,0
content_09a781f18604,client_e629fa6598,0.42787752721597816,medium,one of the older pages in the set,1
content_cfd7e4697734,client_e629fa6598,0.4278504818611743,medium,one of the older pages in the set,0
content_84d49c815397,client_4e07408562,0.4278400201043505,medium,hasn't been refreshed in a while,1
content_a7a057f8baea,client_4e07408562,0.4277629920442841,medium,one of the older pages in the set,1
content_d146f0489a92,client_4e07408562,0.42776086338176667,medium,one of the older pages in the set,1
content_78555c97f084,client_4e07408562,0.4277123707562179,medium,hasn't been refreshed in a while,1
content_f91ec1c7af3d,client_4e07408562,0.4277039993222805,medium,hasn't been refreshed in a while,1
content_843f4dd5213f,client_4e07408562,0.4276762878095928,medium,hasn't been refreshed in a while,1
content_bffb5fb92a47,client_4e07408562,0.42757952586147036,medium,one of the older pages in the set,1
content_0d884f1a931e,client_4e07408562,0.42749111863919137,medium,one of the older pages in the set,0
content_51358c64f062,client_4e07408562,0.42739760258145965,medium,one of the older pages in the set,1
content_141dc5ae59a8,client_4e07408562,0.42728463782960135,medium,one of the older pages in the set,1
content_b4170c25efd2,client_4e07408562,0.4272555381875365,medium,one of the older pages in the set,1
content_7954b7f440ce,client_4e07408562,0.42707349580025566,medium,hasn't been refreshed in a while,1
content_f2047c17e14c,client_4e07408562,0.4269542224732424,medium,one of the older pages in the set,1
content_de8736cc0484,client_4e07408562,0.4268472897791951,medium,one of the older pages in the set,1
content_10acb87b3040,client_4e07408562,0.42677820961828306,medium,one of the older pages in the set,0
content_32948fbafc29,client_4e07408562,0.4267100272841391,medium,one of the older pages in the set,0
content_31c66d071a62,client_8527a891e2,0.42655889555165427,medium,hasn't been refreshed in a while,1
content_f670e8a58608,client_4e07408562,0.4263246493763678,medium,one of the older pages in the set,1
content_347b02848fe9,client_4e07408562,0.4262781188222424,medium,targets a highly competitive keyword,1
content_47e03bf0b0b8,client_4e07408562,0.42607040091235787,medium,one of the older pages in the set,0
content_933b7d8e3c4f,client_4e07408562,0.42600584294520755,medium,one of the older pages in the set,0
content_c618a74471ef,client_4e07408562,0.425837001272786,medium,hasn't been refreshed in a while,0
content_a4f5499a6122,client_4e07408562,0.4257141955605706,medium,one of the older pages in the set,0
content_83c7b7f65e6b,client_4e07408562,0.4257128212911723,medium,one of the older pages in the set,0
content_2c546f720c93,client_4e07408562,0.42561222189109754,medium,one of the older pages in the set,0
content_45250b3944bc,client_4e07408562,0.4256081765252944,medium,hasn't been refreshed in a while,0
content_6f66c8d9c5b5,client_4e07408562,0.4255565628201305,medium,hasn't been refreshed in a while,0
content_402ad93001ce,client_4e07408562,0.4251227519629161,medium,one of the older pages in the set,1
content_e5a8021fc0d9,client_e629fa6598,0.425107028714033,medium,one of the older pages in the set,1
content_d41fcbf17a8a,client_4e07408562,0.42503351736042655,medium,one of the older pages in the set,0
content_1423cc413c6a,client_4e07408562,0.42501241705781156,medium,hasn't been refreshed in a while,1
content_7f02ea9e3edd,client_4e07408562,0.4250090587789255,medium,one of the older pages in the set,1
content_8ac5e7d55b90,client_4e07408562,0.42486857245298987,medium,hasn't been refreshed in a while,1
content_9d3c56c14cc8,client_4e07408562,0.4247671307409991,medium,hasn't been refreshed in a while,0
content_a102c4a3c1ec,client_4e07408562,0.4245773866327158,medium,one of the older pages in the set,0
content_b26ac45aca5d,client_4e07408562,0.4245279318146059,medium,one of the older pages in the set,1
content_4a87ae4135a9,client_4e07408562,0.42447789173637474,medium,hasn't been refreshed in a while,1
content_ea01009bcb57,client_4e07408562,0.42440774881841076,medium,targets a highly competitive keyword,0
content_f04ac0af071c,client_4e07408562,0.4242547698992573,medium,one of the older pages in the set,0
content_054ea1b92a9a,client_e629fa6598,0.42424749722582733,medium,hasn't been refreshed in a while,1
content_ed7432d0bdff,client_8527a891e2,0.42421089261406847,medium,navigational intent content,1
content_38d0f423e408,client_4e07408562,0.42414992390033945,medium,one of the older pages in the set,0
content_023998ba5a1b,client_4e07408562,0.4240183452912579,medium,one of the older pages in the set,0
content_690b4d8e58eb,client_4e07408562,0.42399448527504163,medium,targets a highly competitive keyword,0
content_f9673e9241fd,client_4e07408562,0.4239780700605875,medium,hasn't been refreshed in a while,1
content_b060a56e168e,client_4e07408562,0.4239261476831375,medium,one of the older pages in the set,0
content_982cccc7ce1d,client_4e07408562,0.4239063431266607,medium,hasn't been refreshed in a while,1
content_9a5a48758da3,client_4e07408562,0.42382968646137925,medium,one of the older pages in the set,1
content_5901aee4bc88,client_4e07408562,0.4238047231227336,medium,one of the older pages in the set,1
content_06ce9797fd65,client_4e07408562,0.4236557913007453,medium,hasn't been refreshed in a while,1
content_e1f84315336e,client_4e07408562,0.42345400085477564,medium,hasn't been refreshed in a while,1
content_82074408a03e,client_e629fa6598,0.4234514522403063,medium,one of the older pages in the set,1
content_8fbd1be8db88,client_4e07408562,0.42343604009588304,medium,one of the older pages in the set,0
content_1c0a41630b5c,client_4e07408562,0.42341548596881945,medium,one of the older pages in the set,0
content_bb98921063e3,client_4e07408562,0.4233763969677147,medium,hasn't been refreshed in a while,0
content_8faa834d6d1f,client_4e07408562,0.4233569773527261,medium,one of the older pages in the set,1
content_6f9a9c5aa19f,client_4e07408562,0.42328220812413136,medium,one of the older pages in the set,0
content_4d6321188f7f,client_4e07408562,0.4232764169098676,medium,hasn't been refreshed in a while,1
content_69aa50d0821a,client_4e07408562,0.423174855063632,medium,one of the older pages in the set,1
content_2e9e0028cfa7,client_4e07408562,0.4231631680762023,medium,one of the older pages in the set,1
content_29c550b073ec,client_4e07408562,0.42308215122874376,medium,one of the older pages in the set,0
content_fd3a9777ca26,client_e629fa6598,0.42300691394216644,medium,one of the older pages in the set,0
content_3e1884b53656,client_4e07408562,0.4229390760504669,medium,hasn't been refreshed in a while,1
content_0065d16af779,client_e629fa6598,0.42263113581250067,medium,one of the older pages in the set,0
content_8ae4ab086c08,client_4e07408562,0.4225329197415887,medium,one of the older pages in the set,1
content_880c2fc00805,client_4e07408562,0.4225298720155116,medium,one of the older pages in the set,0
content_5be3b96151e5,client_4e07408562,0.4224678198037326,medium,hasn't been refreshed in a while,0
content_d0f0593601de,client_4e07408562,0.4224109620471847,medium,one of the older pages in the set,0
content_3e8ab67ce1b6,client_4e07408562,0.4222222016039602,medium,one of the older pages in the set,0
content_3283dafb666d,client_4e07408562,0.42221436499087917,medium,one of the older pages in the set,1
content_6edf4065b1a5,client_4e07408562,0.4222113941427119,medium,hasn't been refreshed in a while,1
content_f8f3899a82eb,client_4e07408562,0.42220060773972573,medium,one of the older pages in the set,1
content_a2713a5c710c,client_4e07408562,0.4221917116102984,medium,one of the older pages in the set,0
content_f3a075fa8dff,client_4e07408562,0.421798255388048,medium,one of the older pages in the set,0
content_b2bf50ecada6,client_4e07408562,0.4217765434142987,medium,hasn't been refreshed in a while,1
content_29d504c9de3a,client_4e07408562,0.4217248606736533,medium,one of the older pages in the set,0
content_d885bca1f73f,client_4e07408562,0.4216714381697014,medium,one of the older pages in the set,0
content_5e27752e101e,client_4e07408562,0.42166729612564974,medium,one of the older pages in the set,0
content_56f4652c9b6e,client_4e07408562,0.42146162177584184,medium,one of the older pages in the set,0
content_36a02b1565e3,client_4e07408562,0.42131694674013104,medium,one of the older pages in the set,1
content_0d5a75339f4b,client_4e07408562,0.4212871116539184,medium,one of the older pages in the set,0
content_0816b4288e05,client_4e07408562,0.42108197361001887,medium,hasn't been refreshed in a while,1
content_84b564f96061,client_4e07408562,0.42105018970251434,medium,one of the older pages in the set,1
content_18ec38232eba,client_4e07408562,0.4210361938086898,medium,one of the older pages in the set,0
content_c6c89218b516,client_4e07408562,0.42068787181580164,medium,hasn't been refreshed in a while,1
content_9467ff7ac54c,client_4e07408562,0.4206781423371659,medium,hasn't been refreshed in a while,1
content_82147211de4c,client_4e07408562,0.42066560772397665,medium,one of the older pages in the set,0
content_516d51b2955c,client_4e07408562,0.4206298911057246,medium,one of the older pages in the set,1
content_a11f793d5f24,client_4e07408562,0.4204991810625611,medium,hasn't been refreshed in a while,0
content_3ed23197a086,client_4e07408562,0.42023485079533396,medium,one of the older pages in the set,0
content_88d68955c5e2,client_4e07408562,0.4202344219121954,medium,hasn't been refreshed in a while,0
content_160878f5f2a7,client_4e07408562,0.4202072377253936,medium,hasn't been refreshed in a while,0
content_e9e01655126c,client_4e07408562,0.4200104415281713,medium,hasn't been refreshed in a while,0
content_83ed44baec0f,client_4e07408562,0.41990749713284964,medium,hasn't been refreshed in a while,0
content_ba60a05324e3,client_4e07408562,0.4198901903200918,medium,one of the older pages in the set,1
content_e5ae436f9a16,client_4e07408562,0.4197660037062235,medium,hasn't been refreshed in a while,0
content_6e04efee3c6e,client_4e07408562,0.4196693935205587,medium,one of the older pages in the set,1
content_e1187a069e61,client_4e07408562,0.4196273324709162,medium,hasn't been refreshed in a while,0
content_b3259e046dfa,client_4e07408562,0.41962471755656405,medium,one of the older pages in the set,1
content_35b56e13a9ba,client_4e07408562,0.41955476512023315,medium,hasn't been refreshed in a while,1
content_181d0c8829a8,client_4e07408562,0.4195533727410288,medium,one of the older pages in the set,0
content_51d4f462cbd8,client_4e07408562,0.4195223384962375,medium,one of the older pages in the set,0
content_19b8db713236,client_4e07408562,0.4192070777262039,medium,one of the older pages in the set,1
content_98c3a1265641,client_e629fa6598,0.4191776491341304,medium,one of the older pages in the set,1
content_d46faabb95cd,client_4e07408562,0.41908483581841954,medium,hasn't been refreshed in a while,1
content_fee4ab8f26b8,client_4e07408562,0.41902841830248416,medium,one of the older pages in the set,0
content_2f0d111f7ba6,client_4e07408562,0.41899201653661855,medium,hasn't been refreshed in a while,0
content_d68e83f92ed9,client_4e07408562,0.41896016715167866,medium,one of the older pages in the set,0
content_0457c48d8fc3,client_4e07408562,0.41875096006872103,medium,one of the older pages in the set,1
content_86d082c14077,client_4e07408562,0.41874047104999057,medium,one of the older pages in the set,1
content_d70f12056122,client_4e07408562,0.41870317969503157,medium,hasn't been refreshed in a while,1
content_7e08ff98fa58,client_4e07408562,0.4184757826139407,medium,one of the older pages in the set,0
content_dc57c1fc055e,client_4e07408562,0.4184562684977375,medium,one of the older pages in the set,1
content_78c8822eccc9,client_4e07408562,0.4184450624554833,medium,hasn't been refreshed in a while,0
content_02141810795a,client_4e07408562,0.4184016096393255,medium,one of the older pages in the set,1
content_e474339b073f,client_4e07408562,0.41824229975657096,medium,one of the older pages in the set,1
content_e8202f39fad7,client_4e07408562,0.41813915847508965,medium,one of the older pages in the set,1
content_0549e8dc2084,client_e629fa6598,0.418008460887746,medium,one of the older pages in the set,1
content_81c43ea37892,client_4e07408562,0.41797544434171124,medium,hasn't been refreshed in a while,1
content_8c5455c75d43,client_4e07408562,0.41785443204371003,medium,hasn't been refreshed in a while,1
content_a849b24b9925,client_4e07408562,0.41777934513460113,medium,hasn't been refreshed in a while,1
content_3b5aa0daf8ef,client_4e07408562,0.4176390474893638,medium,one of the older pages in the set,0
content_1f7b831ee01f,client_e629fa6598,0.41745471442112414,medium,one of the older pages in the set,1
content_cfe0815a3229,client_4e07408562,0.4174522535666861,medium,one of the older pages in the set,1
content_64a482194d7a,client_4e07408562,0.41737476035198734,medium,one of the older pages in the set,1
content_60cafa032724,client_4e07408562,0.41735665160627855,medium,one of the older pages in the set,1
content_521ea9c60b02,client_4e07408562,0.41735235619564554,medium,one of the older pages in the set,0
content_af082b61dd15,client_4e07408562,0.4173422279415041,medium,one of the older pages in the set,0
content_0b356863929f,client_4e07408562,0.4172589354698286,medium,hasn't been refreshed in a while,1
content_3f703336ec8d,client_4e07408562,0.41721746446982877,medium,one of the older pages in the set,0
content_f6e0aa532239,client_4e07408562,0.41721036765303116,medium,hasn't been refreshed in a while,1
content_495904cebcf6,client_4e07408562,0.41715960626959847,medium,hasn't been refreshed in a while,0
content_702689a73287,client_4e07408562,0.4171571977171133,medium,hasn't been refreshed in a while,1
content_b65c621c6c0b,client_4e07408562,0.41707876316601505,medium,one of the older pages in the set,1
content_0b5580e79dfc,client_4e07408562,0.4170583547641895,medium,one of the older pages in the set,1
content_e0f75f03ddb9,client_e629fa6598,0.41702526780979327,medium,one of the older pages in the set,1
content_09e9eee59a4b,client_e629fa6598,0.4167967485932404,medium,one of the older pages in the set,0
content_884c1bebd58d,client_4e07408562,0.4167597568979948,medium,hasn't been refreshed in a while,1
content_6da57e02084e,client_4e07408562,0.41674851306430644,medium,one of the older pages in the set,1
content_125c53fdf1e7,client_4e07408562,0.41670946900555933,medium,one of the older pages in the set,1
content_f62069a9208a,client_e629fa6598,0.4166609287179371,medium,one of the older pages in the set,0
content_f35bdfbc3b7e,client_4e07408562,0.4166571505638497,medium,one of the older pages in the set,0
content_a597ab82b14c,client_4e07408562,0.41662568995422306,medium,hasn't been refreshed in a while,0
content_818a291377e2,client_4e07408562,0.4164839242073396,medium,one of the older pages in the set,1
content_d647466fe9f5,client_4e07408562,0.41644470927055677,medium,hasn't been refreshed in a while,1
content_557fe9494c53,client_4e07408562,0.41641461285358133,medium,one of the older pages in the set,1
content_4c126bb257a9,client_4e07408562,0.4164054666360892,medium,one of the older pages in the set,0
content_00629d85f855,client_4e07408562,0.4163518532892281,medium,one of the older pages in the set,1
content_365f191de6d2,client_4e07408562,0.4163394459613719,medium,one of the older pages in the set,0
content_aeb5d182368b,client_4e07408562,0.4160676830656414,medium,one of the older pages in the set,0
content_33b66ae561a7,client_4e07408562,0.4160555998035742,medium,one of the older pages in the set,1
content_fb87e6cf60af,client_4e07408562,0.41593628511555397,medium,one of the older pages in the set,0
content_f9d4d7acb62e,client_4e07408562,0.4159270798199437,medium,one of the older pages in the set,0
content_6dd6d7779405,client_4e07408562,0.4158435261408263,medium,one of the older pages in the set,1
content_13af59e1555a,client_4e07408562,0.41577589333898624,medium,hasn't been refreshed in a while,1
content_bf73646cd408,client_e629fa6598,0.41569308410039574,medium,one of the older pages in the set,0
content_b573ebf82028,client_4e07408562,0.41560079331958605,medium,one of the older pages in the set,1
content_abfa53fe7911,client_e629fa6598,0.41559262024659765,medium,one of the older pages in the set,1
content_c01a89e1130c,client_4e07408562,0.415527423960735,medium,hasn't been refreshed in a while,0
content_0513586edfbc,client_4e07408562,0.41549395056736044,medium,one of the older pages in the set,1
content_390fb5432bef,client_4e07408562,0.4154872429170792,medium,one of the older pages in the set,0
content_895ea7bfb9e6,client_4e07408562,0.41548114513568396,medium,one of the older pages in the set,1
content_b53c61eb766b,client_e629fa6598,0.41540344028690235,medium,one of the older pages in the set,0
content_86398e14cd53,client_4e07408562,0.41530655413852213,medium,one of the older pages in the set,1
content_fe07b4b122f2,client_4e07408562,0.4152796989611141,medium,targets a highly competitive keyword,1
content_142a0115209d,client_4e07408562,0.41507718666442533,medium,one of the older pages in the set,0
content_3e274426ccca,client_4e07408562,0.415017744764948,medium,hasn't been refreshed in a while,1
content_d3e05af412bb,client_e629fa6598,0.4149751937647164,medium,one of the older pages in the set,0
content_59012b44adb8,client_4e07408562,0.41492326871377866,medium,one of the older pages in the set,0
content_524beeec873c,client_4e07408562,0.41489988587878296,medium,one of the older pages in the set,1
content_4b25a482ad4d,client_e629fa6598,0.41485642087866026,medium,one of the older pages in the set,0
content_c09a11d9c224,client_4e07408562,0.4148292200522694,medium,one of the older pages in the set,0
content_c2d3553f8ada,client_e629fa6598,0.4147377124828599,medium,one of the older pages in the set,1
content_cb889e05f912,client_4e07408562,0.41470643326797596,medium,one of the older pages in the set,1
content_f0eab88acf23,client_4e07408562,0.4147027237207243,medium,one of the older pages in the set,0
content_023fc9d33cd0,client_e629fa6598,0.4146944660689973,medium,one of the older pages in the set,1
content_ac38c61cc1d4,client_e629fa6598,0.41466067670253237,medium,one of the older pages in the set,1
content_dceedb71df1d,client_e629fa6598,0.41460015159095537,medium,one of the older pages in the set,1
content_abea74cf6a51,client_e629fa6598,0.4145970078827854,medium,one of the older pages in the set,1
content_314822ae53de,client_4e07408562,0.4145853336997103,medium,targets a highly competitive keyword,1
content_2a156994fa3e,client_e629fa6598,0.4145687148222658,medium,one of the older pages in the set,0
content_875d5a2daaba,client_e629fa6598,0.4145687148222658,medium,one of the older pages in the set,0
content_2af7d1c62561,client_e629fa6598,0.4145687148222658,medium,one of the older pages in the set,0
content_1dcfec81d9b0,client_e629fa6598,0.4145549559464956,medium,one of the older pages in the set,0
content_4f4d11c79373,client_e629fa6598,0.41455460220825824,medium,one of the older pages in the set,0
content_e3b39a052dfa,client_e629fa6598,0.4145522276496375,medium,one of the older pages in the set,0
content_3ba85db51622,client_e629fa6598,0.4145460956682305,medium,one of the older pages in the set,0
content_dac0bab9c931,client_4e07408562,0.41450698216430126,medium,one of the older pages in the set,0
content_cc6d62e31116,client_4e07408562,0.41448493259962443,medium,one of the older pages in the set,0
content_f6fea6270cfd,client_4e07408562,0.41445597276157325,medium,one of the older pages in the set,1
content_09c4f5f03a74,client_e629fa6598,0.4144293610002212,medium,one of the older pages in the set,1
content_4f2533184943,client_e629fa6598,0.4144255095382824,medium,one of the older pages in the set,1
content_aa8208824668,client_4e07408562,0.41441758554844776,medium,one of the older pages in the set,0
content_5b382a819126,client_4e07408562,0.414407128047202,medium,one of the older pages in the set,0
content_ec6fce716c78,client_4e07408562,0.4144057141782358,medium,hasn't been refreshed in a while,0
content_1561909ed20a,client_e629fa6598,0.4143936529508586,medium,one of the older pages in the set,1
content_ddd78ab60f97,client_e629fa6598,0.4143427031933196,medium,one of the older pages in the set,1
content_5015134da0ad,client_e629fa6598,0.4142938938003748,medium,one of the older pages in the set,0
content_6c550167a36d,client_e629fa6598,0.4142593452642908,medium,hasn't been refreshed in a while,1
content_c60d521c8227,client_4e07408562,0.41417653579102753,medium,one of the older pages in the set,1
content_c0438e3c5c6d,client_4e07408562,0.41415841927609887,medium,one of the older pages in the set,1
content_064a15965ec5,client_e629fa6598,0.41411626769550214,medium,one of the older pages in the set,1
content_28aba8137d93,client_4e07408562,0.41410610515012,medium,one of the older pages in the set,1
content_dbf651aa00c6,client_e629fa6598,0.41407917128526556,medium,one of the older pages in the set,0
content_7799c7a38d8f,client_e629fa6598,0.4140407730728377,medium,one of the older pages in the set,0
content_2e18e12a751b,client_4e07408562,0.4139840958430945,medium,one of the older pages in the set,0
content_6e6e8c6fcd2a,client_e629fa6598,0.4139796032475164,medium,one of the older pages in the set,1
content_7c8916bd0e47,client_4e07408562,0.41391396890797505,medium,hasn't been refreshed in a while,1
content_8738328a9c87,client_e629fa6598,0.4138491687390958,medium,one of the older pages in the set,0
content_26085fbfb7ee,client_e629fa6598,0.4138491687390958,medium,one of the older pages in the set,1
content_2c785ed0bb07,client_e629fa6598,0.41381460669117764,medium,one of the older pages in the set,1
content_6eb16d7a88ae,client_e629fa6598,0.4138083227736504,medium,one of the older pages in the set,1
content_f05a0395a374,client_e629fa6598,0.41380203888418515,medium,one of the older pages in the set,0
content_5f99dcec8b69,client_e629fa6598,0.41378632928330467,medium,one of the older pages in the set,0
content_4e90099142fd,client_e629fa6598,0.41378632928330467,medium,one of the older pages in the set,0
content_ec4fec4dc5f6,client_e629fa6598,0.41378632928330467,medium,one of the older pages in the set,0
content_c32f1aeda114,client_e629fa6598,0.41378632928330467,medium,one of the older pages in the set,0
content_4368a8cc3092,client_e629fa6598,0.4137824187537575,medium,one of the older pages in the set,0
content_f40379d0da92,client_e629fa6598,0.4137698512342983,medium,one of the older pages in the set,0
content_a16d664f3f07,client_e629fa6598,0.41371744152784257,medium,one of the older pages in the set,0
content_30597609fcc6,client_e629fa6598,0.41370671573347073,medium,one of the older pages in the set,0
content_7280552cadf0,client_e629fa6598,0.41369831837778254,medium,one of the older pages in the set,0
content_9357e2dc8d36,client_e629fa6598,0.41361514924982823,medium,one of the older pages in the set,1
content_a610c1a64952,client_4e07408562,0.4135785942363803,medium,one of the older pages in the set,0
content_57a091adbcdf,client_e629fa6598,0.41355401273226206,medium,one of the older pages in the set,0
content_cf2d28cf95ec,client_e629fa6598,0.41354706591167006,medium,one of the older pages in the set,0
content_87d0b0fed1c1,client_e629fa6598,0.41353382965480917,medium,one of the older pages in the set,1
content_c57990e5d51b,client_e629fa6598,0.41347477925060927,medium,one of the older pages in the set,1
content_41d6ee667372,client_4e07408562,0.4134567066082715,medium,hasn't been refreshed in a while,0
content_84b504f830bf,client_4e07408562,0.41341629533967966,medium,one of the older pages in the set,0
content_2ee8ae59b9c6,client_4e07408562,0.41334683407591005,medium,one of the older pages in the set,1
content_d1c0e3569a3e,client_4e07408562,0.4132497941763493,medium,hasn't been refreshed in a while,1
content_1ba13a48ba44,client_4e07408562,0.4132398460980248,medium,hasn't been refreshed in a while,1
content_6238a88e9809,client_4e07408562,0.41323705689488327,medium,hasn't been refreshed in a while,0
content_ab58ad627e6b,client_4e07408562,0.41322005714920135,medium,one of the older pages in the set,1
content_3d4ba0dbe63a,client_4e07408562,0.4132187969393691,medium,one of the older pages in the set,1
content_a08f9daab49c,client_e629fa6598,0.41321478443746223,medium,one of the older pages in the set,0
content_695e73901409,client_e629fa6598,0.4132015210395191,medium,one of the older pages in the set,1
content_c3c0f999f8c1,client_e629fa6598,0.41316376709960173,medium,one of the older pages in the set,1
content_12772dadb083,client_e629fa6598,0.4130525687618295,medium,one of the older pages in the set,1
content_9abd76d902c3,client_4e07408562,0.41303285169718273,medium,hasn't been refreshed in a while,0
content_4ad3b273bba8,client_e629fa6598,0.41302321964633115,medium,one of the older pages in the set,1
content_a85c0ad3e6b2,client_e629fa6598,0.41302321964633115,medium,one of the older pages in the set,1
content_c7a9e08bd998,client_e629fa6598,0.4130043786291287,medium,one of the older pages in the set,0
content_0d59691515de,client_4e07408562,0.41298841111510826,medium,one of the older pages in the set,0
content_af6272afb0dc,client_e629fa6598,0.41298790978176864,medium,one of the older pages in the set,0
content_db6997105471,client_4e07408562,0.4129771176835187,medium,one of the older pages in the set,0
content_c19242097fe9,client_e629fa6598,0.41296753287551485,medium,one of the older pages in the set,0
content_db6479551754,client_4e07408562,0.4129657642822474,medium,one of the older pages in the set,1
content_080edd3dfdf9,client_4e07408562,0.41290461792487515,medium,hasn't been refreshed in a while,1
content_ee43ec7cc83b,client_4e07408562,0.41288416093845304,medium,one of the older pages in the set,0
content_8725d0090607,client_4e07408562,0.4128746262103821,medium,hasn't been refreshed in a while,0
content_f532f7dc798c,client_4e07408562,0.4128543987649749,medium,hasn't been refreshed in a while,1
content_54b554d74ecd,client_e629fa6598,0.4128420900746031,medium,one of the older pages in the set,1
content_12ef84e911f0,client_4e07408562,0.4127657244548272,medium,one of the older pages in the set,0
content_66d756692c55,client_e629fa6598,0.41275980711091553,medium,one of the older pages in the set,1
content_ab05043f1175,client_4e07408562,0.4126296273546847,medium,hasn't been refreshed in a while,0
content_566a83993169,client_4e07408562,0.4125935868686706,medium,hasn't been refreshed in a while,0
content_50aa667977a7,client_4e07408562,0.4125222010270733,medium,one of the older pages in the set,1
content_335a0d3403d5,client_4e07408562,0.4124647967170975,medium,one of the older pages in the set,0
content_5f33c103aa9f,client_e629fa6598,0.41244570945046993,medium,one of the older pages in the set,0
content_a7c0affbca5a,client_e629fa6598,0.41232479535631206,medium,one of the older pages in the set,1
content_3fd05ebd11f9,client_e629fa6598,0.41226069248392544,medium,one of the older pages in the set,0
content_72348d55e12c,client_e629fa6598,0.4122503444744091,medium,one of the older pages in the set,0
content_d34c82e5ddeb,client_4e07408562,0.41224424735863696,medium,hasn't been refreshed in a while,0
content_973ec83cacf8,client_4e07408562,0.4122396173742062,medium,one of the older pages in the set,1
content_167dac1b8e51,client_e629fa6598,0.41223946092022845,medium,one of the older pages in the set,1
content_cd2d7b379cbd,client_4e07408562,0.4122350458675981,medium,one of the older pages in the set,1
content_0c38972c44d6,client_4e07408562,0.41218993273665544,medium,one of the older pages in the set,1
content_e8ee489ad4fd,client_4e07408562,0.4121628435713439,medium,one of the older pages in the set,0
content_d8de98b4e1b9,client_4e07408562,0.41216015374351195,medium,one of the older pages in the set,1
content_fb7d625be26f,client_e629fa6598,0.4121273646850039,medium,one of the older pages in the set,0
content_779ecf1b4554,client_e629fa6598,0.41212648253856443,medium,one of the older pages in the set,1
content_ff0b9154b156,client_e629fa6598,0.41208731669866683,medium,one of the older pages in the set,1
content_44a91994cce7,client_4e07408562,0.4120157407785123,medium,one of the older pages in the set,1
content_a9ca10b9f6d8,client_4e07408562,0.41199810105256296,medium,one of the older pages in the set,1
content_c82a63988e25,client_4e07408562,0.4119677601338851,medium,targets a highly competitive keyword,1
content_d03e59748526,client_4e07408562,0.41188633314730855,medium,one of the older pages in the set,1
content_a0ccf4e371fd,client_4e07408562,0.41182347949411385,medium,targets a highly competitive keyword,0
content_dbde13469422,client_e629fa6598,0.4117832259419634,medium,one of the older pages in the set,1
content_8409c4fc0ce6,client_e629fa6598,0.4117359327816656,medium,one of the older pages in the set,1
content_5498901f83fb,client_4e07408562,0.41170536779731826,medium,one of the older pages in the set,1
content_81a91fe32bc2,client_e629fa6598,0.41166206962115764,medium,one of the older pages in the set,0
content_fe90912d614c,client_4e07408562,0.41165326315014766,medium,hasn't been refreshed in a while,0
content_27b5f3558e46,client_4e07408562,0.4116172702968963,medium,one of the older pages in the set,0
content_73c2db014054,client_e629fa6598,0.41153359569720865,medium,one of the older pages in the set,1
content_8ab9f1033843,client_e629fa6598,0.4115331780911822,medium,one of the older pages in the set,1
content_4d4aec31d213,client_4e07408562,0.4115184597531436,medium,hasn't been refreshed in a while,0
content_79aa5aa9e4a7,client_4e07408562,0.41147845031455366,medium,targets a highly competitive keyword,0
content_c94b98f60924,client_4e07408562,0.41146100802721264,medium,one of the older pages in the set,1
content_fdc8df9bd949,client_e629fa6598,0.41145120658163176,medium,one of the older pages in the set,1
content_f39d455f5d38,client_4e07408562,0.41144834159127597,medium,one of the older pages in the set,1
content_9efd1fabf7d5,client_4e07408562,0.41143171626564357,medium,one of the older pages in the set,1
content_ba144a526cbb,client_4e07408562,0.4114052503202199,medium,one of the older pages in the set,0
content_405c5da29913,client_e629fa6598,0.41138601465940755,medium,one of the older pages in the set,1
content_377ac4e989ab,client_4e07408562,0.4113443489471463,medium,one of the older pages in the set,1
content_ae191220c6c4,client_e629fa6598,0.41133528112521994,medium,one of the older pages in the set,1
content_cea90c1d2627,client_4e07408562,0.4112535851110234,medium,one of the older pages in the set,1
content_5ef5a39eade1,client_e629fa6598,0.4111492752398696,medium,one of the older pages in the set,0
content_bd2d3b02b1cc,client_4e07408562,0.41111332278165846,medium,hasn't been refreshed in a while,0
content_714b0fd9ee80,client_e629fa6598,0.41107456732904074,medium,one of the older pages in the set,0
content_8f1771536bb6,client_e629fa6598,0.4110182845905854,medium,one of the older pages in the set,0
content_7ec48009a9f2,client_e629fa6598,0.41098986439790336,medium,one of the older pages in the set,0
content_fb040daf088c,client_e629fa6598,0.4109514283428368,medium,one of the older pages in the set,1
content_2578a8e79f67,client_e629fa6598,0.4109435940843017,medium,one of the older pages in the set,0
content_594b6127b732,client_4e07408562,0.410928491192872,medium,hasn't been refreshed in a while,1
content_d8bed4cdd252,client_4e07408562,0.4109128062558078,medium,one of the older pages in the set,1
content_0663ba1a1822,client_4e07408562,0.4108913238082885,medium,one of the older pages in the set,1
content_1aae7c2983fc,client_4e07408562,0.41079392888771615,medium,hasn't been refreshed in a while,1
content_93e94f1ff1f5,client_4e07408562,0.41076840488280597,medium,hasn't been refreshed in a while,0
content_372fff4bfabc,client_e629fa6598,0.4107603595774525,medium,one of the older pages in the set,1
content_6f56be29dcf1,client_4e07408562,0.41057457222438387,medium,one of the older pages in the set,1
content_a2a9d1ffeca3,client_e629fa6598,0.410561813107487,medium,one of the older pages in the set,1
content_d2addcc965fe,client_4e07408562,0.4105474475283266,medium,one of the older pages in the set,0
content_a96c35cc20d2,client_4e07408562,0.4105275813402768,medium,one of the older pages in the set,1
content_5aec55001b8d,client_4e07408562,0.41051509104257694,medium,one of the older pages in the set,0
content_0f1399caa1ae,client_e629fa6598,0.4104958567423044,medium,one of the older pages in the set,0
content_2a2cfff3f8ec,client_e629fa6598,0.41033553720413524,medium,one of the older pages in the set,1
content_333c51fff258,client_e629fa6598,0.41029716254407567,medium,one of the older pages in the set,1
content_5cadc087c21a,client_4e07408562,0.41028483989724107,medium,one of the older pages in the set,1
content_7fae34a037fa,client_e629fa6598,0.41027835896176434,medium,one of the older pages in the set,1
content_868305952b99,client_4e07408562,0.4102676811605573,medium,hasn't been refreshed in a while,0
content_c567607d2989,client_4e07408562,0.410235226846213,medium,one of the older pages in the set,0
content_b8ce248b3e6b,client_e629fa6598,0.4102180493720638,medium,one of the older pages in the set,1
content_ca6bab292ff3,client_e629fa6598,0.41021331512850795,medium,one of the older pages in the set,0
content_70f7d5f74c93,client_e629fa6598,0.41020078015762335,medium,one of the older pages in the set,0
content_d1dd4dd758df,client_e629fa6598,0.4102000135252941,medium,one of the older pages in the set,1
content_390797e1f0b8,client_4e07408562,0.41018674222644314,medium,one of the older pages in the set,0
content_27ff53b220e1,client_e629fa6598,0.4101851116080434,medium,one of the older pages in the set,1
content_dfd3e6b03229,client_e629fa6598,0.4101819779199999,medium,one of the older pages in the set,1
content_ae0ac41bae69,client_e629fa6598,0.41017257689961845,medium,one of the older pages in the set,0
content_b324070623ea,client_e629fa6598,0.4101694432407418,medium,one of the older pages in the set,0
content_6337238cac67,client_e629fa6598,0.4101663095891575,medium,one of the older pages in the set,0
content_e2919cabceaf,client_e629fa6598,0.4101663095891575,medium,one of the older pages in the set,0
content_c9a229ebf8b6,client_e629fa6598,0.4101663095891575,medium,one of the older pages in the set,0
content_e823461bc006,client_e629fa6598,0.4101663095891575,medium,one of the older pages in the set,0
content_4bf46541f98a,client_e629fa6598,0.4101663095891575,medium,one of the older pages in the set,0
content_ea30d6a7603d,client_4e07408562,0.4101636253495588,medium,hasn't been refreshed in a while,1
content_cb5032bdf834,client_4e07408562,0.41015472617121346,medium,one of the older pages in the set,1
content_d43d8a031654,client_e629fa6598,0.4101498748368419,medium,one of the older pages in the set,0
content_ac5d499580e0,client_e629fa6598,0.4101498748368419,medium,one of the older pages in the set,0
content_47d671a76316,client_e629fa6598,0.4101498748368419,medium,one of the older pages in the set,0
content_2cde073b39dd,client_4e07408562,0.41011917385834723,medium,one of the older pages in the set,1
content_136040f6cced,client_4e07408562,0.41009249856740454,medium,one of the older pages in the set,0
content_5588ef6ef806,client_4e07408562,0.41007012996175224,medium,one of the older pages in the set,1
content_d75f26099a8e,client_4e07408562,0.410009316853977,medium,hasn't been refreshed in a while,0
content_865f992b7cbc,client_e629fa6598,0.41000735966537843,medium,one of the older pages in the set,0
content_c2bebd7cefa3,client_4e07408562,0.4099327193122508,medium,one of the older pages in the set,1
content_5b2b722628c2,client_4e07408562,0.4098838989291776,medium,one of the older pages in the set,0
content_3171371a75e6,client_4e07408562,0.40987148325852363,medium,one of the older pages in the set,1
content_d9878c9ba883,client_4e07408562,0.40982079687917694,medium,one of the older pages in the set,0
content_a145d3a84a67,client_e629fa6598,0.4096874206325821,medium,one of the older pages in the set,0
content_131749bcd0b8,client_4e07408562,0.4096456577987026,medium,hasn't been refreshed in a while,1
content_e3bbf88db1f4,client_e629fa6598,0.40961743132086137,medium,one of the older pages in the set,1
content_0f65cba03e13,client_e629fa6598,0.4095485210287917,medium,one of the older pages in the set,1
content_9c77e9b370cd,client_4e07408562,0.40946355042571814,medium,one of the older pages in the set,0
content_b3658670d2a5,client_4e07408562,0.4094618284154311,medium,one of the older pages in the set,0
content_522b34ee8408,client_e629fa6598,0.40945243054382335,medium,one of the older pages in the set,0
content_b870531044a5,client_e629fa6598,0.40943026872089794,medium,one of the older pages in the set,1
content_a92ba56cc6d7,client_e629fa6598,0.4094271367965505,medium,one of the older pages in the set,1
content_7ab556c9e0dc,client_e629fa6598,0.40941147728504557,medium,one of the older pages in the set,0
content_f305ff772dd8,client_e629fa6598,0.40940834540479276,medium,one of the older pages in the set,1
content_1243ed56b082,client_e629fa6598,0.40939581795728314,medium,one of the older pages in the set,1
content_2d67f23c1a48,client_e629fa6598,0.4093926861137824,medium,one of the older pages in the set,0
content_42afdf7f7cd3,client_e629fa6598,0.4093926861137824,medium,one of the older pages in the set,0
content_b82b922267e2,client_e629fa6598,0.40938955427763274,medium,one of the older pages in the set,0
content_b67a895188bd,client_e629fa6598,0.40938955427763274,medium,one of the older pages in the set,1
content_da5332bad4a0,client_e629fa6598,0.40938642244883444,medium,one of the older pages in the set,0
content_c2d256c891ad,client_e629fa6598,0.40938642244883444,medium,one of the older pages in the set,0
content_adb76cf9c286,client_e629fa6598,0.4093839755226935,medium,one of the older pages in the set,1
content_6cfa6887870d,client_e629fa6598,0.4093699972573402,medium,one of the older pages in the set,0
content_c103df72e15c,client_4e07408562,0.40933275965837324,medium,one of the older pages in the set,0
content_8ee3d6eae306,client_4e07408562,0.4093053213890609,medium,one of the older pages in the set,1
content_805c94a358c1,client_4e07408562,0.40923904466769034,medium,one of the older pages in the set,1
content_9be26bd0feb2,client_e629fa6598,0.4092035174021672,medium,one of the older pages in the set,1
content_2f302204c451,client_4e07408562,0.40917329707713374,medium,one of the older pages in the set,1
content_1593a32a7527,client_4e07408562,0.4091328789669802,medium,one of the older pages in the set,0
content_d4038d81b261,client_4e07408562,0.4091194375568589,medium,one of the older pages in the set,0
content_9ff0419d067b,client_4e07408562,0.4090827716923435,medium,one of the older pages in the set,0
content_35548a435e63,client_4e07408562,0.409053069194543,medium,one of the older pages in the set,0
content_55f5054a6267,client_4e07408562,0.4090324727273907,medium,one of the older pages in the set,0
content_f23784f17468,client_4e07408562,0.4090264808492754,medium,one of the older pages in the set,0
content_a1207db565d9,client_4e07408562,0.40902214483237176,medium,hasn't been refreshed in a while,1
content_c69f0baaa1af,client_4e07408562,0.40901593714030826,medium,one of the older pages in the set,0
content_cd145ae2eb8c,client_4e07408562,0.40897230839964943,medium,one of the older pages in the set,1
content_ee6f9dbdaf4a,client_e629fa6598,0.4089509082485428,medium,one of the older pages in the set,0
content_896b4b3c39f7,client_4e07408562,0.40893035515108644,medium,one of the older pages in the set,0
content_b485252b8e39,client_e629fa6598,0.408894259753545,medium,one of the older pages in the set,0
content_1d2db6db4635,client_4e07408562,0.408881263693191,medium,one of the older pages in the set,1
content_a169d1caf094,client_4e07408562,0.4088479716391306,medium,one of the older pages in the set,1
content_f2ac0b4ca7b0,client_4e07408562,0.4087674399380734,medium,one of the older pages in the set,0
content_600405887c39,client_4e07408562,0.40873486309041535,medium,one of the older pages in the set,0
content_de17f2965799,client_e629fa6598,0.40869186962453996,medium,one of the older pages in the set,1
content_df4f42762389,client_e629fa6598,0.40860699092154473,medium,one of the older pages in the set,0
content_ba5aae545945,client_4e07408562,0.40859585153123035,medium,targets a highly competitive keyword,0
content_6a2383b4296f,client_4e07408562,0.4085565147534489,medium,one of the older pages in the set,1
content_bfeb4fe71a02,client_4e07408562,0.40854756710793216,medium,one of the older pages in the set,0
content_383f7fffd99f,client_e629fa6598,0.4085072638131444,medium,one of the older pages in the set,1
content_a21177bddb8e,client_4e07408562,0.4084307270106576,medium,one of the older pages in the set,0
content_f8b957de1e87,client_e629fa6598,0.40840950664217207,medium,one of the older pages in the set,0
content_631e03a2972a,client_4e07408562,0.4083737378432406,medium,hasn't been refreshed in a while,0
content_8acc02dd9cad,client_4e07408562,0.4083471872504142,medium,one of the older pages in the set,1
content_222a0181afee,client_e629fa6598,0.4083269318689066,medium,one of the older pages in the set,1
content_b27ba7818938,client_4e07408562,0.4082781370783513,medium,hasn't been refreshed in a while,1
content_13cfec0b5b2f,client_4e07408562,0.4082305656468908,medium,hasn't been refreshed in a while,1
content_6a511f8aa90a,client_4e07408562,0.4081309213988193,medium,hasn't been refreshed in a while,0
content_61cec6179092,client_4e07408562,0.4080091889012466,medium,one of the older pages in the set,0
content_5e4f1761806f,client_4e07408562,0.4080074538499854,medium,one of the older pages in the set,0
content_45b120bb0885,client_4e07408562,0.40789044648125194,medium,one of the older pages in the set,0
content_3267ef2a83a7,client_4e07408562,0.40787578950607223,medium,one of the older pages in the set,1
content_ffd5fbf07853,client_4e07408562,0.40787386984619056,medium,hasn't been refreshed in a while,0
content_297ffbe239f4,client_4e07408562,0.4078519078196457,medium,one of the older pages in the set,1
content_fb937217a0d0,client_4e07408562,0.4078111488365041,medium,one of the older pages in the set,1
content_97edd9d31897,client_4e07408562,0.4077896677502731,medium,one of the older pages in the set,1
content_b40c9f8c3e06,client_e629fa6598,0.40774148549908285,medium,one of the older pages in the set,0
content_7d45fa163356,client_e629fa6598,0.40769542113109375,medium,one of the older pages in the set,0
content_d9a643e38a0f,client_4e07408562,0.4076926403024138,medium,one of the older pages in the set,0
content_1f37eb0c4230,client_e629fa6598,0.40764401779113235,medium,one of the older pages in the set,1
content_d0ab3354a660,client_4e07408562,0.40762298982322304,medium,one of the older pages in the set,1
content_a30a53f72561,client_4e07408562,0.40760837079103196,medium,one of the older pages in the set,0
content_ef5839d610a3,client_4e07408562,0.4075703225995295,medium,one of the older pages in the set,1
content_a9063a28c8ea,client_e629fa6598,0.4075558846255309,medium,one of the older pages in the set,0
content_023735e65055,client_4e07408562,0.40754773635895186,medium,one of the older pages in the set,1
content_a5b06020eb2e,client_4e07408562,0.4075398627232673,medium,one of the older pages in the set,0
content_e32ec994d05a,client_4e07408562,0.4075091722265426,medium,hasn't been refreshed in a while,1
content_dc67ab936666,client_e629fa6598,0.4075003097589579,medium,one of the older pages in the set,1
content_8f496feec94e,client_4e07408562,0.40739878941324376,medium,one of the older pages in the set,0
content_65f5983ec5f7,client_4e07408562,0.40739024160631737,medium,hasn't been refreshed in a while,1
content_15b1464743fc,client_4e07408562,0.4073799550695016,medium,hasn't been refreshed in a while,0
content_cd6fdaf35403,client_4e07408562,0.40734175240092,medium,one of the older pages in the set,1
content_08f887455134,client_4e07408562,0.4073307824232041,medium,one of the older pages in the set,1
content_0a4e3e70597a,client_4e07408562,0.4072972547885795,medium,one of the older pages in the set,1
content_88ae1c300a05,client_4e07408562,0.4070031335719221,medium,one of the older pages in the set,1
content_cbea784c5084,client_4e07408562,0.4069966014978034,medium,hasn't been refreshed in a while,1
content_4ead9ab22a4a,client_4e07408562,0.40698598472447745,medium,hasn't been refreshed in a while,1
content_d9b22972eaae,client_4e07408562,0.4069768763771974,medium,one of the older pages in the set,1
content_6ef6a4c45ebe,client_4e07408562,0.4067563869892087,medium,one of the older pages in the set,0
content_b3733b63fe1d,client_4e07408562,0.40675396761595334,medium,one of the older pages in the set,0
content_a688fd01341d,client_e629fa6598,0.406728524879432,medium,one of the older pages in the set,1
content_52a5b8e806e0,client_4e07408562,0.406630354617696,medium,one of the older pages in the set,0
content_f8a2a1141001,client_4e07408562,0.4066227914295577,medium,one of the older pages in the set,0
content_0c65039d6b86,client_4e07408562,0.406605096011694,medium,hasn't been refreshed in a while,1
content_09a6b180e35c,client_e629fa6598,0.40656085579069007,medium,hasn't been refreshed in a while,1
content_ace104f58973,client_4e07408562,0.40653616547528665,medium,one of the older pages in the set,0
content_46b360d48f83,client_4e07408562,0.40652817305344074,medium,one of the older pages in the set,0
content_c31e589ace36,client_4e07408562,0.40638298626103453,medium,one of the older pages in the set,1
content_4ebbca3ca29a,client_4e07408562,0.40631080873798975,medium,one of the older pages in the set,0
content_9369f0b2380b,client_e629fa6598,0.40630951974346347,medium,one of the older pages in the set,1
content_354948ef61d1,client_4e07408562,0.4062857924889505,medium,one of the older pages in the set,0
content_4994e9cab745,client_e629fa6598,0.4061290497972966,medium,one of the older pages in the set,0
content_a818957b3a1f,client_4e07408562,0.4061289481580994,medium,one of the older pages in the set,0
content_5401533af67f,client_e629fa6598,0.4061059027084536,medium,one of the older pages in the set,0
content_dbaec841d4cf,client_4e07408562,0.40609227001318815,medium,hasn't been refreshed in a while,0
content_b9e11a38fd49,client_4e07408562,0.40607684992034,medium,targets a highly competitive keyword,0
content_468aa3110cc6,client_4e07408562,0.406074780170313,medium,one of the older pages in the set,0
content_73ac7b16944a,client_e629fa6598,0.4060671219211325,medium,one of the older pages in the set,0
content_15727c386643,client_4e07408562,0.4060568309883537,medium,one of the older pages in the set,1
content_e70a396cdf3e,client_4e07408562,0.40601628260704636,medium,one of the older pages in the set,0
content_dd94b99988db,client_e629fa6598,0.4059939149885862,medium,one of the older pages in the set,0
content_f9f6d07ef81e,client_4e07408562,0.40598205468856385,medium,one of the older pages in the set,0
content_8eb23fb822ff,client_4e07408562,0.40587017843299394,medium,one of the older pages in the set,0
content_5ad0e75a5119,client_4e07408562,0.4058601262463883,medium,one of the older pages in the set,0
content_6e869b058fe7,client_e629fa6598,0.40582652927357193,medium,one of the older pages in the set,0
content_b52441bdc93f,client_e629fa6598,0.40581985266596937,medium,one of the older pages in the set,1
content_f58b02bde09e,client_e629fa6598,0.4057288285601721,medium,one of the older pages in the set,1
content_cb366b057a5d,client_4e07408562,0.40571164527709824,medium,one of the older pages in the set,1
content_458038cfbf7c,client_4e07408562,0.40570706929438216,medium,hasn't been refreshed in a while,1
content_dda106a2f4e9,client_4e07408562,0.4056701872225914,medium,one of the older pages in the set,0
content_8cffa6e45ec3,client_e629fa6598,0.40566476987023936,medium,one of the older pages in the set,0
content_6da3125ed2a5,client_4e07408562,0.4056354581106152,medium,one of the older pages in the set,0
content_0ce4ee2846e7,client_4e07408562,0.40562353027994746,medium,targets a highly competitive keyword,1
content_afbc1b8a8342,client_4e07408562,0.40559189451946903,medium,hasn't been refreshed in a while,1
content_a5a5392242a4,client_4e07408562,0.40559043639410663,medium,hasn't been refreshed in a while,1
content_f723386d3487,client_4e07408562,0.40553715273570323,medium,one of the older pages in the set,1
content_4ef8621d34cd,client_e629fa6598,0.4055245285588313,medium,one of the older pages in the set,1
content_0f7afb8f94e5,client_4e07408562,0.40548212967063096,medium,one of the older pages in the set,0
content_08951d3e71ad,client_4e07408562,0.4053774475760332,medium,one of the older pages in the set,0
content_b32d3698d69c,client_4e07408562,0.40535417091813164,medium,hasn't been refreshed in a while,1
content_01f41d718fd7,client_4e07408562,0.4053427974257002,medium,hasn't been refreshed in a while,1
content_ea9db7a9f75b,client_4e07408562,0.40532733915739916,medium,one of the older pages in the set,1
content_8c6ecdbc57d8,client_4e07408562,0.4053131517231305,medium,hasn't been refreshed in a while,1
content_1fc08ac27f1a,client_4e07408562,0.4053051602912581,medium,hasn't been refreshed in a while,1
content_8f9d4e7f20ec,client_4e07408562,0.4052797636350081,medium,hasn't been refreshed in a while,0
content_d25eec6fab2b,client_e629fa6598,0.40521657248588633,medium,one of the older pages in the set,0
content_b45cc3f5b6b6,client_4e07408562,0.40518605217490167,medium,one of the older pages in the set,1
content_dce9528e18b1,client_4e07408562,0.4051844468562818,medium,one of the older pages in the set,1
content_4a2d50e15535,client_4e07408562,0.405174193773183,medium,one of the older pages in the set,1
content_0bd50f97af71,client_e629fa6598,0.405103716871606,medium,one of the older pages in the set,0
content_f83c602379ea,client_e629fa6598,0.40509363692561057,medium,one of the older pages in the set,1
content_afc1690a3312,client_4e07408562,0.404967829292103,medium,one of the older pages in the set,0
content_0ac51e0dae75,client_4e07408562,0.40491494835032815,medium,one of the older pages in the set,0
content_f8c66e2fcefd,client_4e07408562,0.4049141240027551,medium,one of the older pages in the set,0
content_920a46c32b74,client_4e07408562,0.4048046442086438,medium,one of the older pages in the set,0
content_ca363f32d934,client_4e07408562,0.40478676927672436,medium,hasn't been refreshed in a while,0
content_a9b8345dc366,client_4e07408562,0.40472033612020153,medium,hasn't been refreshed in a while,1
content_adaec15ef2e5,client_4e07408562,0.4047161151731001,medium,hasn't been refreshed in a while,1
content_c4fc2f43eaa0,client_4e07408562,0.40470383186147507,medium,one of the older pages in the set,1
content_36d97c9bb0d4,client_e629fa6598,0.4047013456728651,medium,one of the older pages in the set,1
content_ffc060f09c4c,client_4e07408562,0.4046950960033795,medium,hasn't been refreshed in a while,1
content_a058442fa0f6,client_4e07408562,0.4046754561500157,medium,one of the older pages in the set,0
content_d54f809b260c,client_4e07408562,0.4046592136737916,medium,one of the older pages in the set,0
content_1346eb73396d,client_4e07408562,0.404658775339626,medium,one of the older pages in the set,1
content_b8a7d1626856,client_4e07408562,0.40465626085263895,medium,hasn't been refreshed in a while,1
content_ad25fc1532c8,client_4e07408562,0.4045880852696123,medium,one of the older pages in the set,0
content_3855328dee7a,client_4e07408562,0.40455651888341954,medium,one of the older pages in the set,0
content_cfef59c5d8c2,client_4e07408562,0.4045528303570782,medium,hasn't been refreshed in a while,0
content_78434abcbc10,client_4e07408562,0.4045200195200456,medium,one of the older pages in the set,1
content_e69538673155,client_4e07408562,0.4044929351110013,medium,one of the older pages in the set,1
content_c88df307576d,client_4e07408562,0.4044760040444724,medium,one of the older pages in the set,0
content_4ee813262a51,client_4e07408562,0.40431774261841186,medium,one of the older pages in the set,0
content_fe38dbdb4508,client_4e07408562,0.4042566187539879,medium,hasn't been refreshed in a while,1
content_edb580f0a76f,client_4e07408562,0.40420454564224917,medium,hasn't been refreshed in a while,0
content_f13ff1dd6aa4,client_4e07408562,0.4041094006603998,medium,hasn't been refreshed in a while,1
content_9669cd41358f,client_4e07408562,0.4040406308720307,medium,one of the older pages in the set,0
content_5450f0a658b5,client_4e07408562,0.40399580580063277,medium,one of the older pages in the set,0
content_b996521be9c9,client_4e07408562,0.4039789696669334,medium,one of the older pages in the set,0
content_0f9305fb9daa,client_4e07408562,0.4039108296307798,medium,one of the older pages in the set,1
content_c3e11dbcf1ad,client_4e07408562,0.40387576074940845,medium,hasn't been refreshed in a while,1
content_01375f53651c,client_4e07408562,0.40379326728852666,medium,one of the older pages in the set,0
content_90e855751509,client_4e07408562,0.40366476748626756,medium,one of the older pages in the set,1
content_7ca01a22d3f9,client_4e07408562,0.4036495418111189,medium,one of the older pages in the set,1
content_3728726012a6,client_4e07408562,0.40347243497792207,medium,hasn't been refreshed in a while,1
content_29f3f30befe7,client_4e07408562,0.40342172875377946,medium,hasn't been refreshed in a while,0
content_b0547c48f8ee,client_4e07408562,0.4033946208804223,medium,hasn't been refreshed in a while,1
content_3b96c7da8a60,client_4e07408562,0.4033816254351242,medium,one of the older pages in the set,0
content_7f489ad8915c,client_4e07408562,0.4033507066308564,medium,one of the older pages in the set,0
content_f1c903c71329,client_4e07408562,0.403310119704552,medium,one of the older pages in the set,0
content_d4c2ea3c5f63,client_4e07408562,0.4032447986908605,medium,one of the older pages in the set,0
content_a37cded67cd7,client_e629fa6598,0.4031362196543336,medium,one of the older pages in the set,1
content_ea3aaf091973,client_4e07408562,0.40311308700310655,medium,one of the older pages in the set,1
content_39e99864636d,client_4e07408562,0.40295965112914356,medium,one of the older pages in the set,1
content_ed698cff1b49,client_4e07408562,0.40290160828124255,medium,hasn't been refreshed in a while,1
content_12e48d4b449d,client_8527a891e2,0.40282552041240693,medium,hasn't been refreshed in a while,1
content_67e912e3e2b5,client_4e07408562,0.40277950266588813,medium,one of the older pages in the set,0
content_c745b79afd66,client_4e07408562,0.4027697222542757,medium,one of the older pages in the set,1
content_5524fe000ffd,client_4e07408562,0.4026784216024567,medium,one of the older pages in the set,0
content_3d5952c5cf7e,client_4e07408562,0.4026089581188987,medium,hasn't been refreshed in a while,0
content_66849e29a8eb,client_4e07408562,0.4025781240473455,medium,one of the older pages in the set,0
content_dd93df6e704a,client_e629fa6598,0.40251995854308026,medium,one of the older pages in the set,0
content_fe6d650abc0d,client_4e07408562,0.4025194759488854,medium,one of the older pages in the set,1
content_01c129ed7519,client_4e07408562,0.40232097480522583,medium,one of the older pages in the set,0
content_06569aa7501b,client_e629fa6598,0.4023079953868229,medium,one of the older pages in the set,0
content_972356a4c7c6,client_4e07408562,0.4022477135298359,medium,one of the older pages in the set,0
content_fb420d1701ee,client_4e07408562,0.4022122165988757,medium,one of the older pages in the set,0
content_6d9eed144ee7,client_4e07408562,0.4022068218159405,medium,one of the older pages in the set,0
content_d96e16834162,client_4e07408562,0.4021769969742781,medium,one of the older pages in the set,0
content_2f3532702ecc,client_4e07408562,0.402093600722685,medium,one of the older pages in the set,1
content_9b3d7bfa7e2f,client_4e07408562,0.40199843771377547,medium,hasn't been refreshed in a while,1
content_1cac2e47c58f,client_4e07408562,0.40198034360700735,medium,one of the older pages in the set,1
content_3446a7e3222d,client_4e07408562,0.4019723239582875,medium,one of the older pages in the set,0
content_727a25d0f92f,client_4e07408562,0.40192917725952126,medium,one of the older pages in the set,1
content_b3a34837d536,client_e629fa6598,0.401922668631193,medium,hasn't been refreshed in a while,1
content_c59a181ee3c0,client_4e07408562,0.40188623293958836,medium,one of the older pages in the set,1
content_f1332ac40751,client_4e07408562,0.4018553708315273,medium,one of the older pages in the set,0
content_4a01d23dba2d,client_4e07408562,0.40185348591973385,medium,one of the older pages in the set,1
content_89c6d52042f5,client_4e07408562,0.4017647833803568,medium,one of the older pages in the set,0
content_f0e867fbba2d,client_4e07408562,0.4016781588610158,medium,one of the older pages in the set,0
content_4fe3714b9736,client_4e07408562,0.40165966341455633,medium,one of the older pages in the set,0
content_20ab9bcd058f,client_4e07408562,0.4016419872028944,medium,hasn't been refreshed in a while,0
content_d4cd013f21bb,client_4e07408562,0.401542784494656,medium,one of the older pages in the set,0
content_ce1f9e5f2424,client_4e07408562,0.4014678766442844,medium,one of the older pages in the set,1
content_ada5a4ef9650,client_4e07408562,0.4013768286677587,medium,hasn't been refreshed in a while,1
content_94d5e9cbd5d0,client_4e07408562,0.401348656016378,medium,hasn't been refreshed in a while,1
content_b74b7e3fcb62,client_4e07408562,0.40116544099381685,medium,one of the older pages in the set,1
content_788fed4cefcf,client_4e07408562,0.4011593141456752,medium,one of the older pages in the set,0
content_2783e25b0710,client_4e07408562,0.401130517100545,medium,one of the older pages in the set,1
content_abe429671051,client_e629fa6598,0.40107613380997154,medium,hasn't been refreshed in a while,0
content_8e75e642c497,client_4e07408562,0.40089969119155133,medium,one of the older pages in the set,0
content_82bd3b63e2f8,client_4e07408562,0.4008035318062575,medium,one of the older pages in the set,0
content_abe0ccdc1f64,client_4e07408562,0.40076133457677604,medium,one of the older pages in the set,1
content_b33ed571eded,client_4e07408562,0.4007149358424235,medium,one of the older pages in the set,0
content_8551d2e9f9ca,client_4e07408562,0.4006280362665127,medium,one of the older pages in the set,0
content_51295f0b7748,client_4e07408562,0.40057257972602645,medium,one of the older pages in the set,1
content_1277794b437d,client_4e07408562,0.40035114195644184,medium,one of the older pages in the set,1
content_3da8c7b2f0cd,client_4e07408562,0.400348190137425,medium,one of the older pages in the set,1
content_38e6ba2b2d9a,client_4e07408562,0.40030908304726814,medium,hasn't been refreshed in a while,0
content_7a24738c1004,client_4e07408562,0.4002932848090071,medium,one of the older pages in the set,1
content_6bf79d7d0a4f,client_4e07408562,0.400260180368135,medium,one of the older pages in the set,0
content_7d4761d607f7,client_e629fa6598,0.400216794771673,medium,one of the older pages in the set,1
content_63c0b75de1a2,client_e629fa6598,0.400151361532008,medium,one of the older pages in the set,1
content_afabddf1151c,client_4e07408562,0.40010295924454414,medium,hasn't been refreshed in a while,0
content_609bdf9d98cd,client_4e07408562,0.4000741982854056,medium,hasn't been refreshed in a while,1
content_d7238b16367e,client_4e07408562,0.4000257877573765,medium,one of the older pages in the set,0
content_a4b464f4de63,client_e629fa6598,0.39998132772504347,low,one of the older pages in the set,0
content_413796c28a95,client_4e07408562,0.39996362283011117,low,one of the older pages in the set,0
content_1ff006fc1ff9,client_4e07408562,0.3999442542667152,low,one of the older pages in the set,1
content_b9d209fe1deb,client_4e07408562,0.3997851572238508,low,hasn't been refreshed in a while,0
content_5a3d4457e7db,client_4e07408562,0.3997765512093464,low,one of the older pages in the set,1
content_a89bd32e72e6,client_4e07408562,0.39974689757170045,low,one of the older pages in the set,0
content_47dd9599d562,client_4e07408562,0.39974333543745016,low,one of the older pages in the set,1
content_32ea6aa8091a,client_4e07408562,0.39971008571734945,low,one of the older pages in the set,0
content_58144ba2f74e,client_4e07408562,0.3996904738243442,low,one of the older pages in the set,0
content_e25a5ef7ae33,client_4e07408562,0.39967333164662594,low,one of the older pages in the set,0
content_7a82fa0b634e,client_e629fa6598,0.3994920910534041,low,one of the older pages in the set,1
content_8f10833e3ef2,client_4e07408562,0.39943444766295905,low,one of the older pages in the set,1
content_ccc3299baa8a,client_4e07408562,0.3994320293144478,low,one of the older pages in the set,0
content_d0115e84f5e5,client_e629fa6598,0.3994248664397574,low,one of the older pages in the set,0
content_942399f999b7,client_4e07408562,0.39941891185830614,low,one of the older pages in the set,1
content_e965fefb4422,client_4e07408562,0.3994017484523387,low,one of the older pages in the set,0
content_1763888c1a5b,client_4e07408562,0.3993725039778174,low,one of the older pages in the set,0
content_a3b4f619337e,client_4e07408562,0.3993685343699435,low,one of the older pages in the set,0
content_d7e222df21c9,client_e629fa6598,0.39934750537825253,low,one of the older pages in the set,0
content_6ce5384eec9b,client_4e07408562,0.39932282151965437,low,hasn't been refreshed in a while,0
content_3504a42dccf2,client_4e07408562,0.3991661330301577,low,one of the older pages in the set,0
content_5b10564b32ea,client_4e07408562,0.39903122791831386,low,one of the older pages in the set,0
content_de2ac3a1cb77,client_e629fa6598,0.39889565124233706,low,one of the older pages in the set,0
content_7ac35f30c3aa,client_4e07408562,0.3988840617404633,low,one of the older pages in the set,0
content_c62b377fa3d3,client_4e07408562,0.39887525034147475,low,one of the older pages in the set,1
content_2e361a2a6982,client_e629fa6598,0.39885407182064797,low,one of the older pages in the set,0
content_e8389526d549,client_4e07408562,0.3987842007333991,low,hasn't been refreshed in a while,1
content_2fcff7dd0889,client_4e07408562,0.39865396787522966,low,one of the older pages in the set,0
content_65cd1264927a,client_4e07408562,0.3984655653719788,low,one of the older pages in the set,1
content_fbc59eee1017,client_e629fa6598,0.39838462445376294,low,one of the older pages in the set,1
content_dd2c71582793,client_4e07408562,0.3983489966881506,low,one of the older pages in the set,0
content_5cb13cf504a2,client_4e07408562,0.39834724878916905,low,hasn't been refreshed in a while,0
content_e40fb14ef126,client_4e07408562,0.3982702810265868,low,one of the older pages in the set,1
content_929aa622b6a0,client_4e07408562,0.398254468411889,low,one of the older pages in the set,0
content_6a0e55841e2e,client_4e07408562,0.39812987248307985,low,one of the older pages in the set,0
content_d30f062eab20,client_4e07408562,0.39812564868853,low,one of the older pages in the set,1
content_917fc1b11fe1,client_e629fa6598,0.3981129385441389,low,one of the older pages in the set,1
content_de3344df3971,client_e629fa6598,0.39807506131010845,low,one of the older pages in the set,1
content_d9f0773a5c22,client_4e07408562,0.3980750013563953,low,one of the older pages in the set,1
content_f3a6399711da,client_4e07408562,0.39798771005133005,low,one of the older pages in the set,0
content_52a55057b498,client_4e07408562,0.39791912139587904,low,one of the older pages in the set,1
content_9625b0d86d2d,client_4e07408562,0.3978916720627316,low,one of the older pages in the set,0
content_2c8956be0d58,client_4e07408562,0.39789042521193446,low,one of the older pages in the set,0
content_45797cfda857,client_4e07408562,0.3978643004564421,low,one of the older pages in the set,1
content_0b0e3eb23ba7,client_4e07408562,0.3977746748272445,low,hasn't been refreshed in a while,1
content_0969af623440,client_4e07408562,0.397715894184556,low,one of the older pages in the set,0
content_cb850da6bf12,client_4e07408562,0.39761155157913647,low,one of the older pages in the set,1
content_8399b3c2cd89,client_4e07408562,0.3975035676456402,low,hasn't been refreshed in a while,1
content_bdf67436ad54,client_4e07408562,0.3974572725135441,low,one of the older pages in the set,1
content_213caf5cf556,client_4e07408562,0.39730516421904,low,one of the older pages in the set,0
content_61f1658abb27,client_4e07408562,0.39724325413526607,low,one of the older pages in the set,0
content_ac1bd950b003,client_4e07408562,0.3972243056159776,low,one of the older pages in the set,0
content_cc7d8d370b5d,client_4e07408562,0.39717180411466146,low,one of the older pages in the set,0
content_eda7ca2e850c,client_4e07408562,0.39708259096414245,low,one of the older pages in the set,0
content_8f4950b33cf7,client_4e07408562,0.39705648865839255,low,one of the older pages in the set,1
content_9748c5853fe6,client_e629fa6598,0.39690286678966574,low,one of the older pages in the set,1
content_f89165bffc09,client_4e07408562,0.3968838492696956,low,hasn't been refreshed in a while,1
content_a687cbf3417f,client_4e07408562,0.39687009905733567,low,hasn't been refreshed in a while,1
content_4b70c9928c35,client_4e07408562,0.3968540395359448,low,one of the older pages in the set,1
content_28789a01958b,client_4e07408562,0.3968407790540486,low,one of the older pages in the set,1
content_315ef9b31f21,client_4e07408562,0.3967717849413391,low,one of the older pages in the set,1
content_e68adee72e4d,client_4e07408562,0.39676601709078746,low,one of the older pages in the set,0
content_cf358d1c9b18,client_4e07408562,0.39671632079551106,low,one of the older pages in the set,0
content_594333a314f6,client_4e07408562,0.3966502401537485,low,one of the older pages in the set,1
content_6659c30f0631,client_4e07408562,0.39664451739298395,low,one of the older pages in the set,1
content_31b1a77e5fd5,client_e629fa6598,0.3966295433220296,low,one of the older pages in the set,0
content_7dd047c5c133,client_4e07408562,0.3966213379253664,low,hasn't been refreshed in a while,1
content_2e4ffcb63e54,client_e629fa6598,0.3964729545950845,low,one of the older pages in the set,0
content_85417ff765d1,client_e629fa6598,0.3964378550453852,low,one of the older pages in the set,0
content_dde90787c795,client_4e07408562,0.3963164057985513,low,one of the older pages in the set,0
content_ffaa01d849f7,client_4e07408562,0.39631356253817973,low,hasn't been refreshed in a while,1
content_37af3f678ecf,client_4e07408562,0.3963023065813039,low,one of the older pages in the set,1
content_5f72fd7c6698,client_4e07408562,0.3962810570760672,low,one of the older pages in the set,0
content_8b29757eee97,client_4e07408562,0.39626024832290174,low,one of the older pages in the set,0
content_1fc0d3390fc0,client_4e07408562,0.39623633160296434,low,one of the older pages in the set,1
content_59320b07d510,client_4e07408562,0.39617332574056424,low,one of the older pages in the set,0
content_fb1548cece22,client_4e07408562,0.39609924469228647,low,one of the older pages in the set,0
content_db4f5dd49b48,client_4e07408562,0.39608245788095836,low,one of the older pages in the set,0
content_048f3a500f56,client_4e07408562,0.39605648705462365,low,one of the older pages in the set,1
content_ab86fe44dea1,client_4e07408562,0.39604487613843786,low,one of the older pages in the set,1
content_46ece05546fb,client_4e07408562,0.39603252027505653,low,one of the older pages in the set,1
content_be5220c4102d,client_4e07408562,0.39586509776744555,low,one of the older pages in the set,1
content_75b513a6aaba,client_e629fa6598,0.39560964267254206,low,one of the older pages in the set,1
content_de365ef3ab06,client_4e07408562,0.3955833989492991,low,one of the older pages in the set,1
content_864e30ed8784,client_4e07408562,0.3955447985393409,low,one of the older pages in the set,1
content_cb667ee0948e,client_e629fa6598,0.3954872044090411,low,one of the older pages in the set,0
content_5e534a835454,client_4e07408562,0.39546687370462613,low,hasn't been refreshed in a while,1
content_5f68880b2920,client_e629fa6598,0.39536705591749316,low,one of the older pages in the set,1
content_28742531f88c,client_4e07408562,0.3952289171018253,low,one of the older pages in the set,1
content_5c760dfcec68,client_4e07408562,0.3951844872350572,low,one of the older pages in the set,1
content_b433416426f6,client_e629fa6598,0.3950820904156305,low,one of the older pages in the set,1
content_2e3ed35f801f,client_4e07408562,0.39504513399450436,low,one of the older pages in the set,0
content_024dc43acfa4,client_e629fa6598,0.3949461610404589,low,one of the older pages in the set,0
content_e104765c585e,client_e629fa6598,0.39483352497111596,low,one of the older pages in the set,0
content_463d176942da,client_4e07408562,0.3947382357298436,low,hasn't been refreshed in a while,1
content_5c9c124097bc,client_4e07408562,0.39473561378115546,low,one of the older pages in the set,1
content_95e06f0741c4,client_4e07408562,0.3947353105191608,low,one of the older pages in the set,1
content_889c1b421608,client_e629fa6598,0.394706409349622,low,one of the older pages in the set,1
content_66c2d265640d,client_4e07408562,0.394665241331562,low,one of the older pages in the set,0
content_5bf77ae1f2bf,client_4e07408562,0.3946498977012952,low,one of the older pages in the set,0
content_72096fc4ecce,client_e629fa6598,0.3946363262079609,low,one of the older pages in the set,0
content_9c30538ef131,client_4e07408562,0.39460508844986414,low,one of the older pages in the set,0
content_41480cbe54b2,client_4e07408562,0.3945933452967785,low,hasn't been refreshed in a while,1
content_d55f9f377e5f,client_4e07408562,0.39457401118038116,low,one of the older pages in the set,0
content_36ded68e6bf1,client_4e07408562,0.3944810968452822,low,hasn't been refreshed in a while,1
content_9983d31c53cb,client_4e07408562,0.39439399821650667,low,hasn't been refreshed in a while,1
content_88ca90719c48,client_4e07408562,0.39425493656126764,low,one of the older pages in the set,0
content_7e7d333c0af0,client_4e07408562,0.3942207267984676,low,one of the older pages in the set,0
content_e38fa75ec230,client_4e07408562,0.3942068175919506,low,one of the older pages in the set,0
content_3d2aceccb708,client_4e07408562,0.3939349496406527,low,hasn't been refreshed in a while,0
content_8a8b6089b6da,client_4e07408562,0.3938460065105537,low,one of the older pages in the set,1
content_5e1febd65aa2,client_4e07408562,0.39382499142036304,low,one of the older pages in the set,1
content_4256c8b36a67,client_e629fa6598,0.39377124254396884,low,one of the older pages in the set,0
content_d8836aa281d0,client_4e07408562,0.3937234686209365,low,one of the older pages in the set,1
content_b93156c46bd9,client_4e07408562,0.3937098377271502,low,one of the older pages in the set,1
content_50296511d72f,client_e629fa6598,0.39370437799680175,low,one of the older pages in the set,1
content_c6a2b6495f55,client_4e07408562,0.3936733774379786,low,one of the older pages in the set,0
content_318aee3fed8c,client_4e07408562,0.39363385494867625,low,one of the older pages in the set,1
content_ea717c5db1ba,client_4e07408562,0.39357757482879435,low,hasn't been refreshed in a while,1
content_e5087c1ca2c9,client_e629fa6598,0.39351746556044526,low,one of the older pages in the set,1
content_165eddf73584,client_e629fa6598,0.3935056096841826,low,one of the older pages in the set,0
content_e2d9f7cf4cc9,client_4e07408562,0.3934946605997801,low,hasn't been refreshed in a while,1
content_f5475c3cab1c,client_4e07408562,0.3933720059931848,low,one of the older pages in the set,0
content_690b51acbaa9,client_4e07408562,0.39337017793704654,low,one of the older pages in the set,0
content_1bfca0e6bb66,client_4e07408562,0.39328786157534623,low,one of the older pages in the set,0
content_43871a4ea259,client_4e07408562,0.3930837465920322,low,one of the older pages in the set,1
content_3caffc05c7f0,client_4e07408562,0.3929378594688208,low,one of the older pages in the set,1
content_42bad293aa25,client_e629fa6598,0.39292408993843003,low,one of the older pages in the set,0
content_9173ca4982b5,client_4e07408562,0.39287000749162715,low,one of the older pages in the set,1
content_7d91b762b534,client_4e07408562,0.39279573485772357,low,one of the older pages in the set,0
content_bbe814c133ff,client_4e07408562,0.3927853610036613,low,one of the older pages in the set,0
content_04a7a1b7b5ec,client_4e07408562,0.3927329208509922,low,hasn't been refreshed in a while,0
content_d7826181fcfa,client_4e07408562,0.39267290486376805,low,one of the older pages in the set,0
content_6a312aed27fd,client_e629fa6598,0.39266469647640345,low,one of the older pages in the set,0
content_99fd29e602b6,client_e629fa6598,0.392638497844875,low,one of the older pages in the set,0
content_0b94cd5e95af,client_4e07408562,0.3926204638695825,low,one of the older pages in the set,1
content_dd55a66e608f,client_4e07408562,0.3926194128531271,low,targets a highly competitive keyword,0
content_c358125a167f,client_e629fa6598,0.39245641939846243,low,one of the older pages in the set,0
content_d6024d73c1c0,client_4e07408562,0.39236117852498925,low,one of the older pages in the set,0
content_b72b06434946,client_e629fa6598,0.39234603490781506,low,one of the older pages in the set,1
content_9b723fbd3669,client_4e07408562,0.39233129804267425,low,one of the older pages in the set,1
content_96403c0c9363,client_e629fa6598,0.39232009173020554,low,one of the older pages in the set,0
content_a00c249b224d,client_4e07408562,0.39226773626646744,low,one of the older pages in the set,1
content_26da1548ae16,client_4e07408562,0.3922086254013458,low,one of the older pages in the set,0
content_e20229ca23ea,client_4e07408562,0.39220795065289266,low,one of the older pages in the set,1
content_60b83f4c4dbd,client_e629fa6598,0.39215276019284806,low,hasn't been refreshed in a while,0
content_7a80a53817b0,client_e629fa6598,0.3919561521892304,low,one of the older pages in the set,1
content_a411cfe253c1,client_e629fa6598,0.3918983563232503,low,one of the older pages in the set,0
content_8dcf8c4b3e9a,client_e629fa6598,0.39182118871074206,low,one of the older pages in the set,1
content_339f96ee9de3,client_e629fa6598,0.3916730420523956,low,one of the older pages in the set,1
content_8f49713685cc,client_4e07408562,0.3916423693067123,low,one of the older pages in the set,0
content_a160323051fe,client_e629fa6598,0.3916113201658887,low,one of the older pages in the set,1
content_573ec61cc996,client_e629fa6598,0.39160823416253165,low,one of the older pages in the set,1
content_8bdf571e5d0e,client_e629fa6598,0.39160514816784,low,one of the older pages in the set,0
content_9b06c5850f00,client_e629fa6598,0.3916020621818137,low,one of the older pages in the set,0
content_645306b8cf3f,client_e629fa6598,0.3916020621818137,low,one of the older pages in the set,0
content_c0cd972151b9,client_e629fa6598,0.39158587744063533,low,one of the older pages in the set,0
content_1f4e85ca2f53,client_e629fa6598,0.39154673444981725,low,one of the older pages in the set,0
content_54d3d871d13e,client_4e07408562,0.39148524525571615,low,one of the older pages in the set,0
content_2cc463a59613,client_434c9b5ae5,0.39143254215845547,low,navigational intent content,0
content_46a4efea2592,client_4e07408562,0.39139423434724524,low,one of the older pages in the set,0
content_7ec8e8518ecf,client_e629fa6598,0.3913820997396456,low,one of the older pages in the set,1
content_809b50c43cad,client_4e07408562,0.39134604288153735,low,hasn't been refreshed in a while,0
content_bb53ef182899,client_4e07408562,0.39131264150211487,low,one of the older pages in the set,0
content_55351455d2bc,client_e629fa6598,0.3912990849397626,low,one of the older pages in the set,0
content_7b54202bac86,client_e629fa6598,0.3912601065718933,low,one of the older pages in the set,0
content_5af81363d22c,client_4e07408562,0.39121179825372243,low,one of the older pages in the set,0
content_53eff13437f9,client_e629fa6598,0.3912117352076441,low,one of the older pages in the set,0
content_df23b4bc766d,client_e629fa6598,0.3911764413622136,low,one of the older pages in the set,1
content_d9177ef7753c,client_4e07408562,0.3911690222365707,low,one of the older pages in the set,1
content_ff8ea1364b59,client_e629fa6598,0.3909111821068676,low,one of the older pages in the set,1
content_cb0a53b19f9e,client_e629fa6598,0.3909011515845538,low,one of the older pages in the set,0
content_fe707958b41a,client_e629fa6598,0.3908509489728774,low,one of the older pages in the set,0
content_00636cafb5a2,client_e629fa6598,0.3908433354364008,low,one of the older pages in the set,1
content_867d55623add,client_e629fa6598,0.3908402515971001,low,one of the older pages in the set,0
content_44f11d347adf,client_e629fa6598,0.3908402515971001,low,one of the older pages in the set,1
content_cec54301f09f,client_e629fa6598,0.39083408394466074,low,one of the older pages in the set,0
content_5fdeff6c4d42,client_e629fa6598,0.3908282417879644,low,one of the older pages in the set,0
content_97baf63cdb13,client_e629fa6598,0.39080590099160256,low,one of the older pages in the set,0
content_678f2f245257,client_4e07408562,0.3907699141513897,low,one of the older pages in the set,1
content_9be6f1d355a0,client_e629fa6598,0.3906564566543109,low,one of the older pages in the set,0
content_ba511b2a223a,client_e629fa6598,0.39064591144655947,low,one of the older pages in the set,0
content_5dcb5c533cad,client_e629fa6598,0.39053201629210493,low,one of the older pages in the set,0
content_9ba30bec775e,client_e629fa6598,0.3904557187579115,low,one of the older pages in the set,0
content_92877bcc7ded,client_e629fa6598,0.3904495976471791,low,one of the older pages in the set,0
content_16788821b64a,client_e629fa6598,0.39039334924350017,low,one of the older pages in the set,1
content_e51c7ac8f2a8,client_4e07408562,0.39036350120962454,low,hasn't been refreshed in a while,1
content_536191893098,client_e629fa6598,0.3903419701104869,low,hasn't been refreshed in a while,0
content_51e019b46a0f,client_e629fa6598,0.3902553833835052,low,hasn't been refreshed in a while,1
content_720f4b195ab8,client_e629fa6598,0.39021765705940487,low,one of the older pages in the set,1
content_e5481aa7df58,client_4e07408562,0.3901199376296317,low,one of the older pages in the set,0
content_283fb243c9b8,client_4e07408562,0.39009907035761776,low,one of the older pages in the set,0
content_cdb5fce0cfb1,client_e629fa6598,0.39008546142309947,low,one of the older pages in the set,1
content_4014e91c398f,client_4e07408562,0.38993395126950225,low,one of the older pages in the set,0
content_529faed5f67d,client_4e07408562,0.38990907576206174,low,one of the older pages in the set,0
content_bf54f1b66e17,client_4e07408562,0.38984001067521673,low,one of the older pages in the set,1
content_2913ed7d4c8d,client_4e07408562,0.3898302154971692,low,one of the older pages in the set,0
content_f6563999cf20,client_4e07408562,0.3897484912921292,low,one of the older pages in the set,1
content_dca9e5711bae,client_e629fa6598,0.3897327051826287,low,one of the older pages in the set,0
content_9d07d493fe5b,client_e629fa6598,0.3897249288295662,low,one of the older pages in the set,1
content_40dceebf439d,client_e629fa6598,0.38968214957602054,low,one of the older pages in the set,1
content_7d7be59d2100,client_4e07408562,0.38964440457722777,low,one of the older pages in the set,0
content_1b36cd795189,client_4e07408562,0.38962400687438015,low,one of the older pages in the set,1
content_0a38b4739f62,client_4e07408562,0.3896197954101968,low,one of the older pages in the set,0
content_5eb2f48aab0f,client_4e07408562,0.38960855216499374,low,hasn't been refreshed in a while,1
content_c90cac472cbc,client_e629fa6598,0.3895932758998378,low,one of the older pages in the set,0
content_9430301e2692,client_4e07408562,0.3895606148546266,low,one of the older pages in the set,0
content_cdc670392ad0,client_4e07408562,0.38955714751571585,low,one of the older pages in the set,1
content_2fa382a80d7c,client_4e07408562,0.3895485573731802,low,one of the older pages in the set,1
content_e03865e03821,client_4e07408562,0.38949669203212145,low,one of the older pages in the set,0
content_9b7db63b1e95,client_4e07408562,0.38941257591218414,low,one of the older pages in the set,1
content_a428af48d0c7,client_4e07408562,0.38939629483529664,low,one of the older pages in the set,0
content_e8b5e3a4e344,client_e629fa6598,0.3893631863723937,low,hasn't been refreshed in a while,1
content_3bccb2bfe3a4,client_e629fa6598,0.3892997523310757,low,one of the older pages in the set,0
content_aba4b4460e47,client_e629fa6598,0.38927074723566263,low,one of the older pages in the set,1
content_ebf35372a022,client_e629fa6598,0.389252266611906,low,one of the older pages in the set,1
content_61d443ec18ae,client_e629fa6598,0.38912803075626784,low,one of the older pages in the set,1
content_010b9063e59e,client_4e07408562,0.3890352783910952,low,one of the older pages in the set,0
content_e69028c64569,client_e629fa6598,0.3889168446909887,low,one of the older pages in the set,0
content_989e93d58ab9,client_4e07408562,0.3888713128574412,low,one of the older pages in the set,0
content_2514cbcf6384,client_4e07408562,0.38882897256454674,low,one of the older pages in the set,0
content_128e7339aeb8,client_4e07408562,0.38878907679449093,low,one of the older pages in the set,1
content_dd996502691d,client_4e07408562,0.3887648735964315,low,one of the older pages in the set,0
content_a50e3e16761d,client_e629fa6598,0.3885306182194044,low,hasn't been refreshed in a while,1
content_4b10bd84b6b5,client_e629fa6598,0.3885062229964045,low,one of the older pages in the set,1
content_91fa6e846341,client_e629fa6598,0.38845661780344903,low,one of the older pages in the set,1
content_be6eafb216ba,client_4e07408562,0.38839204721805126,low,one of the older pages in the set,1
content_b171875a25de,client_4e07408562,0.3883917147679979,low,one of the older pages in the set,1
content_5008a184a9ed,client_4e07408562,0.3883436669346646,low,one of the older pages in the set,0
content_5d19d2275db8,client_4e07408562,0.3882827142603053,low,one of the older pages in the set,1
content_eedb339e78fb,client_4e07408562,0.3882018326903453,low,one of the older pages in the set,1
content_d9a154ca7683,client_e629fa6598,0.3881606855278834,low,one of the older pages in the set,0
content_ad0d7f127516,client_4e07408562,0.3880735172100362,low,one of the older pages in the set,0
content_204ed30f3639,client_4e07408562,0.3880277912975197,low,one of the older pages in the set,0
content_fb15ed71f582,client_4e07408562,0.3879585522952394,low,one of the older pages in the set,0
content_70252984654c,client_4e07408562,0.3879566979177652,low,one of the older pages in the set,1
content_abcc98cc68f8,client_4e07408562,0.3879096807326673,low,one of the older pages in the set,0
content_6bedb14141c9,client_e629fa6598,0.3878452960047996,low,one of the older pages in the set,0
content_3c2ef1901bee,client_4e07408562,0.38784228684466066,low,one of the older pages in the set,0
content_48d53a6387b8,client_e629fa6598,0.38783016060640435,low,one of the older pages in the set,0
content_eaea09d6891e,client_4e07408562,0.38778716490840076,low,one of the older pages in the set,1
content_742a8fcba2fe,client_e629fa6598,0.3877863975736314,low,one of the older pages in the set,1
content_5c8d86efbed3,client_4e07408562,0.38770854116161685,low,one of the older pages in the set,1
content_f68a0cf4e545,client_e629fa6598,0.38763437953443447,low,one of the older pages in the set,1
content_faede57cfab7,client_4e07408562,0.38760064197433064,low,one of the older pages in the set,0
content_cbfbf617a0d1,client_4e07408562,0.3875664105567434,low,one of the older pages in the set,0
content_69be0182f4d8,client_4e07408562,0.38755522750857135,low,one of the older pages in the set,1
content_cde2e7e0392f,client_4e07408562,0.3874398133746549,low,one of the older pages in the set,1
content_c727f5bd7c1a,client_e629fa6598,0.3874357210139229,low,one of the older pages in the set,0
content_c544de1b14e2,client_4e07408562,0.38739611163979376,low,one of the older pages in the set,0
content_1f0a97794427,client_e629fa6598,0.38735904813464767,low,one of the older pages in the set,1
content_ace2126da180,client_e629fa6598,0.38735290048514526,low,one of the older pages in the set,0
content_739ec77b846a,client_4e07408562,0.38734383337909223,low,one of the older pages in the set,1
content_e4c42aeed9d3,client_e629fa6598,0.38732523650642053,low,one of the older pages in the set,1
content_dbeaa2257870,client_e629fa6598,0.387309867943357,low,one of the older pages in the set,1
content_d364fe3caafa,client_e629fa6598,0.38729757325441844,low,one of the older pages in the set,0
content_108162f15772,client_e629fa6598,0.3872852787090616,low,one of the older pages in the set,1
content_1a0ba11dff95,client_e629fa6598,0.3872852787090616,low,one of the older pages in the set,1
content_795234993c79,client_e629fa6598,0.3872822871994409,low,one of the older pages in the set,0
content_32c1a7c9da4c,client_e629fa6598,0.3872822050951586,low,one of the older pages in the set,0
content_96d8ccfc12c6,client_e629fa6598,0.3872822050951586,low,one of the older pages in the set,0
content_6e8497043841,client_e629fa6598,0.3872822050951586,low,one of the older pages in the set,0
content_3f5bc363a67d,client_4e07408562,0.3872559155544497,low,one of the older pages in the set,0
content_40c4fad48474,client_4e07408562,0.3872529492926917,low,one of the older pages in the set,1
content_5edd8f8493ed,client_4e07408562,0.3872340730521155,low,one of the older pages in the set,1
content_99c747369612,client_e629fa6598,0.387210881999439,low,one of the older pages in the set,1
content_e059d3c0c0ab,client_e629fa6598,0.38709902594063467,low,one of the older pages in the set,0
content_6e2368caa550,client_e629fa6598,0.38702119696118037,low,one of the older pages in the set,1
content_a34c1e4b676d,client_e629fa6598,0.38700139133527955,low,one of the older pages in the set,0
content_7fe5393fa43e,client_e629fa6598,0.3868494273713422,low,one of the older pages in the set,0
content_da55530ba08e,client_4e07408562,0.38682667066790294,low,hasn't been refreshed in a while,1
content_adacaaec0453,client_e629fa6598,0.3867599827357013,low,one of the older pages in the set,1
content_b4c32cbc78f6,client_4e07408562,0.3866628817083534,low,hasn't been refreshed in a while,0
content_6f372f9e331f,client_e629fa6598,0.3866376733926995,low,one of the older pages in the set,0
content_3fca59454610,client_e629fa6598,0.38652038785013265,low,one of the older pages in the set,0
content_c0ba9d88864f,client_e629fa6598,0.38651731647725673,low,one of the older pages in the set,0
content_03c350f30418,client_e629fa6598,0.38651731647725673,low,one of the older pages in the set,0
content_49b3fdf2416d,client_e629fa6598,0.38651731647725673,low,one of the older pages in the set,0
content_4e1756d4460c,client_e629fa6598,0.38651731647725673,low,one of the older pages in the set,0
content_37eaebaa36b1,client_e629fa6598,0.38651731647725673,low,one of the older pages in the set,0
content_371a31bd8d13,client_e629fa6598,0.38651731647725673,low,one of the older pages in the set,0
content_7ce6f63886c8,client_4e07408562,0.38641091312129194,low,one of the older pages in the set,0
content_671f4a1e9081,client_e629fa6598,0.38639248468153103,low,one of the older pages in the set,1
content_a176eeb31e60,client_4e07408562,0.3861295922713474,low,one of the older pages in the set,0
content_52cf99c131bc,client_4e07408562,0.3860154953251968,low,hasn't been refreshed in a while,1
content_2d92cc08f225,client_4e07408562,0.3858807817385035,low,one of the older pages in the set,0
content_be6adc2dbd63,client_4e07408562,0.3858717806112964,low,one of the older pages in the set,0
content_a9c15ac24367,client_e629fa6598,0.3858604119906925,low,one of the older pages in the set,1
content_b31aec9ff709,client_e629fa6598,0.3858082329652387,low,one of the older pages in the set,1
content_562545a23ace,client_4e07408562,0.3857764780496305,low,one of the older pages in the set,1
content_770573151cb0,client_e629fa6598,0.3857652639733028,low,one of the older pages in the set,0
content_e8162227f5d5,client_e629fa6598,0.38575298744540915,low,one of the older pages in the set,0
content_222dca007515,client_e629fa6598,0.3857463483160933,low,one of the older pages in the set,0
content_1a5295d1b61a,client_e629fa6598,0.3854692063097585,low,one of the older pages in the set,1
content_e7a2e37b6eff,client_4e07408562,0.38541874644664315,low,one of the older pages in the set,1
content_1fd355fd66fa,client_e629fa6598,0.38538896542698997,low,one of the older pages in the set,0
content_2560766fc02b,client_4e07408562,0.385341152334125,low,one of the older pages in the set,0
content_4f2854b20942,client_e629fa6598,0.38533671348568294,low,one of the older pages in the set,1
content_f658e746131f,client_4e07408562,0.38533085655332494,low,one of the older pages in the set,1
content_ed46f81f54d1,client_4e07408562,0.38531920648904966,low,one of the older pages in the set,1
content_0b4d2494a6f6,client_4e07408562,0.38524291394911014,low,one of the older pages in the set,0
content_a8e7c7cb4285,client_4e07408562,0.3851997383131429,low,hasn't been refreshed in a while,1
content_d21cea57447c,client_4e07408562,0.3851127563371387,low,one of the older pages in the set,0
content_6ae6efde2b86,client_4e07408562,0.38510351057687175,low,one of the older pages in the set,1
content_2da6ae9d0882,client_e629fa6598,0.38509349939206783,low,one of the older pages in the set,1
content_2936b3830f05,client_e629fa6598,0.38502406801919264,low,one of the older pages in the set,0
content_c62c6e689038,client_4e07408562,0.3849582026719533,low,one of the older pages in the set,0
content_dee71b933e85,client_4e07408562,0.38492509485257675,low,one of the older pages in the set,1
content_36fb0d9f1b73,client_e629fa6598,0.3848878450837972,low,one of the older pages in the set,0
content_a49999b2fd16,client_e629fa6598,0.38486123020872703,low,one of the older pages in the set,1
content_f771dd30be73,client_e629fa6598,0.38481724991093125,low,one of the older pages in the set,1
content_dc01e2cc035d,client_e629fa6598,0.3847930677775178,low,one of the older pages in the set,1
content_63138be04619,client_4e07408562,0.3847879163886375,low,one of the older pages in the set,0
content_f1e06fcf65bb,client_e629fa6598,0.3847286330841139,low,one of the older pages in the set,0
content_18c6c376df8c,client_4e07408562,0.38472537974835463,low,one of the older pages in the set,0
content_d6a454462332,client_4e07408562,0.3847251420289886,low,one of the older pages in the set,0
content_5da43caf831a,client_e629fa6598,0.3847106301132484,low,one of the older pages in the set,1
content_568fc9ae5509,client_e629fa6598,0.38463515845670104,low,one of the older pages in the set,0
content_ccfdda6793b4,client_e629fa6598,0.38461751388483706,low,one of the older pages in the set,0
content_03a3fe27bf9b,client_e629fa6598,0.38461502611389287,low,one of the older pages in the set,1
content_8fd689ed3c47,client_4e07408562,0.3845989325320698,low,one of the older pages in the set,1
content_1cba252b4de2,client_e629fa6598,0.38458304136313143,low,one of the older pages in the set,1
content_63b0155fe5f8,client_4e07408562,0.3845054370544255,low,one of the older pages in the set,1
content_2a2b09c5a18c,client_4e07408562,0.38445841333901637,low,one of the older pages in the set,1
content_8045caf2bb16,client_e629fa6598,0.3844083151513007,low,one of the older pages in the set,0
content_34ad55d8ae44,client_e629fa6598,0.3844083151513007,low,one of the older pages in the set,0
content_3b46c5857f8f,client_e629fa6598,0.38439911986058795,low,one of the older pages in the set,0
content_f8bafab9439b,client_e629fa6598,0.38439911986058795,low,one of the older pages in the set,0
content_fbd7e6d85ff9,client_4e07408562,0.384343660239905,low,one of the older pages in the set,0
content_bede649d3b3e,client_4e07408562,0.38419927341514093,low,one of the older pages in the set,0
content_93398333ccfb,client_e629fa6598,0.3841656113687227,low,one of the older pages in the set,1
content_0a4a2b15186e,client_e629fa6598,0.3841498583179146,low,one of the older pages in the set,1
content_1f0c90cf2d41,client_4e07408562,0.38414794060625673,low,one of the older pages in the set,0
content_26c2fdd8c0ac,client_4e07408562,0.38414564569877807,low,hasn't been refreshed in a while,0
content_bb12fc5a6af7,client_4e07408562,0.3838572910043518,low,one of the older pages in the set,0
content_ccff1ae0b99f,client_e629fa6598,0.3838446513016895,low,one of the older pages in the set,1
content_da45945bccb8,client_e629fa6598,0.38375741181390177,low,one of the older pages in the set,0
content_a5462d216754,client_e629fa6598,0.38373518923804595,low,one of the older pages in the set,0
content_93e1ede1502b,client_e629fa6598,0.38371599584951266,low,one of the older pages in the set,1
content_6d772c85e856,client_e629fa6598,0.38368767962435596,low,one of the older pages in the set,1
content_43086d953bcc,client_e629fa6598,0.38365473706825753,low,one of the older pages in the set,0
content_4aa228eef7a1,client_e629fa6598,0.38364248575505555,low,one of the older pages in the set,0
content_0cccb4e4a6f6,client_e629fa6598,0.3836363601538469,low,one of the older pages in the set,0
content_13d4eedcb947,client_e629fa6598,0.3836363601538469,low,one of the older pages in the set,0
content_ccbd70e235fe,client_e629fa6598,0.3835514125161148,low,one of the older pages in the set,0
content_2a0a5f36a397,client_4e07408562,0.383520050769028,low,one of the older pages in the set,0
content_83c0fefa87fe,client_e629fa6598,0.3834633913661273,low,one of the older pages in the set,0
content_47c8976129fc,client_e629fa6598,0.38335478328980577,low,one of the older pages in the set,0
content_a2de21b4327d,client_4e07408562,0.38333180881559165,low,one of the older pages in the set,1
content_fafc4ea796a9,client_e629fa6598,0.38328436108194847,low,one of the older pages in the set,0
content_9bf785e9c6d8,client_4e07408562,0.3832534254647329,low,one of the older pages in the set,0
content_bce4b32775b1,client_e629fa6598,0.3832504002213399,low,one of the older pages in the set,1
content_d7ec7ff45d7f,client_e629fa6598,0.38318961275750496,low,one of the older pages in the set,0
content_9f8414c1ede7,client_4e07408562,0.3831213200049481,low,one of the older pages in the set,1
content_9ac3d96b5b48,client_4e07408562,0.38310744657130047,low,one of the older pages in the set,0
content_1df00efe44a1,client_e629fa6598,0.3830135390413453,low,one of the older pages in the set,1
content_129d26f2c0e8,client_e629fa6598,0.38298741698347266,low,one of the older pages in the set,1
content_180776016615,client_e629fa6598,0.38296293064270426,low,one of the older pages in the set,0
content_7e9d8f999b81,client_4e07408562,0.38289149119315213,low,one of the older pages in the set,1
content_e4750940e3ab,client_e629fa6598,0.3828741726368838,low,one of the older pages in the set,0
content_61c6d52381cc,client_4e07408562,0.38275140128178753,low,hasn't been refreshed in a while,0
content_9fe4ef93067a,client_e629fa6598,0.38270388469156835,low,one of the older pages in the set,0
content_34ed0cec6ebf,client_4e07408562,0.38267691249476327,low,one of the older pages in the set,0
content_cde8f1b6d71e,client_e629fa6598,0.38257974916063875,low,one of the older pages in the set,1
content_2a212876da21,client_e629fa6598,0.38256775186207154,low,one of the older pages in the set,0
content_a2730bca63ef,client_4e07408562,0.3825436273759878,low,one of the older pages in the set,1
content_04d9a432d35e,client_e629fa6598,0.38252937180003543,low,one of the older pages in the set,0
content_d0d54d0f71b3,client_4e07408562,0.3825114796778704,low,one of the older pages in the set,1
content_8fce0ed56689,client_e629fa6598,0.38244901554693433,low,one of the older pages in the set,1
content_5078bca8d0b0,client_4e07408562,0.38243360392585607,low,one of the older pages in the set,0
content_af276dd998e0,client_4e07408562,0.38228083362530685,low,one of the older pages in the set,0
content_3db5f4f440b0,client_4e07408562,0.3821456262836438,low,hasn't been refreshed in a while,0
content_5825f1c45ece,client_4e07408562,0.3820539038039864,low,one of the older pages in the set,1
content_e4f2c3ab5b54,client_4e07408562,0.38188091342022124,low,one of the older pages in the set,0
content_43fc29019bad,client_e629fa6598,0.3817601772450823,low,one of the older pages in the set,1
content_5d0a1ea004df,client_4e07408562,0.381751849663937,low,one of the older pages in the set,0
content_92c1ef947ff8,client_4e07408562,0.3817320989561965,low,one of the older pages in the set,0
content_b7643f161c0b,client_e629fa6598,0.3816876859969442,low,one of the older pages in the set,1
content_0d61e38b3645,client_4e07408562,0.38160214866137115,low,one of the older pages in the set,0
content_777f6b11a8eb,client_4e07408562,0.3815950068543605,low,hasn't been refreshed in a while,1
content_c28b943f0ebe,client_e629fa6598,0.3815516355196463,low,one of the older pages in the set,0
content_1712d0a66030,client_e629fa6598,0.3814834792262078,low,one of the older pages in the set,0
content_8fe5aff59d1f,client_4e07408562,0.38122188518717726,low,one of the older pages in the set,0
content_69561a7ae2e1,client_e629fa6598,0.3810878550932264,low,one of the older pages in the set,0
content_18e124c4f3fa,client_e629fa6598,0.381084631672005,low,one of the older pages in the set,0
content_0d318a83f1a7,client_e629fa6598,0.38106249073899534,low,one of the older pages in the set,1
content_24ddfbbb780c,client_4e07408562,0.3810485184797598,low,one of the older pages in the set,1
content_076f12da769b,client_e629fa6598,0.38101023645493703,low,one of the older pages in the set,0
content_7d2d33fb3ea5,client_e629fa6598,0.3809569764051128,low,one of the older pages in the set,1
content_c1e40f7d1fa5,client_4e07408562,0.3809066502443654,low,one of the older pages in the set,0
content_f15b56cac59f,client_e629fa6598,0.3808734855471179,low,one of the older pages in the set,1
content_c395e96c3464,client_e629fa6598,0.3808114996421398,low,one of the older pages in the set,1
content_0d497212b54b,client_4e07408562,0.38078967192885255,low,one of the older pages in the set,0
content_6320064497fd,client_4e07408562,0.38071661192863865,low,one of the older pages in the set,0
content_59eaebe35b9c,client_4e07408562,0.3806421704706436,low,hasn't been refreshed in a while,1
content_508d030c8162,client_4e07408562,0.38062726791501283,low,one of the older pages in the set,1
content_313cd30d5631,client_4e07408562,0.38052264019788884,low,one of the older pages in the set,0
content_7f3f9c3e3952,client_e629fa6598,0.3804818644212507,low,one of the older pages in the set,0
content_f87ff9f55f70,client_4e07408562,0.3804103456506544,low,one of the older pages in the set,1
content_28479e269858,client_4e07408562,0.3803748208065026,low,one of the older pages in the set,1
content_044c06ac12dc,client_4e07408562,0.38035472411694227,low,one of the older pages in the set,0
content_a1f14c675f81,client_4e07408562,0.3802228975057483,low,one of the older pages in the set,1
content_0718b5188109,client_4e07408562,0.38021300729597884,low,one of the older pages in the set,0
content_2a649680041f,client_4e07408562,0.38018214711923654,low,one of the older pages in the set,0
content_dbc44237b6c2,client_e629fa6598,0.38014875430212447,low,one of the older pages in the set,1
content_4657bf5fc7bf,client_4e07408562,0.3801365372652889,low,one of the older pages in the set,1
content_2b760d78e736,client_e629fa6598,0.38012508429036485,low,one of the older pages in the set,0
content_6b296ae2c02f,client_4e07408562,0.3801081396306446,low,one of the older pages in the set,0
content_d7b2eb5af17b,client_e629fa6598,0.3800366993725223,low,one of the older pages in the set,0
content_7b707aaeb6bb,client_e629fa6598,0.38001304247903256,low,one of the older pages in the set,0
content_fcfe44d0a076,client_4e07408562,0.37990403887700047,low,one of the older pages in the set,1
content_2b1e7392a914,client_4e07408562,0.3799035664174044,low,one of the older pages in the set,1
content_c83476e39f7d,client_4e07408562,0.37987459936631945,low,one of the older pages in the set,0
content_d9e5b5139f21,client_e629fa6598,0.37984270683910853,low,one of the older pages in the set,0
content_b107d12272ea,client_e629fa6598,0.3797306058191527,low,one of the older pages in the set,0
content_7886b1e2013b,client_4e07408562,0.379724108696385,low,one of the older pages in the set,1
content_2f002563e9cd,client_e629fa6598,0.37966195125838587,low,one of the older pages in the set,1
content_2b5359e179b0,client_4e07408562,0.37962840910003826,low,one of the older pages in the set,0
content_cb5f0e5001bd,client_e629fa6598,0.37957709854993327,low,one of the older pages in the set,0
content_b300e6b84a9f,client_e629fa6598,0.37956879830997803,low,one of the older pages in the set,1
content_6beb5eb7eefd,client_4e07408562,0.37953153160875763,low,one of the older pages in the set,0
content_3900e2a1012f,client_4e07408562,0.379510338485192,low,one of the older pages in the set,0
content_c9a70fe6cdbd,client_4e07408562,0.37948422526270154,low,one of the older pages in the set,1
content_459d056652a0,client_4e07408562,0.37941545707060514,low,one of the older pages in the set,0
content_ce2f72282bfa,client_e629fa6598,0.3793495847738234,low,one of the older pages in the set,0
content_65ab749279c8,client_4e07408562,0.3792891649073123,low,one of the older pages in the set,1
content_f18c99b3daa2,client_4e07408562,0.3791761666893527,low,one of the older pages in the set,1
content_1d90659f1799,client_e629fa6598,0.3791672489957029,low,one of the older pages in the set,0
content_70425373a183,client_4e07408562,0.37915886599169435,low,one of the older pages in the set,0
content_0f4f808958c4,client_4e07408562,0.3790025277068919,low,one of the older pages in the set,0
content_7bf0aff635f4,client_4e07408562,0.3789977126502371,low,one of the older pages in the set,0
content_7a09da8ecc46,client_4e07408562,0.37898878477850345,low,one of the older pages in the set,1
content_e3c80264bcf6,client_4e07408562,0.37891510990663907,low,one of the older pages in the set,0
content_80f00957d4e7,client_e629fa6598,0.37887620551579865,low,one of the older pages in the set,0
content_9955f4a562ef,client_4e07408562,0.37886969524285874,low,one of the older pages in the set,1
content_9b8bc70a7157,client_4e07408562,0.3788435549239744,low,one of the older pages in the set,1
content_16fe336d02f1,client_e629fa6598,0.37883416306971457,low,one of the older pages in the set,0
content_7d96b80954bf,client_e629fa6598,0.37882358164780033,low,one of the older pages in the set,0
content_2276d67dccae,client_e629fa6598,0.37881261617994905,low,one of the older pages in the set,0
content_e734ce8f057a,client_4e07408562,0.3787406533800111,low,one of the older pages in the set,0
content_185382e3ca8a,client_e629fa6598,0.3786462803344975,low,one of the older pages in the set,1
content_8efdf37a2776,client_e629fa6598,0.37864561016105686,low,one of the older pages in the set,1
content_a4d677c4395d,client_e629fa6598,0.37861270693334614,low,one of the older pages in the set,1
content_379411b9a6c3,client_e629fa6598,0.3785729456224241,low,one of the older pages in the set,1
content_a7930f866320,client_e629fa6598,0.37855849493899485,low,one of the older pages in the set,0
content_fd65ddd3504b,client_4e07408562,0.3785466940680564,low,one of the older pages in the set,0
content_82dab8cbf876,client_4e07408562,0.37852849327331817,low,one of the older pages in the set,0
content_3bd8c9090458,client_4e07408562,0.3785167857825363,low,one of the older pages in the set,1
content_234d710c86b9,client_4e07408562,0.37845072181210543,low,one of the older pages in the set,0
content_0f4b391661fb,client_e629fa6598,0.3784317143891208,low,one of the older pages in the set,1
content_74fda8dfc96f,client_4e07408562,0.3784190046920966,low,one of the older pages in the set,0
content_556f0ae1769f,client_4e07408562,0.3783091723068462,low,one of the older pages in the set,0
content_59b1e4dc2acb,client_e629fa6598,0.37829231048748746,low,one of the older pages in the set,1
content_abfd15f46882,client_4e07408562,0.378202299123233,low,one of the older pages in the set,0
content_82572b951646,client_4e07408562,0.37814055633206917,low,one of the older pages in the set,0
content_58bf62e65034,client_4e07408562,0.37798600798572557,low,one of the older pages in the set,1
content_1210e6c2e909,client_4e07408562,0.3778483925665375,low,one of the older pages in the set,0
content_f3a2520e3120,client_4e07408562,0.3777624556093031,low,one of the older pages in the set,1
content_69e05c36b3c7,client_e629fa6598,0.37774265343882624,low,one of the older pages in the set,1
content_0a1954a48717,client_4e07408562,0.37769275809715813,low,one of the older pages in the set,0
content_180d34c3f23b,client_e629fa6598,0.37756334318181023,low,one of the older pages in the set,1
content_8fe5f40fd036,client_4e07408562,0.3775530712888784,low,one of the older pages in the set,0
content_5b7fb45e8435,client_4e07408562,0.3775134342582776,low,one of the older pages in the set,0
content_4809d1306cd4,client_4e07408562,0.3775123233879712,low,one of the older pages in the set,1
content_67fdb41b1cc4,client_e629fa6598,0.3772581293387511,low,one of the older pages in the set,1
content_b6bb672d24a4,client_4e07408562,0.3771039310953998,low,one of the older pages in the set,1
content_74f585f21ba3,client_4e07408562,0.3770308317003663,low,one of the older pages in the set,0
content_264fd4d30b6f,client_4e07408562,0.37688235880838894,low,one of the older pages in the set,0
content_deb2676eeef1,client_4e07408562,0.376859211559954,low,one of the older pages in the set,1
content_01ec3d27560e,client_4e07408562,0.3768554447329402,low,one of the older pages in the set,0
content_d22c3db8c427,client_e629fa6598,0.37682764428318866,low,one of the older pages in the set,0
content_5c2b0b761a77,client_e629fa6598,0.37680316367134403,low,one of the older pages in the set,0
content_6de8c512827f,client_4e07408562,0.3767371383046921,low,one of the older pages in the set,0
content_b893116caf50,client_4e07408562,0.3767268168930977,low,one of the older pages in the set,0
content_95476eb48784,client_4e07408562,0.3767185826454794,low,one of the older pages in the set,0
content_59593c76da44,client_e629fa6598,0.3766898451365876,low,one of the older pages in the set,0
content_3a5d5d34449d,client_4e07408562,0.3766675703390985,low,hasn't been refreshed in a while,0
content_9b797afc1c68,client_e629fa6598,0.37663101440479335,low,one of the older pages in the set,1
content_4f9eb48d371e,client_4e07408562,0.37660888408727705,low,one of the older pages in the set,0
content_4179f6cc94e1,client_4e07408562,0.3765994992895991,low,hasn't been refreshed in a while,1
content_fde14d5b0b8f,client_4e07408562,0.37657994814880796,low,one of the older pages in the set,0
content_8379c02e9fad,client_4e07408562,0.37654677140618004,low,one of the older pages in the set,1
content_02023546b403,client_4e07408562,0.37650919872830974,low,one of the older pages in the set,0
content_f7cf83f3d4f3,client_4e07408562,0.37647553444546666,low,one of the older pages in the set,1
content_9612ed8d6a05,client_e629fa6598,0.3764520291072334,low,one of the older pages in the set,0
content_739b312ae914,client_4e07408562,0.37636740497593657,low,one of the older pages in the set,0
content_935dad48e67d,client_4e07408562,0.37628677971551705,low,one of the older pages in the set,1
content_3ed73641fbe8,client_4e07408562,0.37627847908452594,low,one of the older pages in the set,1
content_c54bea44135d,client_4e07408562,0.37619397125571946,low,one of the older pages in the set,1
content_569382ff9950,client_e629fa6598,0.37619380681331616,low,one of the older pages in the set,0
content_da2adacc2e93,client_4e07408562,0.3761821924384434,low,one of the older pages in the set,0
content_76a23395000b,client_4e07408562,0.37611816324821457,low,one of the older pages in the set,1
content_26fc0d3c6e5d,client_e629fa6598,0.37597115578839846,low,one of the older pages in the set,0
content_1d83fef6f951,client_4e07408562,0.37596000364561616,low,one of the older pages in the set,0
content_2ca9f63bb061,client_4e07408562,0.37592560962502963,low,one of the older pages in the set,0
content_033581b09704,client_4e07408562,0.3758028842431648,low,one of the older pages in the set,1
content_4bfb50b1823e,client_e629fa6598,0.37573855520537197,low,one of the older pages in the set,0
content_5787a7c37cfb,client_4e07408562,0.3757154491776735,low,one of the older pages in the set,0
content_1a81d69c3f52,client_4e07408562,0.37570909129551017,low,hasn't been refreshed in a while,0
content_f8720660c734,client_e629fa6598,0.3756527719950786,low,one of the older pages in the set,1
content_3bc098c10285,client_4e07408562,0.37561642179036836,low,one of the older pages in the set,1
content_2b8bf3b855a2,client_4e07408562,0.3755874933013145,low,one of the older pages in the set,1
content_430f0e467f3a,client_4e07408562,0.37557974420253576,low,one of the older pages in the set,1
content_8c19996aa890,client_4e07408562,0.37548677589402135,low,low prior search visibility,1
content_4d872d8aa28a,client_4e07408562,0.37529303939619796,low,one of the older pages in the set,1
content_3c2d403aa461,client_e629fa6598,0.3752620302972778,low,one of the older pages in the set,1
content_f258849b08ca,client_4e07408562,0.37522424665947446,low,one of the older pages in the set,1
content_914a6de7d899,client_4e07408562,0.375213294765405,low,one of the older pages in the set,1
content_b8b3a9403cee,client_4e07408562,0.37515925185217336,low,one of the older pages in the set,0
content_64405ee1d117,client_4e07408562,0.3751142919394388,low,one of the older pages in the set,0
content_57971022aadc,client_4e07408562,0.375083953465223,low,one of the older pages in the set,1
content_094eb55bb205,client_e629fa6598,0.3749993057434678,low,one of the older pages in the set,0
content_1180705d05bb,client_4e07408562,0.37495504315262435,low,one of the older pages in the set,1
content_fd80a1010807,client_4e07408562,0.3748536926416905,low,one of the older pages in the set,1
content_42c092b2c296,client_4e07408562,0.37473393235511676,low,one of the older pages in the set,0
content_5e4e7b5040b9,client_4e07408562,0.3746624505550626,low,one of the older pages in the set,0
content_e18144cbd19d,client_4e07408562,0.37460906716526643,low,one of the older pages in the set,1
content_02c0b7bcc4d2,client_4e07408562,0.3746008645306396,low,one of the older pages in the set,0
content_956a0bca24e5,client_4e07408562,0.3744631063159325,low,one of the older pages in the set,0
content_22a3f0ac2b84,client_e629fa6598,0.3743134606942316,low,one of the older pages in the set,0
content_4c77601301fb,client_e629fa6598,0.37428771748332557,low,one of the older pages in the set,0
content_899bf6f73251,client_4e07408562,0.3740304406409454,low,one of the older pages in the set,1
content_eb7015b56be9,client_4e07408562,0.37401754817850896,low,one of the older pages in the set,0
content_4817ddb54d7a,client_4e07408562,0.37358904596330184,low,one of the older pages in the set,1
content_0a4f17a4ab54,client_e629fa6598,0.3735574824878357,low,one of the older pages in the set,0
content_e12f86c29ff8,client_e629fa6598,0.37351336289063175,low,one of the older pages in the set,1
content_5c411304f88c,client_4e07408562,0.37344506509265823,low,one of the older pages in the set,0
content_63f0e34ce89b,client_e629fa6598,0.3733591927849453,low,one of the older pages in the set,0
content_d5819089038e,client_e629fa6598,0.3732134584932493,low,one of the older pages in the set,1
content_4c049e11ed00,client_e629fa6598,0.37319455833762616,low,one of the older pages in the set,0
content_8279726d9928,client_4e07408562,0.37312177562574733,low,one of the older pages in the set,1
content_30c6570a99d5,client_4e07408562,0.37310976279703617,low,one of the older pages in the set,1
content_8b9d9d013337,client_4e07408562,0.372975793981966,low,one of the older pages in the set,1
content_d70ada757917,client_4e07408562,0.37296192982533755,low,one of the older pages in the set,0
content_c34ae04b892e,client_4e07408562,0.37294965466441554,low,one of the older pages in the set,0
content_ff9511e0254e,client_4e07408562,0.3729180872455616,low,one of the older pages in the set,1
content_8fa5820a87f9,client_e629fa6598,0.3728948636970496,low,one of the older pages in the set,0
content_d08553fbe31d,client_4e07408562,0.3726716962914125,low,one of the older pages in the set,0
content_ec622168ff02,client_e629fa6598,0.3726283951009157,low,one of the older pages in the set,0
content_54d639e084af,client_4e07408562,0.37262546595397605,low,hasn't been refreshed in a while,1
content_984a2da87f96,client_e629fa6598,0.37260130256475377,low,one of the older pages in the set,0
content_17f3119d4544,client_e629fa6598,0.37253836468036267,low,one of the older pages in the set,0
content_8dff706684ee,client_e629fa6598,0.37252894111937546,low,one of the older pages in the set,0
content_8107a77b97f7,client_4e07408562,0.3724532147897105,low,hasn't been refreshed in a while,1
content_219b8e3014a4,client_e629fa6598,0.372444786412756,low,one of the older pages in the set,1
content_da6fd770bfa0,client_e629fa6598,0.37241972896939474,low,one of the older pages in the set,0
content_5e798568d56b,client_4e07408562,0.37229496992464517,low,one of the older pages in the set,0
content_0bbf9f8f0ba1,client_4e07408562,0.37214995417509444,low,one of the older pages in the set,1
content_f58210f7b027,client_4e07408562,0.371837334018323,low,one of the older pages in the set,0
content_7efca55e8633,client_e629fa6598,0.371811692281605,low,one of the older pages in the set,0
content_3121431b8cc3,client_e629fa6598,0.3717002933597568,low,one of the older pages in the set,1
content_dc34dac6e5f4,client_e629fa6598,0.37169537249266277,low,one of the older pages in the set,1
content_a9701cee1030,client_4e07408562,0.3716861437733179,low,one of the older pages in the set,1
content_05d71853e0f1,client_4e07408562,0.37167525345675406,low,one of the older pages in the set,0
content_36c98f102a8d,client_e629fa6598,0.37165749472571413,low,one of the older pages in the set,0
content_251d298116e3,client_4e07408562,0.37163677590610705,low,one of the older pages in the set,0
content_0e92fbdaf841,client_e629fa6598,0.37159403545194647,low,one of the older pages in the set,0
content_d80af9aac3c7,client_e629fa6598,0.3715062682917938,low,one of the older pages in the set,0
content_38b9529bf1b6,client_e629fa6598,0.3714734701878312,low,one of the older pages in the set,1
content_b3623d22db24,client_e629fa6598,0.3714677711485093,low,one of the older pages in the set,1
content_5714f0813b1a,client_4e07408562,0.3714152124534139,low,one of the older pages in the set,1
content_ccd09746f607,client_e629fa6598,0.3713479828925373,low,one of the older pages in the set,1
content_1877fbda982a,client_4e07408562,0.3712901211982339,low,one of the older pages in the set,1
content_9ca158d1183a,client_e629fa6598,0.371135832716672,low,one of the older pages in the set,1
content_9bab10667e8a,client_e629fa6598,0.3710092795024735,low,one of the older pages in the set,0
content_fd7153335627,client_4e07408562,0.37098992940628445,low,one of the older pages in the set,1
content_17a0b6942de9,client_e629fa6598,0.3709177519009078,low,one of the older pages in the set,0
content_e9e556620469,client_4e07408562,0.3709082010092026,low,one of the older pages in the set,1
content_2ca0ae59a3e0,client_4e07408562,0.3707789039968535,low,one of the older pages in the set,1
content_ce50f5fc5afe,client_e629fa6598,0.37064014087662506,low,one of the older pages in the set,0
content_dcce7a9a1b43,client_4e07408562,0.37063843247034906,low,one of the older pages in the set,1
content_80be70a84a56,client_4e07408562,0.37063840207396176,low,one of the older pages in the set,1
content_83351fa8fd7b,client_e629fa6598,0.370622425403647,low,one of the older pages in the set,1
content_76f30eda1e45,client_4e07408562,0.3705700564177792,low,one of the older pages in the set,1
content_2f81a633e150,client_e629fa6598,0.370518159510266,low,one of the older pages in the set,0
content_84e9d43ca93e,client_e629fa6598,0.37043770998148157,low,one of the older pages in the set,0
content_10efef7b5004,client_e629fa6598,0.3703549250356033,low,one of the older pages in the set,1
content_77d84ff69f78,client_4e07408562,0.37031338129214275,low,one of the older pages in the set,0
content_93f5dbaef3e7,client_4e07408562,0.3702447075900759,low,one of the older pages in the set,1
content_aad06835b82a,client_4e07408562,0.3701718982772653,low,one of the older pages in the set,1
content_fff8e7360d01,client_4e07408562,0.37009278496211195,low,hasn't been refreshed in a while,0
content_90064405d18e,client_e629fa6598,0.37008850012811007,low,one of the older pages in the set,1
content_9c6d0b4a1ee8,client_e629fa6598,0.3700494221497543,low,one of the older pages in the set,0
content_1ba4ccc84cde,client_e629fa6598,0.3700472314201569,low,one of the older pages in the set,0
content_06071662e631,client_4e07408562,0.3700392125349981,low,one of the older pages in the set,1
content_d8fa2f16a127,client_e629fa6598,0.3699669758010596,low,one of the older pages in the set,0
content_ce296f93e007,client_e629fa6598,0.36989454742846317,low,one of the older pages in the set,1
content_a146afa9b26a,client_e629fa6598,0.36973682585946344,low,one of the older pages in the set,0
content_c69056de7202,client_4e07408562,0.36972008312902815,low,one of the older pages in the set,1
content_0315b4020af3,client_4e07408562,0.3694922308344569,low,one of the older pages in the set,0
content_a87f21d52681,client_4e07408562,0.36944145812394696,low,one of the older pages in the set,0
content_0c8b0099fc8c,client_4e07408562,0.36942301978769465,low,one of the older pages in the set,1
content_75d0436e9f47,client_4e07408562,0.3694203503756543,low,one of the older pages in the set,0
content_58ff81fdb177,client_4e07408562,0.36933143277535807,low,one of the older pages in the set,1
content_27c07c5ddfa9,client_4e07408562,0.36931774769463666,low,one of the older pages in the set,0
content_94cfdb2ced37,client_4e07408562,0.36914649470082,low,one of the older pages in the set,1
content_12269c796b58,client_4e07408562,0.3691173499319822,low,one of the older pages in the set,0
content_392e98bd3720,client_4e07408562,0.3690373801640235,low,one of the older pages in the set,1
content_6da233543753,client_4e07408562,0.36891203834775954,low,one of the older pages in the set,1
content_c3605045bdf9,client_e629fa6598,0.36890929097868347,low,one of the older pages in the set,0
content_b6a86abcee0d,client_e629fa6598,0.36885027328101366,low,one of the older pages in the set,0
content_cf996055b195,client_e629fa6598,0.3687892142618898,low,one of the older pages in the set,0
content_7c385e8da058,client_e629fa6598,0.36875855825862675,low,one of the older pages in the set,1
content_d663eacf9688,client_4e07408562,0.3687551689587182,low,one of the older pages in the set,1
content_95b01798e6f3,client_e629fa6598,0.36865058449583765,low,one of the older pages in the set,0
content_e8743787bbef,client_4e07408562,0.3686133766107168,low,one of the older pages in the set,1
content_6e49b6d291af,client_4e07408562,0.3685528072915179,low,one of the older pages in the set,0
content_6334610e2b03,client_4e07408562,0.3684420822616601,low,one of the older pages in the set,0
content_651f3931aac1,client_4e07408562,0.36832303774043285,low,one of the older pages in the set,1
content_b3994ba17e82,client_e629fa6598,0.3683173357045309,low,one of the older pages in the set,0
content_0354fa127deb,client_4e07408562,0.36821230610008665,low,one of the older pages in the set,0
content_101fe9a1cf14,client_e629fa6598,0.36814924675781063,low,one of the older pages in the set,1
content_2b084c9efd91,client_4e07408562,0.3678601616002757,low,one of the older pages in the set,0
content_b8601f59729d,client_e629fa6598,0.3678327628292005,low,one of the older pages in the set,1
content_f9ca4044fc87,client_4e07408562,0.3678198268212282,low,one of the older pages in the set,0
content_474d63127936,client_e629fa6598,0.3678067442004719,low,one of the older pages in the set,0
content_72a99bb5d650,client_e629fa6598,0.3675776215144931,low,one of the older pages in the set,1
content_b6bb24742416,client_e629fa6598,0.36749943704354865,low,one of the older pages in the set,0
content_62c74ae619f8,client_4e07408562,0.3674252763104676,low,low prior session volume,0
content_cff0e3db64d0,client_4e07408562,0.36738902393252476,low,one of the older pages in the set,0
content_f947529ce924,client_e629fa6598,0.3673119954038664,low,one of the older pages in the set,1
content_1ba3c39b667c,client_4e07408562,0.36730528653959454,low,one of the older pages in the set,0
content_2b52f4ec6d10,client_e629fa6598,0.36730249070275767,low,one of the older pages in the set,1
content_0ef7040d504a,client_e629fa6598,0.367284544038502,low,one of the older pages in the set,1
content_54619de5edd3,client_e629fa6598,0.36726938025044964,low,one of the older pages in the set,0
content_eed67fb12c02,client_4e07408562,0.3672645138067004,low,one of the older pages in the set,0
content_1e9de4c9542e,client_e629fa6598,0.3672568935774882,low,one of the older pages in the set,1
content_2a6a41cdfcbe,client_4e07408562,0.3671911799453901,low,one of the older pages in the set,0
content_cfbb81c693df,client_e629fa6598,0.3671578728175576,low,one of the older pages in the set,1
content_ed6e36769104,client_e629fa6598,0.3671459795994311,low,one of the older pages in the set,0
content_224198868263,client_e629fa6598,0.366956397901931,low,one of the older pages in the set,0
content_d4e4525866ed,client_e629fa6598,0.36689392579004737,low,one of the older pages in the set,1
content_dc99a69a88c9,client_4e07408562,0.3668611837673805,low,one of the older pages in the set,1
content_0a5e0981dc87,client_e629fa6598,0.36681891894458823,low,one of the older pages in the set,1
content_d8a3c9484a1b,client_e629fa6598,0.36681198232779466,low,one of the older pages in the set,1
content_57366dedc8a1,client_e629fa6598,0.3667157185632694,low,one of the older pages in the set,1
content_0d55333269d5,client_e629fa6598,0.3666886462954775,low,one of the older pages in the set,0
content_1794327a4d44,client_e629fa6598,0.3666737645149356,low,one of the older pages in the set,1
content_1583bfd6f804,client_4e07408562,0.36665986832059144,low,one of the older pages in the set,0
content_a8e389b5d661,client_e629fa6598,0.36661433422900974,low,one of the older pages in the set,0
content_ca5a0a727aca,client_e629fa6598,0.3666074345412627,low,one of the older pages in the set,1
content_63205770dbcd,client_e629fa6598,0.3665519133979901,low,one of the older pages in the set,1
content_b5fe0e1f8942,client_e629fa6598,0.36653826013408847,low,one of the older pages in the set,1
content_fd31ddf5ba2a,client_e629fa6598,0.36651119338497445,low,one of the older pages in the set,0
content_af59c0a2deb3,client_e629fa6598,0.36649916398908616,low,one of the older pages in the set,1
content_a33b9df1b504,client_4e07408562,0.36649658932468804,low,one of the older pages in the set,0
content_fa8f76718f9b,client_e629fa6598,0.3664841274782393,low,one of the older pages in the set,0
content_148ac7fc14ae,client_e629fa6598,0.3664841274782393,low,one of the older pages in the set,0
content_0959e30583cd,client_e629fa6598,0.3664841274782393,low,one of the older pages in the set,0
content_6589c04b58ce,client_e629fa6598,0.36648265608459357,low,one of the older pages in the set,1
content_9d86f68b3295,client_e629fa6598,0.36648239302884494,low,one of the older pages in the set,0
content_06781cbfbf9d,client_e629fa6598,0.3663843868974919,low,one of the older pages in the set,1
content_f56c48a71b00,client_e629fa6598,0.36635660251616,low,one of the older pages in the set,0
content_52addb6f02cc,client_e629fa6598,0.366280952667851,low,one of the older pages in the set,0
content_90facfd9585c,client_e629fa6598,0.3662125874901196,low,one of the older pages in the set,0
content_486ea85278bd,client_4e07408562,0.3661546435508085,low,one of the older pages in the set,0
content_3488f80b0d20,client_e629fa6598,0.3661137337726091,low,one of the older pages in the set,0
content_524f1ad5eb79,client_e629fa6598,0.3660153872016091,low,one of the older pages in the set,1
content_602b15fbc2df,client_e629fa6598,0.36586930786326805,low,one of the older pages in the set,1
content_3bac7b908a99,client_e629fa6598,0.3658270680888997,low,one of the older pages in the set,1
content_2611b07ac9ad,client_4e07408562,0.36582684175777874,low,one of the older pages in the set,0
content_19415130d5ee,client_e629fa6598,0.3657718534283479,low,one of the older pages in the set,1
content_5d01e2a93be7,client_e629fa6598,0.3657688486275796,low,one of the older pages in the set,1
content_db222ee144e9,client_e629fa6598,0.3657428644346579,low,one of the older pages in the set,1
content_21fd653fa525,client_e629fa6598,0.3657357965087817,low,one of the older pages in the set,0
content_baccc0e2c6d7,client_e629fa6598,0.36551345210676844,low,one of the older pages in the set,0
content_6cac3cdb43ec,client_e629fa6598,0.36525533926407383,low,one of the older pages in the set,0
content_284df888e0cb,client_e629fa6598,0.3652523362628201,low,one of the older pages in the set,1
content_1c78cae469ad,client_e629fa6598,0.36519843229755367,low,one of the older pages in the set,1
content_20a46ffa0f35,client_e629fa6598,0.36518026737794684,low,one of the older pages in the set,1
content_985b860f80fa,client_e629fa6598,0.36515747930151904,low,one of the older pages in the set,0
content_f3681e435c36,client_e629fa6598,0.36504515450243624,low,one of the older pages in the set,1
content_7a7a2b707f3f,client_e629fa6598,0.3650444242968676,low,one of the older pages in the set,0
content_60c3cb54ea34,client_e629fa6598,0.36503047876021,low,one of the older pages in the set,0
content_cf11e5bef79f,client_e629fa6598,0.3648996531991503,low,one of the older pages in the set,0
content_89db08be16ee,client_e629fa6598,0.3648711980483394,low,one of the older pages in the set,0
content_33adbae8f837,client_4e07408562,0.36486522837347046,low,one of the older pages in the set,0
content_49e32ff84f57,client_e629fa6598,0.3648464879943826,low,one of the older pages in the set,0
content_8234f295edb1,client_e629fa6598,0.3647029537159914,low,one of the older pages in the set,0
content_2728587addea,client_e629fa6598,0.3646311826422152,low,one of the older pages in the set,0
content_5d69d55ace24,client_4e07408562,0.36460462052566944,low,one of the older pages in the set,1
content_60aec4203852,client_e629fa6598,0.36445406839086075,low,one of the older pages in the set,1
content_4b9726e167a8,client_e629fa6598,0.3644139004783424,low,one of the older pages in the set,1
content_a72c3d511056,client_4e07408562,0.36440891883024074,low,one of the older pages in the set,1
content_5c442c2f3977,client_e629fa6598,0.36440178461272027,low,one of the older pages in the set,0
content_24a63ec7c93b,client_4e07408562,0.3643912213783473,low,one of the older pages in the set,0
content_be6ea65f059d,client_e629fa6598,0.364374669372899,low,one of the older pages in the set,0
content_087ef0b1b2ef,client_e629fa6598,0.3643675659460944,low,one of the older pages in the set,0
content_d2b6732247d1,client_e629fa6598,0.3643426151116479,low,one of the older pages in the set,0
content_299b38cf1a16,client_e629fa6598,0.3642410806669138,low,one of the older pages in the set,0
content_5c97197b4049,client_4e07408562,0.3640872440398341,low,one of the older pages in the set,1
content_b567edd38e17,client_4e07408562,0.36390600485225055,low,one of the older pages in the set,1
content_e6dff2507e2c,client_e629fa6598,0.36385428243871665,low,one of the older pages in the set,0
content_e6f538d3b098,client_e629fa6598,0.3638147310820799,low,one of the older pages in the set,1
content_a27da8fc2b21,client_e629fa6598,0.36379391757571566,low,one of the older pages in the set,0
content_ac0c3399dc03,client_e629fa6598,0.36374838238171636,low,one of the older pages in the set,1
content_54289eb1f9e1,client_e629fa6598,0.3636722613521965,low,one of the older pages in the set,0
content_e3dff173ea81,client_e629fa6598,0.3636556609811015,low,one of the older pages in the set,0
content_8a1fbaf0f871,client_4e07408562,0.3636044851816275,low,one of the older pages in the set,1
content_2411a982f427,client_e629fa6598,0.3635849469601876,low,one of the older pages in the set,1
content_ebd69ed4d6b6,client_e629fa6598,0.36355054856971647,low,one of the older pages in the set,1
content_ed77f6eb13ea,client_e629fa6598,0.3634666362169916,low,one of the older pages in the set,0
content_727fd10b04fc,client_e629fa6598,0.3634001434815839,low,one of the older pages in the set,1
content_64fdf67a3b9e,client_e629fa6598,0.3633326766881412,low,one of the older pages in the set,0
content_902156d012c4,client_e629fa6598,0.3630344558392213,low,one of the older pages in the set,0
content_d191038eb3da,client_4e07408562,0.3629696470777108,low,one of the older pages in the set,1
content_1ce4fc771953,client_e629fa6598,0.3629619179135993,low,one of the older pages in the set,1
content_f94f6a2b8453,client_e629fa6598,0.3629092821151179,low,one of the older pages in the set,0
content_e102455367e5,client_e629fa6598,0.3627492160841836,low,one of the older pages in the set,0
content_f8087e7dab5d,client_e629fa6598,0.36271495082336236,low,one of the older pages in the set,1
content_0727aa524195,client_e629fa6598,0.3626850108019966,low,one of the older pages in the set,0
content_0ec1d72a3487,client_e629fa6598,0.36265732298495795,low,one of the older pages in the set,0
content_d987db4e38fe,client_e629fa6598,0.3625337551409176,low,one of the older pages in the set,1
content_48934c596035,client_e629fa6598,0.36235869095870604,low,one of the older pages in the set,0
content_e04bb57b670a,client_e629fa6598,0.3623571624788949,low,one of the older pages in the set,1
content_d05bd6c7105c,client_e629fa6598,0.36235117693768915,low,one of the older pages in the set,1
content_0a916bb9bf5b,client_e629fa6598,0.36232424253053686,low,one of the older pages in the set,1
content_98b1180ab96b,client_e629fa6598,0.3623122719604156,low,one of the older pages in the set,1
content_eb0b71e5d272,client_e629fa6598,0.36228234628233774,low,one of the older pages in the set,0
content_b7457edaee9e,client_e629fa6598,0.36228234628233774,low,one of the older pages in the set,0
content_c47c5ca7b9e0,client_e629fa6598,0.36227636127483026,low,one of the older pages in the set,0
content_293f28898512,client_e629fa6598,0.3622552429866646,low,one of the older pages in the set,1
content_927d200657e9,client_e629fa6598,0.36223976460056084,low,one of the older pages in the set,0
content_01de991d8888,client_e629fa6598,0.3621838410308902,low,one of the older pages in the set,1
content_e6147cc5d806,client_e629fa6598,0.3620941533872276,low,one of the older pages in the set,1
content_3c973169346e,client_e629fa6598,0.3620800015044237,low,one of the older pages in the set,0
content_bc3c2360d9fc,client_e629fa6598,0.36207418597028856,low,one of the older pages in the set,0
content_1cea97c28cd6,client_4e07408562,0.36196820479201886,low,one of the older pages in the set,1
content_b44e333111a0,client_4e07408562,0.361951929623306,low,one of the older pages in the set,0
content_b2beaf2fc81c,client_e629fa6598,0.36187891728080446,low,one of the older pages in the set,1
content_ccc7c67a69ba,client_e629fa6598,0.36185302407506553,low,one of the older pages in the set,0
content_02e419fad013,client_e629fa6598,0.3616568209172569,low,one of the older pages in the set,0
content_4d0c876fd1af,client_4e07408562,0.3615683018960179,low,one of the older pages in the set,1
content_4b6eb848b1e9,client_e629fa6598,0.3615675977522875,low,one of the older pages in the set,1
content_4de8c62603bf,client_e629fa6598,0.3615347088646652,low,one of the older pages in the set,1
content_ab63f35e0525,client_e629fa6598,0.3615347088646652,low,one of the older pages in the set,1
content_e507a61d0a59,client_e629fa6598,0.36150035847002354,low,one of the older pages in the set,0
content_47a0b1d6fe94,client_e629fa6598,0.36146917668627015,low,one of the older pages in the set,0
content_d322e73f8de0,client_e629fa6598,0.36133869119359113,low,one of the older pages in the set,0
content_3792eaf3d449,client_e629fa6598,0.3613297238330689,low,one of the older pages in the set,0
content_848764ee3414,client_e629fa6598,0.3613021960454942,low,one of the older pages in the set,1
content_48f973ba9139,client_e629fa6598,0.36110215584897287,low,one of the older pages in the set,0
content_57ca8070379d,client_e629fa6598,0.3608926909735239,low,one of the older pages in the set,0
content_584546729bcb,client_e629fa6598,0.3608409778891448,low,one of the older pages in the set,1
content_b9c9ff5fb9ee,client_e629fa6598,0.3608146262652357,low,one of the older pages in the set,0
content_87c6292356c5,client_e629fa6598,0.36081163902038127,low,one of the older pages in the set,1
content_5d961699903f,client_e629fa6598,0.36069530177015513,low,one of the older pages in the set,0
content_99c03a69af85,client_4e07408562,0.36069318393415706,low,one of the older pages in the set,0
content_e36c8972e97a,client_e629fa6598,0.3606902281777206,low,one of the older pages in the set,0
content_56846ce78c82,client_4e07408562,0.3605800954622018,low,hasn't been refreshed in a while,1
content_3be13cd9cb0c,client_4e07408562,0.3605789125184614,low,one of the older pages in the set,1
content_435e78c804ad,client_e629fa6598,0.36032100531306643,low,one of the older pages in the set,1
content_076e8dccff24,client_e629fa6598,0.35966558633010814,low,one of the older pages in the set,1
content_9524a5115a30,client_e629fa6598,0.35959697286790043,low,one of the older pages in the set,1
content_a66ce68fad6c,client_4e07408562,0.3593027203255816,low,one of the older pages in the set,0
content_da559143a20a,client_e629fa6598,0.35919742315615255,low,one of the older pages in the set,0
content_382ab3b384e4,client_e629fa6598,0.3588393249391261,low,one of the older pages in the set,0
content_4afa8f4c4754,client_e629fa6598,0.35877001778690404,low,one of the older pages in the set,1
content_c268b1716236,client_e629fa6598,0.35867108152089416,low,one of the older pages in the set,1
content_c5c1e3c0d9c2,client_e629fa6598,0.3585424862316526,low,one of the older pages in the set,0
content_30facd2143b7,client_e629fa6598,0.3585072731060894,low,one of the older pages in the set,1
content_0ae4960b2e20,client_e629fa6598,0.3583478243100172,low,one of the older pages in the set,1
content_ec3af21db8a5,client_e629fa6598,0.35833309799626867,low,one of the older pages in the set,1
content_80c239f9ecc8,client_e629fa6598,0.35807133401076935,low,one of the older pages in the set,1
content_19e8e0ca29e9,client_e629fa6598,0.35796774175887286,low,one of the older pages in the set,1
content_86185661ae1f,client_e629fa6598,0.35789036972245925,low,one of the older pages in the set,0
content_789d2f844a74,client_e629fa6598,0.35788740640137773,low,one of the older pages in the set,1
content_607f0f3bceae,client_e629fa6598,0.3578128312341324,low,one of the older pages in the set,0
content_6248c9728c62,client_e629fa6598,0.35684928422703405,low,one of the older pages in the set,1
content_991da9a1aaab,client_4e07408562,0.3568315737365115,low,low prior session volume,1
content_cb946d3f8571,client_e629fa6598,0.35670015360842233,low,one of the older pages in the set,1
content_4c7f58701820,client_4e07408562,0.35668421898081887,low,one of the older pages in the set,0
content_d7ccad3f6bbc,client_4e07408562,0.35661262991545156,low,one of the older pages in the set,0
content_fefb9be71325,client_e629fa6598,0.3564275400970299,low,one of the older pages in the set,1
content_3e33be121c9d,client_e629fa6598,0.355987733857423,low,one of the older pages in the set,1
content_9bf90fb940e2,client_e629fa6598,0.35578807486131775,low,one of the older pages in the set,0
content_8e315039832c,client_e629fa6598,0.3556704042587771,low,one of the older pages in the set,1
content_44313a51f457,client_4e07408562,0.35559599300455136,low,low prior click volume,0
content_8d7af5040d84,client_e629fa6598,0.35551620441584425,low,one of the older pages in the set,0
content_78b101b5baac,client_e629fa6598,0.355297948921608,low,one of the older pages in the set,0
content_b138c0b35a91,client_4e07408562,0.35500336799438176,low,one of the older pages in the set,1
content_7fe7914ad0e0,client_4e07408562,0.354503265379077,low,one of the older pages in the set,1
content_c5160f58ce24,client_e629fa6598,0.35447818187452046,low,one of the older pages in the set,1
content_e888c01e45bb,client_e629fa6598,0.35443919009865427,low,one of the older pages in the set,0
content_41cab735148d,client_e629fa6598,0.3542948627582242,low,one of the older pages in the set,1
content_b0a5c92e100b,client_e629fa6598,0.3541186108372397,low,one of the older pages in the set,1
content_dbd64dd95335,client_e629fa6598,0.35406843226502066,low,one of the older pages in the set,0
content_3aabed76ae3a,client_e629fa6598,0.35397743615654503,low,one of the older pages in the set,0
content_ff131dc63405,client_e629fa6598,0.35395554224756826,low,one of the older pages in the set,1
content_1815d425a3a0,client_e629fa6598,0.3538300258546245,low,one of the older pages in the set,1
content_17fcad861ce7,client_e629fa6598,0.3537254079921707,low,one of the older pages in the set,1
content_9c934fa5762a,client_e629fa6598,0.35297121676630094,low,one of the older pages in the set,1
content_293040c73278,client_e629fa6598,0.3528834802534133,low,one of the older pages in the set,1
content_ed3fa1235079,client_e629fa6598,0.35281864449684697,low,one of the older pages in the set,0
content_e0da57a62e16,client_e629fa6598,0.3521846355561572,low,one of the older pages in the set,1
content_081819fd358d,client_e629fa6598,0.3520669118631021,low,one of the older pages in the set,0
content_9b7af87c2eb0,client_e629fa6598,0.3519200573688992,low,one of the older pages in the set,0
content_0261682edcb0,client_e629fa6598,0.3516659476314029,low,one of the older pages in the set,0
content_a034d3048034,client_e629fa6598,0.3515679037892257,low,one of the older pages in the set,0
content_01618358b525,client_4e07408562,0.351402293039506,low,one of the older pages in the set,0
content_897e2f86b975,client_e629fa6598,0.3513783402405217,low,one of the older pages in the set,1
content_469526eec435,client_e629fa6598,0.35124194354635097,low,one of the older pages in the set,1
content_3864816aa8ee,client_e629fa6598,0.35097228958128757,low,one of the older pages in the set,1
content_78afcf3ee0f4,client_4e07408562,0.3509353219186754,low,targets a highly competitive keyword,0
content_f8acd89eb9ef,client_e629fa6598,0.35086856389828186,low,one of the older pages in the set,1
content_856fcb758ae2,client_e629fa6598,0.3508601140690557,low,one of the older pages in the set,0
content_ac24ae398a75,client_e629fa6598,0.35085867054968556,low,one of the older pages in the set,1
content_2b7a8c568e92,client_e629fa6598,0.35082355159525164,low,one of the older pages in the set,0
content_17d206dcc70b,client_e629fa6598,0.3507884631229965,low,one of the older pages in the set,1
content_3c54e95a9ac8,client_4e07408562,0.350725177452028,low,one of the older pages in the set,0
content_43d1bae544f5,client_e629fa6598,0.3506547643969078,low,one of the older pages in the set,0
content_f8c0a48792e2,client_4e07408562,0.35064062874440044,low,one of the older pages in the set,0
content_106e2d24c1ea,client_e629fa6598,0.3505392800507943,low,one of the older pages in the set,1
content_70d0c93f75ab,client_4e07408562,0.3502651450150068,low,one of the older pages in the set,1
content_9b97cccdaefb,client_e629fa6598,0.3500806857642557,low,one of the older pages in the set,0
content_da1d4b97f7f5,client_e629fa6598,0.35007869234514005,low,one of the older pages in the set,0
content_ccca02d84f2d,client_e629fa6598,0.34999535785485236,low,one of the older pages in the set,0
content_a1d3c702561a,client_e629fa6598,0.3498192808244598,low,one of the older pages in the set,1
content_1a1fcc786521,client_e629fa6598,0.349811700340252,low,one of the older pages in the set,1
content_75274ab02acb,client_e629fa6598,0.34964415906233526,low,one of the older pages in the set,0
content_caff51984338,client_e629fa6598,0.34941864399550104,low,one of the older pages in the set,1
content_a534caf61146,client_e629fa6598,0.3490909992041588,low,one of the older pages in the set,1
content_b91726585c12,client_e629fa6598,0.34898869558523427,low,one of the older pages in the set,0
content_c51ef4a61f24,client_e629fa6598,0.3488967745010764,low,one of the older pages in the set,1
content_2cb5e2e836e6,client_e629fa6598,0.3488026223566136,low,one of the older pages in the set,0
content_4466cd3c0ca5,client_e629fa6598,0.34879601849980296,low,one of the older pages in the set,0
content_2b45109000cf,client_e629fa6598,0.3487695405678395,low,one of the older pages in the set,0
content_365ffb2ca896,client_e629fa6598,0.34876437641824476,low,one of the older pages in the set,0
content_2bb3a85eb290,client_e629fa6598,0.3487467251036436,low,one of the older pages in the set,0
content_431dcffb5ea9,client_e629fa6598,0.3486666570938104,low,one of the older pages in the set,0
content_d6d891125266,client_e629fa6598,0.34858070625643706,low,one of the older pages in the set,1
content_b74d4cbe5100,client_e629fa6598,0.3483114457451025,low,one of the older pages in the set,0
content_4ffdd573fb33,client_e629fa6598,0.3480441066821654,low,one of the older pages in the set,0
content_a4e083d8c665,client_e629fa6598,0.3480117773730623,low,one of the older pages in the set,0
content_3e46637d13e0,client_e629fa6598,0.347963590588158,low,one of the older pages in the set,1
content_a268e1e77380,client_e629fa6598,0.3475212860874635,low,one of the older pages in the set,0
content_b99427238b18,client_4e07408562,0.3473445529462654,low,one of the older pages in the set,1
content_e171a326dae2,client_e629fa6598,0.3468966911578491,low,one of the older pages in the set,0
content_533c015bb83a,client_e629fa6598,0.3466737212004831,low,one of the older pages in the set,0
content_f27bacdc40eb,client_e629fa6598,0.34614692336782615,low,one of the older pages in the set,0
content_934f6353e088,client_e629fa6598,0.3461372667745501,low,one of the older pages in the set,0
content_df6bfdcee746,client_e629fa6598,0.3455115962444047,low,one of the older pages in the set,1
content_441f4abcd61c,client_e629fa6598,0.34539417276186385,low,one of the older pages in the set,0
content_ccd5d403a598,client_e629fa6598,0.3452518549753202,low,one of the older pages in the set,1
content_0feda4547722,client_e629fa6598,0.3452395706979988,low,one of the older pages in the set,1
content_f5c34d912af8,client_4e07408562,0.344950907756025,low,one of the older pages in the set,0
content_07cdfa4c7271,client_e629fa6598,0.3447536811163738,low,one of the older pages in the set,0
content_41e386e2f5f9,client_e629fa6598,0.3446648900844779,low,one of the older pages in the set,1
content_c9f2c81b4687,client_e629fa6598,0.3446640053021327,low,one of the older pages in the set,1
content_eea4d12e179b,client_e629fa6598,0.34463182399592956,low,one of the older pages in the set,1
content_f6c5a5e7023c,client_e629fa6598,0.3446171966004523,low,one of the older pages in the set,0
content_c6f477ab1fd7,client_e629fa6598,0.3446171966004523,low,one of the older pages in the set,0
content_56301f051c6d,client_e629fa6598,0.34461324673336385,low,one of the older pages in the set,0
content_fa6cee5c6d39,client_e629fa6598,0.34459786296901396,low,one of the older pages in the set,1
content_c33897073127,client_e629fa6598,0.34395307722721474,low,one of the older pages in the set,0
content_eeb8f4de4796,client_e629fa6598,0.34389702283361945,low,one of the older pages in the set,1
content_02aea76abbdd,client_e629fa6598,0.34385181881884536,low,one of the older pages in the set,0
content_4dd55e585b26,client_e629fa6598,0.3437320746013631,low,one of the older pages in the set,0
content_1ebadcc705b1,client_4e07408562,0.3430995930373365,low,hasn't been refreshed in a while,0
content_9b934e3e7101,client_4e07408562,0.3428049160254419,low,one of the older pages in the set,0
content_0ec0e60804a1,client_e629fa6598,0.3427787972918671,low,one of the older pages in the set,0
content_b767749a5f38,client_4e07408562,0.3426578702005909,low,one of the older pages in the set,1
content_941f15099b91,client_e629fa6598,0.3425400311495525,low,one of the older pages in the set,0
content_8c36774a9201,client_e629fa6598,0.3408894427222059,low,one of the older pages in the set,0
content_604700f57416,client_e629fa6598,0.34069907174272585,low,one of the older pages in the set,1
content_14506ac672cb,client_e629fa6598,0.3406117927659465,low,one of the older pages in the set,1
content_d03bc74fbc30,client_e629fa6598,0.3405216158471572,low,one of the older pages in the set,0
content_e05f3d9b6945,client_e629fa6598,0.3398763231834901,low,one of the older pages in the set,0
content_cda3fc801f15,client_e629fa6598,0.33987051105699845,low,one of the older pages in the set,0
content_1935a0f59861,client_4e07408562,0.3375122294779288,low,low prior click volume,0
content_3a2d29a46d9b,client_e629fa6598,0.33735632007111704,low,one of the older pages in the set,0
content_e81b02320098,client_4e07408562,0.3362688417545945,low,one of the older pages in the set,0
content_14b2f0944105,client_4e07408562,0.3358853407679821,low,one of the older pages in the set,0
content_40cc2e94403b,client_4e07408562,0.33558295786199027,low,one of the older pages in the set,0
content_5214de409e4f,client_4e07408562,0.3351727979982375,low,one of the older pages in the set,0
content_3df883ce7a31,client_e629fa6598,0.3345597658097171,low,one of the older pages in the set,1
content_a053262db2c0,client_4e07408562,0.3344106142971448,low,one of the older pages in the set,0
content_11900bd7941a,client_4e07408562,0.33165786787448037,low,low prior click volume,0
content_6ef3dcb7be11,client_4e07408562,0.33116859455053305,low,one of the older pages in the set,1
content_9f2b69296b69,client_4e07408562,0.3303189735362339,low,one of the older pages in the set,0
content_d896af65d5b6,client_4e07408562,0.3257850682033095,low,one of the older pages in the set,0
content_fb7fb643eff7,client_4e07408562,0.32569427970466236,low,one of the older pages in the set,1
content_b11fca347f8e,client_4e07408562,0.32389050684995635,low,one of the older pages in the set,0
content_ab943e8575eb,client_e629fa6598,0.3232407141966561,low,one of the older pages in the set,0
content_79c794728c6b,client_4e07408562,0.3122801188430476,low,one of the older pages in the set,0
content_53b1751856e3,client_4e07408562,0.3103606916805822,low,one of the older pages in the set,0
content_f516cec15df8,client_4e07408562,0.30793218123335897,low,one of the older pages in the set,0
content_fca1bf3940c0,client_4e07408562,0.3068350542787987,low,one of the older pages in the set,1
content_2b79e83ac9a0,client_4e07408562,0.30604466363419613,low,one of the older pages in the set,0
content_e04f657e2abd,client_4e07408562,0.3003951503341196,low,one of the older pages in the set,0
content_b3e34e9fe5a7,client_4e07408562,0.29588629677631173,low,one of the older pages in the set,1
content_f896180b75e2,client_e629fa6598,0.2936360811523844,low,one of the older pages in the set,0
content_774ddafaf91f,client_e629fa6598,0.2936360811523844,low,one of the older pages in the set,0
content_1bc6afcea27b,client_e629fa6598,0.29317166011833645,low,one of the older pages in the set,0
content_7de54e2da10a,client_e629fa6598,0.2930186905273567,low,one of the older pages in the set,1
content_0ed6c37ef084,client_e629fa6598,0.29295966213422997,low,one of the older pages in the set,1
content_5010c493958a,client_4e07408562,0.29230781203969197,low,one of the older pages in the set,0
content_dec1969b7db5,client_e629fa6598,0.29174652466157003,low,one of the older pages in the set,1
content_1775b46859ce,client_e629fa6598,0.2916282962976741,low,one of the older pages in the set,0
content_d4c1e7b51c19,client_4e07408562,0.29153070318821145,low,one of the older pages in the set,0
content_5627aa6937b9,client_e629fa6598,0.29142123230956324,low,one of the older pages in the set,1
content_544cc7394fc5,client_4e07408562,0.2907593800413875,low,one of the older pages in the set,1
content_891ded76771b,client_e629fa6598,0.29008201314059423,low,one of the older pages in the set,0
content_7cb70d02699c,client_e629fa6598,0.29005267251849676,low,one of the older pages in the set,1
content_5e7281466c36,client_e629fa6598,0.28986866684181123,low,one of the older pages in the set,0
content_6013eeee696b,client_e629fa6598,0.28986866684181123,low,one of the older pages in the set,0
content_82a7d0b8e89c,client_e629fa6598,0.2892053610889235,low,one of the older pages in the set,0
content_5cef15c4f635,client_e629fa6598,0.2886094362185173,low,one of the older pages in the set,1
content_193dfde4a2d3,client_4e07408562,0.28607658343773223,low,one of the older pages in the set,0
content_a388f562e286,client_4e07408562,0.28572066894680853,low,one of the older pages in the set,0
content_32b39bf12b85,client_4e07408562,0.2855814979499069,low,one of the older pages in the set,0
content_a4e95083ad61,client_4e07408562,0.2854627258037022,low,one of the older pages in the set,1
content_f4c93868660b,client_4e07408562,0.2830032783517396,low,low prior click volume,0
content_4db66d3d418c,client_4e07408562,0.28240878739526,low,one of the older pages in the set,0
content_79fdc2a90e0a,client_4e07408562,0.2820341159631438,low,one of the older pages in the set,0
content_8ff857ae67d0,client_e629fa6598,0.2796090479999556,low,one of the older pages in the set,1
content_4090f0acd977,client_4e07408562,0.27686984734461356,low,low prior click volume,1
content_59e1e5985094,client_4e07408562,0.27669105053721793,low,one of the older pages in the set,0
content_be7835abed78,client_4e07408562,0.2753123990629539,low,navigational intent content,0
content_0409acd934fb,client_4e07408562,0.27338345021397964,low,one of the older pages in the set,0
content_3f7e05acc03b,client_4e07408562,0.27325085859390147,low,one of the older pages in the set,0
content_7a6171f6389c,client_4e07408562,0.2714904571373876,low,one of the older pages in the set,1
content_98e305f0cacc,client_4e07408562,0.27106260079398264,low,one of the older pages in the set,0
content_622373b3957b,client_4e07408562,0.2697503426949733,low,one of the older pages in the set,1
content_78c549f9e428,client_4e07408562,0.26953916605301664,low,one of the older pages in the set,1
content_e28ccaa8e211,client_4e07408562,0.26919378490735085,low,one of the older pages in the set,0
content_6e73a9ee394d,client_4e07408562,0.2691036113406501,low,one of the older pages in the set,1
content_894e06751cee,client_e629fa6598,0.2682532634098717,low,one of the older pages in the set,1
content_476b20d68337,client_e629fa6598,0.2682430934034548,low,one of the older pages in the set,0
content_38fbb36fa36c,client_4e07408562,0.26802849967752557,low,one of the older pages in the set,0
content_1cc4c660d80f,client_4e07408562,0.26793659132090347,low,one of the older pages in the set,0
content_35b6af913d68,client_4e07408562,0.26772534857660196,low,one of the older pages in the set,1
content_ebfc24b941ad,client_e629fa6598,0.2676080861972499,low,one of the older pages in the set,0
content_16cea6dfd98d,client_4e07408562,0.26746520851027544,low,one of the older pages in the set,1
content_bd6486743ec2,client_4e07408562,0.267354699839772,low,one of the older pages in the set,1
content_aa6869ca9d28,client_e629fa6598,0.2671346676251509,low,one of the older pages in the set,0
content_92414e34ded3,client_4e07408562,0.2669740454744327,low,one of the older pages in the set,0
content_9a7bf93d67da,client_4e07408562,0.2669355129851423,low,one of the older pages in the set,1
content_3b4446e9659d,client_e629fa6598,0.2664150626355206,low,one of the older pages in the set,1
content_f0571d121bc4,client_4e07408562,0.26625745460590516,low,one of the older pages in the set,1
content_1e0b605fa2f5,client_4e07408562,0.26540313544987765,low,one of the older pages in the set,0
content_0a95ca5e3efa,client_4e07408562,0.26494589773901056,low,one of the older pages in the set,1
content_3d85651f289d,client_e629fa6598,0.26469200279459687,low,one of the older pages in the set,1
content_0cf10a71b943,client_4e07408562,0.26433291027996175,low,one of the older pages in the set,1
content_c799fa5ef1b8,client_e629fa6598,0.2641026447537257,low,one of the older pages in the set,1
content_426c066da61c,client_e629fa6598,0.26405985133377013,low,one of the older pages in the set,0
content_3a4be4271461,client_e629fa6598,0.2640573342122345,low,one of the older pages in the set,0
content_9e3db0fba3d4,client_e629fa6598,0.2640573342122345,low,one of the older pages in the set,0
content_f6e5afc1ed34,client_e629fa6598,0.2640573342122345,low,one of the older pages in the set,0
content_a580f210e5e6,client_4e07408562,0.26405058013683913,low,one of the older pages in the set,1
content_bcaf29cf76c1,client_4e07408562,0.2636846842869952,low,one of the older pages in the set,1
content_815d19a0553b,client_4e07408562,0.2634787471910733,low,one of the older pages in the set,1
content_14327b4a825b,client_e629fa6598,0.263441235261171,low,one of the older pages in the set,1
content_3c3acade0e2c,client_e629fa6598,0.26342660599426904,low,one of the older pages in the set,1
content_6c3ce93e9680,client_4e07408562,0.26321634602975785,low,one of the older pages in the set,0
content_2c52330077a0,client_4e07408562,0.26285653935751757,low,one of the older pages in the set,0
content_5324c7411a7c,client_4e07408562,0.2628330930732023,low,one of the older pages in the set,0
content_5b91e6eac7e3,client_e629fa6598,0.26282355086629733,low,one of the older pages in the set,1
content_5af418e9358d,client_e629fa6598,0.2625800533707014,low,one of the older pages in the set,0
content_62ef88b54ca8,client_4e07408562,0.2620471108172207,low,one of the older pages in the set,0
content_ec5ed4cd5e41,client_4e07408562,0.26136930654761253,low,one of the older pages in the set,1
content_a5d788111216,client_4e07408562,0.26125749616029376,low,one of the older pages in the set,1
content_778761ba6fc7,client_4e07408562,0.2605563263294207,low,one of the older pages in the set,0
content_cead18006a4d,client_4e07408562,0.2602751255697512,low,one of the older pages in the set,1
content_4ae939e7402c,client_4e07408562,0.2589372954662852,low,one of the older pages in the set,0
content_a4758ce256b5,client_4e07408562,0.2587435791513757,low,one of the older pages in the set,1
content_b2b7178dc27b,client_4e07408562,0.25774511665254657,low,one of the older pages in the set,0
content_9e3816a4198e,client_4e07408562,0.2574854160206735,low,one of the older pages in the set,0
content_955dfe160f51,client_4e07408562,0.25702183001942175,low,one of the older pages in the set,0
content_b7b598d56a50,client_4e07408562,0.25571738082274237,low,one of the older pages in the set,1
content_7385cae61109,client_4e07408562,0.25553364978320364,low,one of the older pages in the set,1
content_971787b181dd,client_4e07408562,0.2554044267369143,low,one of the older pages in the set,0
content_8118ace068f8,client_4e07408562,0.2550893610257888,low,one of the older pages in the set,0
content_f3ca73f0f3f3,client_e629fa6598,0.25371819508429544,low,one of the older pages in the set,1
content_da284c9673e7,client_e629fa6598,0.2536446260936819,low,one of the older pages in the set,1
content_b84c319494b9,client_e629fa6598,0.25291962921583305,low,one of the older pages in the set,0
content_96688198c848,client_e629fa6598,0.25290005026699064,low,one of the older pages in the set,1
content_7064f36b02dc,client_e629fa6598,0.2527542945596144,low,one of the older pages in the set,0
content_58785735f95f,client_4e07408562,0.252518923132556,low,one of the older pages in the set,1
content_19f86b2807b8,client_e629fa6598,0.25229861550823807,low,one of the older pages in the set,1
content_0e5cf35a8fa6,client_4e07408562,0.25223186704782935,low,one of the older pages in the set,1
content_6b49c373fb5e,client_e629fa6598,0.25193008959470314,low,one of the older pages in the set,1
content_1e88332a0ee3,client_e629fa6598,0.25013080920069075,low,one of the older pages in the set,1
content_733d46a38a79,client_e629fa6598,0.2495580173759751,low,one of the older pages in the set,1
content_2841dad7e57a,client_4e07408562,0.24862132952494334,low,one of the older pages in the set,0
content_092f48aa993e,client_e629fa6598,0.24653908251271325,low,one of the older pages in the set,1
content_e4dd35c013da,client_e629fa6598,0.2465246464140031,low,one of the older pages in the set,0
content_007d1f134801,client_4e07408562,0.239123490131664,low,low prior session volume,1
content_c623da9bd614,client_e629fa6598,0.2352877303371667,low,one of the older pages in the set,0
content_c43c5620eeb7,client_e629fa6598,0.23528539979754035,low,one of the older pages in the set,0
content_7c0ade9c9f1d,client_e629fa6598,0.23528539979754035,low,one of the older pages in the set,0
content_80c0d41cdc85,client_e629fa6598,0.23268597481142206,low,one of the older pages in the set,1
content_43fb1d5c60f3,client_e629fa6598,0.23242461905333447,low,one of the older pages in the set,1
content_420c7df3a60e,client_e629fa6598,0.23203919076448312,low,one of the older pages in the set,1
content_37106924f264,client_4e07408562,0.19155470336584565,low,low prior click volume,0
content_8818fd6d967f,client_4e07408562,0.1893410592008222,low,low prior click volume,1
content_bdd7c88a58ed,client_4e07408562,0.1621317639743995,low,low prior click volume,1
content_4a18c07e5357,client_4e07408562,0.125260472158455,low,low prior click volume,1
content_4c36c775b818,client_4e07408562,0.10729027937130581,low,low prior click volume,1
content_3ad3a781fa91,client_4e07408562,0.09393414268722439,low,low prior click volume,0
content_9532f197bbc8,client_4e07408562,0.010045958494140549,low,low prior click volume,1
